subregion,subregion_name,year,native_class,pixel_count,area_ha,spatial_prevalence_pct
190101,Southern Southeast Alaska,1997,Defoliation,18500,1665.0,78.606
190101,Southern Southeast Alaska,1997,Mortality,2794,251.46,11.872
190101,Southern Southeast Alaska,1997,Topkill,2241,201.69,9.522
190101,Southern Southeast Alaska,1998,Defoliation,24678,2221.02,84.214
190101,Southern Southeast Alaska,1998,Mortality,4333,389.97,14.786
190101,Southern Southeast Alaska,1998,Topkill,183,16.47,0.624
190101,Southern Southeast Alaska,1998,Main stem Broken or Uprooted,110,9.9,0.375
190101,Southern Southeast Alaska,1999,Defoliation,6972,627.48,65.668
190101,Southern Southeast Alaska,1999,Mortality,2665,239.85,25.101
190101,Southern Southeast Alaska,1999,Main stem Broken or Uprooted,586,52.74,5.519
190101,Southern Southeast Alaska,1999,Topkill,394,35.46,3.711
190101,Southern Southeast Alaska,2000,Defoliation,17330,1559.7,90.9
190101,Southern Southeast Alaska,2000,Mortality,1465,131.85,7.684
190101,Southern Southeast Alaska,2000,Main stem Broken or Uprooted,270,24.3,1.416
190101,Southern Southeast Alaska,2001,Defoliation,9629,866.61,62.984
190101,Southern Southeast Alaska,2001,Mortality,5308,477.72,34.72
190101,Southern Southeast Alaska,2001,Crown Discoloration,295,26.55,1.93
190101,Southern Southeast Alaska,2001,Topkill,56,5.04,0.366
190101,Southern Southeast Alaska,2002,Defoliation,8615,775.35,53.357
190101,Southern Southeast Alaska,2002,Mortality,7373,663.57,45.665
190101,Southern Southeast Alaska,2002,Main stem Broken or Uprooted,84,7.56,0.52
190101,Southern Southeast Alaska,2002,Topkill,74,6.66,0.458
190101,Southern Southeast Alaska,2003,Defoliation,44283,3985.47,75.477
190101,Southern Southeast Alaska,2003,Mortality,11710,1053.9,19.959
190101,Southern Southeast Alaska,2003,Main stem Broken or Uprooted,2298,206.82,3.917
190101,Southern Southeast Alaska,2003,Topkill,380,34.2,0.648
190101,Southern Southeast Alaska,2004,Mortality,20160,1814.4,49.344
190101,Southern Southeast Alaska,2004,Defoliation,19840,1785.6,48.561
190101,Southern Southeast Alaska,2004,Main stem Broken or Uprooted,759,68.31,1.858
190101,Southern Southeast Alaska,2004,Topkill,97,8.73,0.237
190101,Southern Southeast Alaska,2005,Mortality,54453,4900.77,65.439
190101,Southern Southeast Alaska,2005,Defoliation,27346,2461.14,32.863
190101,Southern Southeast Alaska,2005,Main stem Broken or Uprooted,1352,121.68,1.625
190101,Southern Southeast Alaska,2005,Crown Dieback,61,5.49,0.073
190101,Southern Southeast Alaska,2006,Mortality,29381,2644.29,57.791
190101,Southern Southeast Alaska,2006,Defoliation,20469,1842.21,40.262
190101,Southern Southeast Alaska,2006,Main stem Broken or Uprooted,990,89.1,1.947
190101,Southern Southeast Alaska,2007,Mortality,40107,3609.63,90.966
190101,Southern Southeast Alaska,2007,Defoliation,3259,293.31,7.392
190101,Southern Southeast Alaska,2007,Main stem Broken or Uprooted,724,65.16,1.642
190101,Southern Southeast Alaska,2008,Mortality,6680,601.2,97.476
190101,Southern Southeast Alaska,2008,Main stem Broken or Uprooted,173,15.57,2.524
190101,Southern Southeast Alaska,2009,Mortality,23934,2154.06,69.515
190101,Southern Southeast Alaska,2009,Defoliation,9385,844.65,27.258
190101,Southern Southeast Alaska,2009,Main stem Broken or Uprooted,1111,99.99,3.227
190101,Southern Southeast Alaska,2010,Mortality,53988,4858.92,72.374
190101,Southern Southeast Alaska,2010,Defoliation,19159,1724.31,25.684
190101,Southern Southeast Alaska,2010,Crown Dieback,863,77.67,1.157
190101,Southern Southeast Alaska,2010,Main stem Broken or Uprooted,586,52.74,0.786
190101,Southern Southeast Alaska,2011,Mortality,79687,7171.83,81.886
190101,Southern Southeast Alaska,2011,Main stem Broken or Uprooted,11421,1027.89,11.736
190101,Southern Southeast Alaska,2011,Defoliation,6207,558.63,6.378
190101,Southern Southeast Alaska,2012,Mortality,36355,3271.95,73.381
190101,Southern Southeast Alaska,2012,Defoliation,7316,658.44,14.767
190101,Southern Southeast Alaska,2012,Topkill,6251,562.59,12.617
190101,Southern Southeast Alaska,2013,Defoliation,31898,2870.82,51.371
190101,Southern Southeast Alaska,2013,Mortality,29913,2692.17,48.174
190101,Southern Southeast Alaska,2013,Main stem Broken or Uprooted,1688,151.92,2.718
190101,Southern Southeast Alaska,2013,Topkill,344,30.96,0.554
190101,Southern Southeast Alaska,2014,Mortality,31495,2834.55,58.789
190101,Southern Southeast Alaska,2014,Defoliation,21532,1937.88,40.192
190101,Southern Southeast Alaska,2014,Main stem Broken or Uprooted,562,50.58,1.049
190101,Southern Southeast Alaska,2014,Crown Dieback,36,3.24,0.067
190101,Southern Southeast Alaska,2014,Topkill,33,2.97,0.062
190101,Southern Southeast Alaska,2015,Mortality,135575,12201.75,84.208
190101,Southern Southeast Alaska,2015,Defoliation,22561,2030.49,14.013
190101,Southern Southeast Alaska,2015,Main stem Broken or Uprooted,3187,286.83,1.98
190101,Southern Southeast Alaska,2015,Crown Dieback,1246,112.14,0.774
190101,Southern Southeast Alaska,2016,Mortality,69084,6217.56,84.964
190101,Southern Southeast Alaska,2016,Defoliation 50-75% of leaves defoliated,10066,905.94,12.38
190101,Southern Southeast Alaska,2016,Crown Discoloration,1512,136.08,1.86
190101,Southern Southeast Alaska,2016,Defoliation > 75% of leaves defoliated,634,57.06,0.78
190101,Southern Southeast Alaska,2016,Crown Dieback,14,1.26,0.017
190101,Southern Southeast Alaska,2017,Mortality,85844,7725.96,96.912
190101,Southern Southeast Alaska,2017,Defoliation > 75% of leaves defoliated,1774,159.66,2.003
190101,Southern Southeast Alaska,2017,Crown Dieback,492,44.28,0.555
190101,Southern Southeast Alaska,2017,Defoliation 50-75% of leaves defoliated,469,42.21,0.529
190101,Southern Southeast Alaska,2018,Defoliation 50-75% of leaves defoliated,33386,3004.74,47.215
190101,Southern Southeast Alaska,2018,Mortality,27358,2462.22,38.69
190101,Southern Southeast Alaska,2018,Defoliation > 75% of leaves defoliated,9491,854.19,13.422
190101,Southern Southeast Alaska,2018,Crown Discoloration,677,60.93,0.957
190101,Southern Southeast Alaska,2018,Defoliation < 50% of leaves defoliated,113,10.17,0.16
190101,Southern Southeast Alaska,2018,Crown Dieback,11,0.99,0.016
190101,Southern Southeast Alaska,2019,Defoliation > 75% of leaves defoliated,223484,20113.56,68.881
190101,Southern Southeast Alaska,2019,Defoliation 50-75% of leaves defoliated,57828,5204.52,17.823
190101,Southern Southeast Alaska,2019,Mortality,46178,4156.02,14.233
190101,Southern Southeast Alaska,2019,Crown Discoloration,711,63.99,0.219
190101,Southern Southeast Alaska,2019,Topkill,156,14.04,0.048
190101,Southern Southeast Alaska,2020,Mortality,365424,32888.16,74.761
190101,Southern Southeast Alaska,2020,Defoliation 50-75% of leaves defoliated,314863,28337.67,64.417
190101,Southern Southeast Alaska,2020,Defoliation > 75% of leaves defoliated,56056,5045.04,11.468
190101,Southern Southeast Alaska,2020,Mortality - Previously Undocumented,34,3.06,0.007
190101,Southern Southeast Alaska,2021,Defoliation 50-75% of leaves defoliated,141372,12723.48,71.147
190101,Southern Southeast Alaska,2021,Topkill,48640,4377.6,24.479
190101,Southern Southeast Alaska,2021,Mortality,34366,3092.94,17.295
190101,Southern Southeast Alaska,2021,Defoliation > 75% of leaves defoliated,23460,2111.4,11.807
190101,Southern Southeast Alaska,2021,Branch flagging,94,8.46,0.047
190101,Southern Southeast Alaska,2022,Defoliation 50-75% of leaves defoliated,581557,52340.13,68.983
190101,Southern Southeast Alaska,2022,Defoliation > 75% of leaves defoliated,153177,13785.93,18.169
190101,Southern Southeast Alaska,2022,Mortality - Previously Undocumented,50846,4576.14,6.031
190101,Southern Southeast Alaska,2022,Defoliation < 50% of leaves defoliated,37879,3409.11,4.493
190101,Southern Southeast Alaska,2022,Mortality,23396,2105.64,2.775
190101,Southern Southeast Alaska,2022,Branch flagging,1093,98.37,0.13
190101,Southern Southeast Alaska,2023,Mortality,17956,1616.04,63.469
190101,Southern Southeast Alaska,2023,Mortality - Previously Undocumented,5787,520.83,20.455
190101,Southern Southeast Alaska,2023,Defoliation < 50% of leaves defoliated,2948,265.32,10.42
190101,Southern Southeast Alaska,2023,Defoliation 50-75% of leaves defoliated,1589,143.01,5.617
190101,Southern Southeast Alaska,2023,Branch flagging,44,3.96,0.156
190101,Southern Southeast Alaska,2024,Mortality - Previously Undocumented,35516,3196.44,43.55
190101,Southern Southeast Alaska,2024,Mortality,32943,2964.87,40.395
190101,Southern Southeast Alaska,2024,Defoliation < 50% of leaves defoliated,6442,579.78,7.899
190101,Southern Southeast Alaska,2024,Defoliation > 75% of leaves defoliated,3143,282.87,3.854
190101,Southern Southeast Alaska,2024,Defoliation 50-75% of leaves defoliated,2459,221.31,3.015
190101,Southern Southeast Alaska,2024,Branch flagging,1142,102.78,1.4
190101,Southern Southeast Alaska,2024,Crown Discoloration,32,2.88,0.039
190101,Southern Southeast Alaska,2025,Mortality,10746,967.14,53.251
190101,Southern Southeast Alaska,2025,Mortality - Previously Undocumented,8580,772.2,42.517
190101,Southern Southeast Alaska,2025,Defoliation 50-75% of leaves defoliated,620,55.8,3.072
190101,Southern Southeast Alaska,2025,Branch flagging,311,27.99,1.541
190101,Southern Southeast Alaska,2025,Defoliation > 75% of leaves defoliated,41,3.69,0.203
190101,Southern Southeast Alaska,2025,Crown Discoloration,23,2.07,0.114
190102,Central Southeast Alaska,1997,Defoliation,19143,1722.87,61.438
190102,Central Southeast Alaska,1997,Mortality,5882,529.38,18.878
190102,Central Southeast Alaska,1997,Main stem Broken or Uprooted,3274,294.66,10.508
190102,Central Southeast Alaska,1997,Topkill,2859,257.31,9.176
190102,Central Southeast Alaska,1998,Defoliation,156693,14102.37,99.569
190102,Central Southeast Alaska,1998,Mortality,483,43.47,0.307
190102,Central Southeast Alaska,1998,Main stem Broken or Uprooted,149,13.41,0.095
190102,Central Southeast Alaska,1998,Topkill,46,4.14,0.029
190102,Central Southeast Alaska,1999,Defoliation,14845,1336.05,85.626
190102,Central Southeast Alaska,1999,Topkill,1100,99.0,6.345
190102,Central Southeast Alaska,1999,Main stem Broken or Uprooted,830,74.7,4.787
190102,Central Southeast Alaska,1999,Mortality,562,50.58,3.242
190102,Central Southeast Alaska,2000,Defoliation,81287,7315.83,87.633
190102,Central Southeast Alaska,2000,Crown Discoloration,9604,864.36,10.354
190102,Central Southeast Alaska,2000,Main stem Broken or Uprooted,1007,90.63,1.086
190102,Central Southeast Alaska,2000,Mortality,860,77.4,0.927
190102,Central Southeast Alaska,2001,Defoliation,49576,4461.84,92.0
190102,Central Southeast Alaska,2001,Mortality,3928,353.52,7.289
190102,Central Southeast Alaska,2001,Main stem Broken or Uprooted,256,23.04,0.475
190102,Central Southeast Alaska,2001,Topkill,127,11.43,0.236
190102,Central Southeast Alaska,2002,Mortality,9089,818.01,59.938
190102,Central Southeast Alaska,2002,Defoliation,4720,424.8,31.126
190102,Central Southeast Alaska,2002,Main stem Broken or Uprooted,920,82.8,6.067
190102,Central Southeast Alaska,2002,Topkill,435,39.15,2.869
190102,Central Southeast Alaska,2003,Defoliation,33760,3038.4,49.475
190102,Central Southeast Alaska,2003,Mortality,30237,2721.33,44.312
190102,Central Southeast Alaska,2003,Main stem Broken or Uprooted,4240,381.6,6.214
190102,Central Southeast Alaska,2004,Mortality,43409,3906.81,62.202
190102,Central Southeast Alaska,2004,Defoliation,19456,1751.04,27.879
190102,Central Southeast Alaska,2004,Topkill,4850,436.5,6.95
190102,Central Southeast Alaska,2004,Main stem Broken or Uprooted,2072,186.48,2.969
190102,Central Southeast Alaska,2005,Mortality,99760,8978.4,81.703
190102,Central Southeast Alaska,2005,Defoliation,18349,1651.41,15.028
190102,Central Southeast Alaska,2005,Main stem Broken or Uprooted,3992,359.28,3.269
190102,Central Southeast Alaska,2006,Mortality,118681,10681.29,85.113
190102,Central Southeast Alaska,2006,Defoliation,16064,1445.76,11.52
190102,Central Southeast Alaska,2006,Main stem Broken or Uprooted,4695,422.55,3.367
190102,Central Southeast Alaska,2007,Mortality,92269,8304.21,82.138
190102,Central Southeast Alaska,2007,Defoliation,17141,1542.69,15.259
190102,Central Southeast Alaska,2007,Main stem Broken or Uprooted,2924,263.16,2.603
190102,Central Southeast Alaska,2008,Mortality,47666,4289.94,90.118
190102,Central Southeast Alaska,2008,Defoliation,2812,253.08,5.316
190102,Central Southeast Alaska,2008,Main stem Broken or Uprooted,2255,202.95,4.263
190102,Central Southeast Alaska,2008,Topkill,160,14.4,0.302
190102,Central Southeast Alaska,2009,Mortality,58881,5299.29,80.934
190102,Central Southeast Alaska,2009,Defoliation,13022,1171.98,17.899
190102,Central Southeast Alaska,2009,Main stem Broken or Uprooted,849,76.41,1.167
190102,Central Southeast Alaska,2010,Defoliation,119631,10766.79,55.764
190102,Central Southeast Alaska,2010,Mortality,93183,8386.47,43.435
190102,Central Southeast Alaska,2010,Crown Dieback,927,83.43,0.432
190102,Central Southeast Alaska,2010,Main stem Broken or Uprooted,520,46.8,0.242
190102,Central Southeast Alaska,2010,Crown Discoloration,271,24.39,0.126
190102,Central Southeast Alaska,2011,Defoliation,59204,5328.36,55.231
190102,Central Southeast Alaska,2011,Mortality,41437,3729.33,38.656
190102,Central Southeast Alaska,2011,Main stem Broken or Uprooted,6553,589.77,6.113
190102,Central Southeast Alaska,2012,Mortality,53405,4806.45,58.809
190102,Central Southeast Alaska,2012,Defoliation,33972,3057.48,37.41
190102,Central Southeast Alaska,2012,Main stem Broken or Uprooted,2532,227.88,2.788
190102,Central Southeast Alaska,2012,Topkill,886,79.74,0.976
190102,Central Southeast Alaska,2012,Crown Dieback,16,1.44,0.018
190102,Central Southeast Alaska,2013,Mortality,40826,3674.34,56.161
190102,Central Southeast Alaska,2013,Defoliation,31235,2811.15,42.968
190102,Central Southeast Alaska,2013,Crown Dieback,821,73.89,1.129
190102,Central Southeast Alaska,2013,Main stem Broken or Uprooted,354,31.86,0.487
190102,Central Southeast Alaska,2013,Topkill,89,8.01,0.122
190102,Central Southeast Alaska,2014,Mortality,74329,6689.61,85.066
190102,Central Southeast Alaska,2014,Defoliation,10733,965.97,12.283
190102,Central Southeast Alaska,2014,Topkill,1511,135.99,1.729
190102,Central Southeast Alaska,2014,Main stem Broken or Uprooted,996,89.64,1.14
190102,Central Southeast Alaska,2014,Crown Dieback,279,25.11,0.319
190102,Central Southeast Alaska,2015,Mortality,55487,4993.83,74.34
190102,Central Southeast Alaska,2015,Defoliation,17983,1618.47,24.093
190102,Central Southeast Alaska,2015,Crown Dieback,1640,147.6,2.197
190102,Central Southeast Alaska,2015,Main stem Broken or Uprooted,666,59.94,0.892
190102,Central Southeast Alaska,2016,Mortality,115238,10371.42,65.391
190102,Central Southeast Alaska,2016,Defoliation 50-75% of leaves defoliated,44089,3968.01,25.018
190102,Central Southeast Alaska,2016,Defoliation > 75% of leaves defoliated,15025,1352.25,8.526
190102,Central Southeast Alaska,2016,Defoliation < 50% of leaves defoliated,1827,164.43,1.037
190102,Central Southeast Alaska,2016,Crown Discoloration,49,4.41,0.028
190102,Central Southeast Alaska,2017,Mortality,136799,12311.91,90.065
190102,Central Southeast Alaska,2017,Crown Dieback,11339,1020.51,7.465
190102,Central Southeast Alaska,2017,Defoliation > 75% of leaves defoliated,2293,206.37,1.51
190102,Central Southeast Alaska,2017,Defoliation 50-75% of leaves defoliated,1458,131.22,0.96
190102,Central Southeast Alaska,2018,Defoliation 50-75% of leaves defoliated,136868,12318.12,51.87
190102,Central Southeast Alaska,2018,Mortality,66578,5992.02,25.231
190102,Central Southeast Alaska,2018,Defoliation > 75% of leaves defoliated,59432,5348.88,22.523
190102,Central Southeast Alaska,2018,Crown Discoloration,1324,119.16,0.502
190102,Central Southeast Alaska,2018,Crown Dieback,869,78.21,0.329
190102,Central Southeast Alaska,2018,Branch flagging,236,21.24,0.089
190102,Central Southeast Alaska,2019,Defoliation > 75% of leaves defoliated,1218798,109691.82,88.945
190102,Central Southeast Alaska,2019,Defoliation 50-75% of leaves defoliated,101291,9116.19,7.392
190102,Central Southeast Alaska,2019,Mortality,53106,4779.54,3.876
190102,Central Southeast Alaska,2019,Branch flagging,1245,112.05,0.091
190102,Central Southeast Alaska,2019,Crown Discoloration,343,30.87,0.025
190102,Central Southeast Alaska,2020,Defoliation 50-75% of leaves defoliated,51073,4596.57,54.937
190102,Central Southeast Alaska,2020,Defoliation > 75% of leaves defoliated,39848,3586.32,42.863
190102,Central Southeast Alaska,2020,Mortality,30699,2762.91,33.021
190102,Central Southeast Alaska,2021,Defoliation > 75% of leaves defoliated,1345836,121125.24,64.486
190102,Central Southeast Alaska,2021,Topkill,760547,68449.23,36.442
190102,Central Southeast Alaska,2021,Defoliation 50-75% of leaves defoliated,636008,57240.72,30.475
190102,Central Southeast Alaska,2021,Mortality,107613,9685.17,5.156
190102,Central Southeast Alaska,2021,Branch flagging,185,16.65,0.009
190102,Central Southeast Alaska,2021,Mortality - Previously Undocumented,23,2.07,0.001
190102,Central Southeast Alaska,2022,Defoliation 50-75% of leaves defoliated,1342296,120806.64,66.053
190102,Central Southeast Alaska,2022,Defoliation > 75% of leaves defoliated,502510,45225.9,24.728
190102,Central Southeast Alaska,2022,Mortality - Previously Undocumented,271140,24402.6,13.342
190102,Central Southeast Alaska,2022,Defoliation < 50% of leaves defoliated,73307,6597.63,3.607
190102,Central Southeast Alaska,2022,Mortality,30501,2745.09,1.501
190102,Central Southeast Alaska,2022,Branch flagging,269,24.21,0.013
190102,Central Southeast Alaska,2022,Crown Dieback,33,2.97,0.002
190102,Central Southeast Alaska,2023,Mortality - Previously Undocumented,105141,9462.69,42.995
190102,Central Southeast Alaska,2023,Mortality,73896,6650.64,30.218
190102,Central Southeast Alaska,2023,Defoliation < 50% of leaves defoliated,57915,5212.35,23.683
190102,Central Southeast Alaska,2023,Defoliation 50-75% of leaves defoliated,6005,540.45,2.456
190102,Central Southeast Alaska,2023,Defoliation > 75% of leaves defoliated,1588,142.92,0.649
190102,Central Southeast Alaska,2023,Branch flagging,48,4.32,0.02
190102,Central Southeast Alaska,2023,Other Damage (known),22,1.98,0.009
190102,Central Southeast Alaska,2024,Mortality - Previously Undocumented,61452,5530.68,62.407
190102,Central Southeast Alaska,2024,Mortality,36519,3286.71,37.086
190102,Central Southeast Alaska,2024,Branch flagging,511,45.99,0.519
190102,Central Southeast Alaska,2025,Defoliation 50-75% of leaves defoliated,4058,365.22,63.855
190102,Central Southeast Alaska,2025,Mortality - Previously Undocumented,1473,132.57,23.179
190102,Central Southeast Alaska,2025,Mortality,531,47.79,8.356
190102,Central Southeast Alaska,2025,Defoliation > 75% of leaves defoliated,293,26.37,4.611
190103,Northern Southeast Alaska,1997,Mortality,81122,7300.98,85.588
190103,Northern Southeast Alaska,1997,Crown Discoloration,13269,1194.21,13.999
190103,Northern Southeast Alaska,1997,Defoliation,202,18.18,0.213
190103,Northern Southeast Alaska,1997,Topkill,130,11.7,0.137
190103,Northern Southeast Alaska,1997,Main stem Broken or Uprooted,59,5.31,0.062
190103,Northern Southeast Alaska,1998,Defoliation,33568,3021.12,67.795
190103,Northern Southeast Alaska,1998,Mortality,15836,1425.24,31.983
190103,Northern Southeast Alaska,1998,Topkill,110,9.9,0.222
190103,Northern Southeast Alaska,1999,Mortality,24689,2222.01,74.204
190103,Northern Southeast Alaska,1999,Defoliation,8502,765.18,25.553
190103,Northern Southeast Alaska,1999,Topkill,81,7.29,0.243
190103,Northern Southeast Alaska,2000,Defoliation,102688,9241.92,93.373
190103,Northern Southeast Alaska,2000,Mortality,6403,576.27,5.822
190103,Northern Southeast Alaska,2000,Crown Discoloration,716,64.44,0.651
190103,Northern Southeast Alaska,2000,Main stem Broken or Uprooted,169,15.21,0.154
190103,Northern Southeast Alaska,2001,Defoliation,33636,3027.24,85.01
190103,Northern Southeast Alaska,2001,Mortality,4590,413.1,11.601
190103,Northern Southeast Alaska,2001,Main stem Broken or Uprooted,579,52.11,1.463
190103,Northern Southeast Alaska,2001,Crown Discoloration,388,34.92,0.981
190103,Northern Southeast Alaska,2001,Topkill,374,33.66,0.945
190103,Northern Southeast Alaska,2002,Defoliation,49383,4444.47,90.536
190103,Northern Southeast Alaska,2002,Mortality,2881,259.29,5.282
190103,Northern Southeast Alaska,2002,Main stem Broken or Uprooted,1581,142.29,2.899
190103,Northern Southeast Alaska,2002,Topkill,700,63.0,1.283
190103,Northern Southeast Alaska,2003,Defoliation,8642,777.78,91.722
190103,Northern Southeast Alaska,2003,Mortality,707,63.63,7.504
190103,Northern Southeast Alaska,2003,Main stem Broken or Uprooted,73,6.57,0.775
190103,Northern Southeast Alaska,2004,Defoliation,15334,1380.06,70.553
190103,Northern Southeast Alaska,2004,Topkill,3999,359.91,18.4
190103,Northern Southeast Alaska,2004,Main stem Broken or Uprooted,1312,118.08,6.037
190103,Northern Southeast Alaska,2004,Mortality,1089,98.01,5.011
190103,Northern Southeast Alaska,2005,Mortality,9687,871.83,56.049
190103,Northern Southeast Alaska,2005,Defoliation,7326,659.34,42.388
190103,Northern Southeast Alaska,2005,Main stem Broken or Uprooted,270,24.3,1.562
190103,Northern Southeast Alaska,2006,Mortality,16051,1444.59,60.127
190103,Northern Southeast Alaska,2006,Defoliation,10026,902.34,37.558
190103,Northern Southeast Alaska,2006,Main stem Broken or Uprooted,618,55.62,2.315
190103,Northern Southeast Alaska,2007,Mortality,20150,1813.5,55.298
190103,Northern Southeast Alaska,2007,Defoliation,10565,950.85,28.994
190103,Northern Southeast Alaska,2007,Crown Discoloration,4380,394.2,12.02
190103,Northern Southeast Alaska,2007,Main stem Broken or Uprooted,1344,120.96,3.688
190103,Northern Southeast Alaska,2008,Topkill,18374,1653.66,66.294
190103,Northern Southeast Alaska,2008,Mortality,4906,441.54,17.701
190103,Northern Southeast Alaska,2008,Crown Discoloration,2103,189.27,7.588
190103,Northern Southeast Alaska,2008,Main stem Broken or Uprooted,1309,117.81,4.723
190103,Northern Southeast Alaska,2008,Defoliation,1024,92.16,3.695
190103,Northern Southeast Alaska,2009,Defoliation,7484,673.56,80.473
190103,Northern Southeast Alaska,2009,Mortality,1774,159.66,19.075
190103,Northern Southeast Alaska,2009,Main stem Broken or Uprooted,42,3.78,0.452
190103,Northern Southeast Alaska,2010,Defoliation,56960,5126.4,93.06
190103,Northern Southeast Alaska,2010,Mortality,4178,376.02,6.826
190103,Northern Southeast Alaska,2010,Main stem Broken or Uprooted,70,6.3,0.114
190103,Northern Southeast Alaska,2011,Defoliation,26879,2419.11,82.231
190103,Northern Southeast Alaska,2011,Main stem Broken or Uprooted,5076,456.84,15.529
190103,Northern Southeast Alaska,2011,Mortality,732,65.88,2.239
190103,Northern Southeast Alaska,2012,Main stem Broken or Uprooted,8158,734.22,46.431
190103,Northern Southeast Alaska,2012,Crown Discoloration,5406,486.54,30.768
190103,Northern Southeast Alaska,2012,Defoliation,3461,311.49,19.698
190103,Northern Southeast Alaska,2012,Mortality,511,45.99,2.908
190103,Northern Southeast Alaska,2012,Topkill,34,3.06,0.194
190103,Northern Southeast Alaska,2013,Defoliation,38468,3462.12,41.671
190103,Northern Southeast Alaska,2013,Mortality,32244,2901.96,34.929
190103,Northern Southeast Alaska,2013,Topkill,21276,1914.84,23.047
190103,Northern Southeast Alaska,2013,Crown Dieback,1437,129.33,1.557
190103,Northern Southeast Alaska,2014,Defoliation,28912,2602.08,39.938
190103,Northern Southeast Alaska,2014,Crown Discoloration,18657,1679.13,25.772
190103,Northern Southeast Alaska,2014,Mortality,13739,1236.51,18.979
190103,Northern Southeast Alaska,2014,Crown Dieback,10268,924.12,14.184
190103,Northern Southeast Alaska,2014,Main stem Broken or Uprooted,785,70.65,1.084
190103,Northern Southeast Alaska,2014,Topkill,224,20.16,0.309
190103,Northern Southeast Alaska,2015,Crown Dieback,12544,1128.96,45.952
190103,Northern Southeast Alaska,2015,Mortality,10339,930.51,37.875
190103,Northern Southeast Alaska,2015,Defoliation,4261,383.49,15.609
190103,Northern Southeast Alaska,2015,Main stem Broken or Uprooted,173,15.57,0.634
190103,Northern Southeast Alaska,2016,Crown Discoloration,20135,1812.15,57.558
190103,Northern Southeast Alaska,2016,Defoliation 50-75% of leaves defoliated,6694,602.46,19.136
190103,Northern Southeast Alaska,2016,Defoliation > 75% of leaves defoliated,6014,541.26,17.192
190103,Northern Southeast Alaska,2016,Mortality,2113,190.17,6.04
190103,Northern Southeast Alaska,2016,Defoliation < 50% of leaves defoliated,26,2.34,0.074
190103,Northern Southeast Alaska,2017,Mortality,10405,936.45,65.092
190103,Northern Southeast Alaska,2017,Defoliation 50-75% of leaves defoliated,2965,266.85,18.549
190103,Northern Southeast Alaska,2017,Crown Discoloration,1198,107.82,7.495
190103,Northern Southeast Alaska,2017,Defoliation > 75% of leaves defoliated,1140,102.6,7.132
190103,Northern Southeast Alaska,2017,Defoliation < 50% of leaves defoliated,268,24.12,1.677
190103,Northern Southeast Alaska,2017,Crown Dieback,9,0.81,0.056
190103,Northern Southeast Alaska,2018,Mortality,18770,1689.3,36.901
190103,Northern Southeast Alaska,2018,Crown Discoloration,14205,1278.45,27.926
190103,Northern Southeast Alaska,2018,Defoliation > 75% of leaves defoliated,10222,919.98,20.096
190103,Northern Southeast Alaska,2018,Defoliation 50-75% of leaves defoliated,7486,673.74,14.717
190103,Northern Southeast Alaska,2018,Crown Dieback,95,8.55,0.187
190103,Northern Southeast Alaska,2018,Defoliation < 50% of leaves defoliated,63,5.67,0.124
190103,Northern Southeast Alaska,2018,Branch flagging,25,2.25,0.049
190103,Northern Southeast Alaska,2019,Defoliation > 75% of leaves defoliated,95671,8610.39,61.851
190103,Northern Southeast Alaska,2019,Defoliation 50-75% of leaves defoliated,49453,4450.77,31.971
190103,Northern Southeast Alaska,2019,Mortality,8618,775.62,5.571
190103,Northern Southeast Alaska,2019,Crown Discoloration,844,75.96,0.546
190103,Northern Southeast Alaska,2019,Crown Dieback,95,8.55,0.061
190103,Northern Southeast Alaska,2020,Defoliation > 75% of leaves defoliated,51573,4641.57,48.823
190103,Northern Southeast Alaska,2020,Defoliation 50-75% of leaves defoliated,38176,3435.84,36.141
190103,Northern Southeast Alaska,2020,Mortality,9315,838.35,8.818
190103,Northern Southeast Alaska,2020,Mortality - Previously Undocumented,8264,743.76,7.823
190103,Northern Southeast Alaska,2020,Crown Discoloration,160,14.4,0.151
190103,Northern Southeast Alaska,2021,Defoliation 50-75% of leaves defoliated,149694,13472.46,75.792
190103,Northern Southeast Alaska,2021,Defoliation > 75% of leaves defoliated,42354,3811.86,21.444
190103,Northern Southeast Alaska,2021,Topkill,27867,2508.03,14.109
190103,Northern Southeast Alaska,2021,Mortality,2293,206.37,1.161
190103,Northern Southeast Alaska,2021,Crown Discoloration,1927,173.43,0.976
190103,Northern Southeast Alaska,2021,Mortality - Previously Undocumented,193,17.37,0.098
190103,Northern Southeast Alaska,2021,Branch flagging,42,3.78,0.021
190103,Northern Southeast Alaska,2022,Defoliation 50-75% of leaves defoliated,314485,28303.65,75.95
190103,Northern Southeast Alaska,2022,Defoliation > 75% of leaves defoliated,80929,7283.61,19.545
190103,Northern Southeast Alaska,2022,Defoliation < 50% of leaves defoliated,15403,1386.27,3.72
190103,Northern Southeast Alaska,2022,Mortality - Previously Undocumented,8643,777.87,2.087
190103,Northern Southeast Alaska,2022,Crown Discoloration,1092,98.28,0.264
190103,Northern Southeast Alaska,2022,Branch flagging,209,18.81,0.05
190103,Northern Southeast Alaska,2022,Mortality,181,16.29,0.044
190103,Northern Southeast Alaska,2022,Crown Dieback,151,13.59,0.036
190103,Northern Southeast Alaska,2023,Defoliation < 50% of leaves defoliated,206008,18540.72,84.15
190103,Northern Southeast Alaska,2023,Mortality - Previously Undocumented,22180,1996.2,9.06
190103,Northern Southeast Alaska,2023,Defoliation 50-75% of leaves defoliated,7423,668.07,3.032
190103,Northern Southeast Alaska,2023,Defoliation > 75% of leaves defoliated,4762,428.58,1.945
190103,Northern Southeast Alaska,2023,Mortality,3361,302.49,1.373
190103,Northern Southeast Alaska,2023,Crown Dieback,998,89.82,0.408
190103,Northern Southeast Alaska,2023,Crown Discoloration,272,24.48,0.111
190103,Northern Southeast Alaska,2024,Mortality - Previously Undocumented,1758,158.22,41.239
190103,Northern Southeast Alaska,2024,Crown Discoloration,1227,110.43,28.783
190103,Northern Southeast Alaska,2024,Mortality,1098,98.82,25.757
190103,Northern Southeast Alaska,2024,Defoliation 50-75% of leaves defoliated,126,11.34,2.956
190103,Northern Southeast Alaska,2024,Branch flagging,54,4.86,1.267
190103,Northern Southeast Alaska,2025,Defoliation 50-75% of leaves defoliated,14228,1280.52,40.518
190103,Northern Southeast Alaska,2025,Mortality - Previously Undocumented,12812,1153.08,36.486
190103,Northern Southeast Alaska,2025,Mortality,6238,561.42,17.764
190103,Northern Southeast Alaska,2025,Defoliation < 50% of leaves defoliated,668,60.12,1.902
190103,Northern Southeast Alaska,2025,Defoliation > 75% of leaves defoliated,357,32.13,1.017
190103,Northern Southeast Alaska,2025,Crown Dieback,339,30.51,0.965
190103,Northern Southeast Alaska,2025,Topkill,226,20.34,0.644
190103,Northern Southeast Alaska,2025,Crown Discoloration,208,18.72,0.592
190103,Northern Southeast Alaska,2025,Branch flagging,39,3.51,0.111
190201,Copper River,1997,Mortality,439746,39577.14,93.268
190201,Copper River,1997,Defoliation,31690,2852.1,6.721
190201,Copper River,1997,Crown Discoloration,50,4.5,0.011
190201,Copper River,1998,Mortality,44808,4032.72,97.534
190201,Copper River,1998,Crown Discoloration,1014,91.26,2.207
190201,Copper River,1998,Defoliation,119,10.71,0.259
190201,Copper River,1999,Mortality,375607,33804.63,99.957
190201,Copper River,1999,Defoliation,160,14.4,0.043
190201,Copper River,2000,Mortality,30243,2721.87,80.732
190201,Copper River,2000,Defoliation,7218,649.62,19.268
190201,Copper River,2001,Mortality,89798,8081.82,57.51
190201,Copper River,2001,Defoliation,45020,4051.8,28.833
190201,Copper River,2001,Crown Discoloration,21324,1919.16,13.657
190201,Copper River,2002,Mortality,41684,3751.56,99.88
190201,Copper River,2002,Defoliation,50,4.5,0.12
190201,Copper River,2003,Defoliation,54777,4929.93,71.6
190201,Copper River,2003,Mortality,21671,1950.39,28.327
190201,Copper River,2003,Main stem Broken or Uprooted,56,5.04,0.073
190201,Copper River,2004,Mortality,39053,3514.77,96.532
190201,Copper River,2004,Defoliation,1403,126.27,3.468
190201,Copper River,2005,Defoliation,86336,7770.24,62.757
190201,Copper River,2005,Mortality,46027,4142.43,33.457
190201,Copper River,2005,Crown Discoloration,4025,362.25,2.926
190201,Copper River,2005,Crown Dieback,956,86.04,0.695
190201,Copper River,2005,Main stem Broken or Uprooted,227,20.43,0.165
190201,Copper River,2006,Defoliation,215674,19410.66,94.743
190201,Copper River,2006,Mortality,11815,1063.35,5.19
190201,Copper River,2006,Crown Discoloration,152,13.68,0.067
190201,Copper River,2007,Defoliation,394284,35485.56,85.053
190201,Copper River,2007,Mortality,69288,6235.92,14.947
190201,Copper River,2008,Defoliation,44822,4033.98,69.508
190201,Copper River,2008,Mortality,19355,1741.95,30.015
190201,Copper River,2008,Crown Dieback,194,17.46,0.301
190201,Copper River,2008,Main stem Broken or Uprooted,114,10.26,0.177
190201,Copper River,2009,Defoliation,3414,307.26,77.275
190201,Copper River,2009,Mortality,1004,90.36,22.725
190201,Copper River,2010,Crown Dieback,21336,1920.24,54.758
190201,Copper River,2010,Defoliation,9731,875.79,24.974
190201,Copper River,2010,Mortality,7897,710.73,20.267
190201,Copper River,2011,Crown Dieback,263714,23734.26,65.984
190201,Copper River,2011,Defoliation,244805,22032.45,61.252
190201,Copper River,2011,Mortality,3527,317.43,0.882
190201,Copper River,2011,Crown Discoloration,1184,106.56,0.296
190201,Copper River,2012,Mortality,452,40.68,100.0
190201,Copper River,2013,Mortality,5767,519.03,63.401
190201,Copper River,2013,Crown Dieback,2897,260.73,31.849
190201,Copper River,2013,Crown Discoloration,403,36.27,4.431
190201,Copper River,2013,Defoliation,29,2.61,0.319
190201,Copper River,2014,Defoliation,43756,3938.04,90.98
190201,Copper River,2014,Mortality,3936,354.24,8.184
190201,Copper River,2014,Crown Dieback,402,36.18,0.836
190201,Copper River,2015,Defoliation,130730,11765.7,97.315
190201,Copper River,2015,Crown Dieback,1821,163.89,1.356
190201,Copper River,2015,Mortality,1685,151.65,1.254
190201,Copper River,2015,Main stem Broken or Uprooted,101,9.09,0.075
190201,Copper River,2016,Defoliation 50-75% of leaves defoliated,25693,2312.37,51.081
190201,Copper River,2016,Defoliation > 75% of leaves defoliated,22683,2041.47,45.096
190201,Copper River,2016,Crown Dieback,1212,109.08,2.41
190201,Copper River,2016,Mortality,711,63.99,1.414
190201,Copper River,2017,Defoliation > 75% of leaves defoliated,30667,2760.03,73.177
190201,Copper River,2017,Defoliation 50-75% of leaves defoliated,7046,634.14,16.813
190201,Copper River,2017,Crown Dieback,2942,264.78,7.02
190201,Copper River,2017,Mortality,923,83.07,2.202
190201,Copper River,2017,Branch flagging,330,29.7,0.787
190201,Copper River,2018,Defoliation 50-75% of leaves defoliated,68609,6174.81,97.045
190201,Copper River,2018,Crown Dieback,949,85.41,1.342
190201,Copper River,2018,Mortality,584,52.56,0.826
190201,Copper River,2018,Defoliation > 75% of leaves defoliated,546,49.14,0.772
190201,Copper River,2018,Branch flagging,10,0.9,0.014
190201,Copper River,2019,Defoliation 50-75% of leaves defoliated,23849,2146.41,60.759
190201,Copper River,2019,Defoliation > 75% of leaves defoliated,12752,1147.68,32.488
190201,Copper River,2019,Crown Dieback,2131,191.79,5.429
190201,Copper River,2019,Mortality,261,23.49,0.665
190201,Copper River,2019,Branch flagging,252,22.68,0.642
190201,Copper River,2019,Crown Discoloration,7,0.63,0.018
190201,Copper River,2020,Defoliation 50-75% of leaves defoliated,12788,1150.92,99.178
190201,Copper River,2020,Branch flagging,89,8.01,0.69
190201,Copper River,2020,Mortality,11,0.99,0.085
190201,Copper River,2020,Defoliation > 75% of leaves defoliated,6,0.54,0.047
190201,Copper River,2021,Branch flagging,25,2.25,100.0
190201,Copper River,2022,Mortality - Previously Undocumented,9927,893.43,77.019
190201,Copper River,2022,Crown Dieback,1932,173.88,14.99
190201,Copper River,2022,Mortality,904,81.36,7.014
190201,Copper River,2022,Defoliation 50-75% of leaves defoliated,126,11.34,0.978
190201,Copper River,2023,Crown Discoloration,25776,2319.84,56.035
190201,Copper River,2023,Mortality,19765,1778.85,42.967
190201,Copper River,2023,Mortality - Previously Undocumented,13417,1207.53,29.167
190201,Copper River,2023,Defoliation 50-75% of leaves defoliated,142,12.78,0.309
190201,Copper River,2023,Defoliation > 75% of leaves defoliated,108,9.72,0.235
190201,Copper River,2024,Defoliation 50-75% of leaves defoliated,34641,3117.69,58.633
190201,Copper River,2024,Mortality,11230,1010.7,19.008
190201,Copper River,2024,Defoliation > 75% of leaves defoliated,8373,753.57,14.172
190201,Copper River,2024,Crown Dieback,4754,427.86,8.047
190201,Copper River,2024,Main stem Broken or Uprooted,35,3.15,0.059
190201,Copper River,2024,Crown Discoloration,26,2.34,0.044
190201,Copper River,2024,Branch flagging,22,1.98,0.037
190201,Copper River,2025,Mortality,2804,252.36,88.176
190201,Copper River,2025,Mortality - Previously Undocumented,316,28.44,9.937
190201,Copper River,2025,Defoliation 50-75% of leaves defoliated,52,4.68,1.635
190201,Copper River,2025,Branch flagging,30,2.7,0.943
190201,Copper River,2025,Other Damage (known),30,2.7,0.943
190202,Prince William Sound,1997,Defoliation,78031,7022.79,95.577
190202,Prince William Sound,1997,Mortality,3167,285.03,3.879
190202,Prince William Sound,1997,Main stem Broken or Uprooted,444,39.96,0.544
190202,Prince William Sound,1998,Mortality,943,84.87,62.951
190202,Prince William Sound,1998,Defoliation,555,49.95,37.049
190202,Prince William Sound,1999,Mortality,2364,212.76,90.057
190202,Prince William Sound,1999,Defoliation,261,23.49,9.943
190202,Prince William Sound,2001,Defoliation,56752,5107.68,98.931
190202,Prince William Sound,2001,Mortality,613,55.17,1.069
190202,Prince William Sound,2002,Defoliation,13574,1221.66,99.978
190202,Prince William Sound,2002,Mortality,3,0.27,0.022
190202,Prince William Sound,2003,Defoliation,6004,540.36,99.668
190202,Prince William Sound,2003,Main stem Broken or Uprooted,20,1.8,0.332
190202,Prince William Sound,2004,Mortality,938,84.42,66.714
190202,Prince William Sound,2004,Defoliation,468,42.12,33.286
190202,Prince William Sound,2005,Defoliation,37551,3379.59,95.186
190202,Prince William Sound,2005,Mortality,1899,170.91,4.814
190202,Prince William Sound,2006,Defoliation,2358,212.22,55.824
190202,Prince William Sound,2006,Mortality,1866,167.94,44.176
190202,Prince William Sound,2007,Defoliation,33527,3017.43,96.464
190202,Prince William Sound,2007,Mortality,1229,110.61,3.536
190202,Prince William Sound,2008,Defoliation,8893,800.37,92.829
190202,Prince William Sound,2008,Mortality,641,57.69,6.691
190202,Prince William Sound,2008,Main stem Broken or Uprooted,46,4.14,0.48
190202,Prince William Sound,2009,Defoliation,2898,260.82,76.143
190202,Prince William Sound,2009,Crown Dieback,908,81.72,23.857
190202,Prince William Sound,2010,Mortality,282,25.38,58.385
190202,Prince William Sound,2010,Crown Dieback,201,18.09,41.615
190202,Prince William Sound,2011,Mortality,31958,2876.22,56.011
190202,Prince William Sound,2011,Crown Dieback,13407,1206.63,23.498
190202,Prince William Sound,2011,Defoliation,11692,1052.28,20.492
190202,Prince William Sound,2012,Defoliation,15722,1414.98,99.343
190202,Prince William Sound,2012,Mortality,73,6.57,0.461
190202,Prince William Sound,2012,Crown Dieback,31,2.79,0.196
190202,Prince William Sound,2013,Defoliation,1952,175.68,92.997
190202,Prince William Sound,2013,Crown Dieback,127,11.43,6.051
190202,Prince William Sound,2013,Mortality,20,1.8,0.953
190202,Prince William Sound,2014,Crown Dieback,6078,547.02,94.043
190202,Prince William Sound,2014,Mortality,344,30.96,5.323
190202,Prince William Sound,2014,Defoliation,41,3.69,0.634
190202,Prince William Sound,2015,Defoliation,4273,384.57,83.132
190202,Prince William Sound,2015,Mortality,686,61.74,13.346
190202,Prince William Sound,2015,Crown Dieback,181,16.29,3.521
190202,Prince William Sound,2016,Defoliation 50-75% of leaves defoliated,4554,409.86,67.198
190202,Prince William Sound,2016,Mortality,1471,132.39,21.706
190202,Prince William Sound,2016,Crown Dieback,549,49.41,8.101
190202,Prince William Sound,2016,Defoliation > 75% of leaves defoliated,203,18.27,2.995
190202,Prince William Sound,2017,Branch flagging,4790,431.1,98.055
190202,Prince William Sound,2017,Defoliation 50-75% of leaves defoliated,54,4.86,1.105
190202,Prince William Sound,2017,Mortality,41,3.69,0.839
190202,Prince William Sound,2018,Mortality,1532,137.88,75.32
190202,Prince William Sound,2018,Defoliation 50-75% of leaves defoliated,304,27.36,14.946
190202,Prince William Sound,2018,Branch flagging,122,10.98,5.998
190202,Prince William Sound,2018,Crown Dieback,76,6.84,3.736
190202,Prince William Sound,2020,Mortality,8400,756.0,100.0
190202,Prince William Sound,2021,Mortality,305,27.45,92.705
190202,Prince William Sound,2021,Mortality - Previously Undocumented,24,2.16,7.295
190202,Prince William Sound,2022,Defoliation > 75% of leaves defoliated,333,29.97,67.273
190202,Prince William Sound,2022,Defoliation 50-75% of leaves defoliated,82,7.38,16.566
190202,Prince William Sound,2022,Mortality - Previously Undocumented,80,7.2,16.162
190202,Prince William Sound,2023,Mortality - Previously Undocumented,1082,97.38,61.864
190202,Prince William Sound,2023,Defoliation > 75% of leaves defoliated,413,37.17,23.613
190202,Prince William Sound,2023,Mortality,272,24.48,15.552
190202,Prince William Sound,2023,Defoliation 50-75% of leaves defoliated,254,22.86,14.523
190202,Prince William Sound,2024,Crown Dieback,347,31.23,50.0
190202,Prince William Sound,2024,Mortality,277,24.93,39.914
190202,Prince William Sound,2024,Mortality - Previously Undocumented,70,6.3,10.086
190202,Prince William Sound,2025,Defoliation 50-75% of leaves defoliated,211663,19049.67,99.95
190202,Prince William Sound,2025,Mortality,106,9.54,0.05
190203,Kenai Peninsula,1997,Mortality,1238956,111506.04,95.652
190203,Kenai Peninsula,1997,Crown Discoloration,48418,4357.62,3.738
190203,Kenai Peninsula,1997,Defoliation,4374,393.66,0.338
190203,Kenai Peninsula,1997,Main stem Broken or Uprooted,3521,316.89,0.272
190203,Kenai Peninsula,1998,Mortality,741752,66757.68,91.701
190203,Kenai Peninsula,1998,Defoliation,66679,6001.11,8.243
190203,Kenai Peninsula,1998,Crown Discoloration,451,40.59,0.056
190203,Kenai Peninsula,1999,Mortality,299972,26997.48,99.134
190203,Kenai Peninsula,1999,Defoliation,2620,235.8,0.866
190203,Kenai Peninsula,2000,Mortality,234979,21148.11,98.524
190203,Kenai Peninsula,2000,Defoliation,3520,316.8,1.476
190203,Kenai Peninsula,2001,Mortality,146284,13165.56,95.729
190203,Kenai Peninsula,2001,Defoliation,6527,587.43,4.271
190203,Kenai Peninsula,2002,Mortality,43355,3901.95,90.629
190203,Kenai Peninsula,2002,Defoliation,4564,410.76,9.541
190203,Kenai Peninsula,2002,Main stem Broken or Uprooted,2,0.18,0.004
190203,Kenai Peninsula,2003,Mortality,78524,7067.16,92.622
190203,Kenai Peninsula,2003,Defoliation,6255,562.95,7.378
190203,Kenai Peninsula,2004,Mortality,28827,2594.43,79.287
190203,Kenai Peninsula,2004,Defoliation,7531,677.79,20.713
190203,Kenai Peninsula,2005,Mortality,75128,6761.52,85.533
190203,Kenai Peninsula,2005,Defoliation,12507,1125.63,14.239
190203,Kenai Peninsula,2005,Main stem Broken or Uprooted,200,18.0,0.228
190203,Kenai Peninsula,2006,Mortality,60797,5471.73,80.562
190203,Kenai Peninsula,2006,Defoliation,14619,1315.71,19.372
190203,Kenai Peninsula,2006,Crown Discoloration,50,4.5,0.066
190203,Kenai Peninsula,2007,Mortality,94329,8489.61,96.644
190203,Kenai Peninsula,2007,Defoliation,3276,294.84,3.356
190203,Kenai Peninsula,2009,Defoliation,83316,7498.44,68.572
190203,Kenai Peninsula,2009,Mortality,38078,3427.02,31.339
190203,Kenai Peninsula,2009,Crown Dieback,108,9.72,0.089
190203,Kenai Peninsula,2010,Defoliation,21400,1926.0,50.039
190203,Kenai Peninsula,2010,Mortality,16240,1461.6,37.973
190203,Kenai Peninsula,2010,Crown Dieback,5066,455.94,11.846
190203,Kenai Peninsula,2010,Crown Discoloration,61,5.49,0.143
190203,Kenai Peninsula,2011,Defoliation,53342,4800.78,49.448
190203,Kenai Peninsula,2011,Crown Dieback,31682,2851.38,29.369
190203,Kenai Peninsula,2011,Mortality,22735,2046.15,21.076
190203,Kenai Peninsula,2011,Crown Discoloration,115,10.35,0.107
190203,Kenai Peninsula,2012,Defoliation,55246,4972.14,90.588
190203,Kenai Peninsula,2012,Mortality,5657,509.13,9.276
190203,Kenai Peninsula,2012,Crown Dieback,83,7.47,0.136
190203,Kenai Peninsula,2013,Defoliation,197770,17799.3,94.393
190203,Kenai Peninsula,2013,Crown Dieback,15213,1369.17,7.261
190203,Kenai Peninsula,2013,Mortality,1038,93.42,0.495
190203,Kenai Peninsula,2014,Defoliation,15444,1389.96,58.944
190203,Kenai Peninsula,2014,Crown Dieback,9766,878.94,37.273
190203,Kenai Peninsula,2014,Mortality,991,89.19,3.782
190203,Kenai Peninsula,2015,Defoliation,57790,5201.1,62.292
190203,Kenai Peninsula,2015,Mortality,33478,3013.02,36.086
190203,Kenai Peninsula,2015,Crown Dieback,1505,135.45,1.622
190203,Kenai Peninsula,2016,Mortality,73211,6588.99,38.023
190203,Kenai Peninsula,2016,Defoliation > 75% of leaves defoliated,64886,5839.74,33.699
190203,Kenai Peninsula,2016,Defoliation 50-75% of leaves defoliated,37772,3399.48,19.617
190203,Kenai Peninsula,2016,Defoliation < 50% of leaves defoliated,15078,1357.02,7.831
190203,Kenai Peninsula,2016,Crown Dieback,1372,123.48,0.713
190203,Kenai Peninsula,2016,Branch flagging,256,23.04,0.133
190203,Kenai Peninsula,2017,Mortality,249179,22426.11,89.759
190203,Kenai Peninsula,2017,Crown Dieback,26407,2376.63,9.512
190203,Kenai Peninsula,2017,Defoliation 50-75% of leaves defoliated,1110,99.9,0.4
190203,Kenai Peninsula,2017,Defoliation > 75% of leaves defoliated,913,82.17,0.329
190203,Kenai Peninsula,2018,Mortality,215056,19355.04,78.142
190203,Kenai Peninsula,2018,Defoliation 50-75% of leaves defoliated,58753,5287.77,21.348
190203,Kenai Peninsula,2018,Crown Discoloration,1368,123.12,0.497
190203,Kenai Peninsula,2018,Branch flagging,510,45.9,0.185
190203,Kenai Peninsula,2018,Defoliation > 75% of leaves defoliated,312,28.08,0.113
190203,Kenai Peninsula,2018,Crown Dieback,23,2.07,0.008
190203,Kenai Peninsula,2019,Defoliation > 75% of leaves defoliated,347330,31259.7,84.96
190203,Kenai Peninsula,2019,Defoliation 50-75% of leaves defoliated,37057,3335.13,9.064
190203,Kenai Peninsula,2019,Mortality,27449,2470.41,6.714
190203,Kenai Peninsula,2019,Branch flagging,114,10.26,0.028
190203,Kenai Peninsula,2019,Crown Dieback,50,4.5,0.012
190203,Kenai Peninsula,2019,Crown Discoloration,4,0.36,0.001
190203,Kenai Peninsula,2020,Mortality,96262,8663.58,94.172
190203,Kenai Peninsula,2020,Defoliation > 75% of leaves defoliated,2903,261.27,2.84
190203,Kenai Peninsula,2020,Mortality - Previously Undocumented,2222,199.98,2.174
190203,Kenai Peninsula,2020,Defoliation 50-75% of leaves defoliated,822,73.98,0.804
190203,Kenai Peninsula,2020,Crown Dieback,10,0.9,0.01
190203,Kenai Peninsula,2021,Mortality,108236,9741.24,59.672
190203,Kenai Peninsula,2021,Mortality - Previously Undocumented,85441,7689.69,47.105
190203,Kenai Peninsula,2021,Defoliation > 75% of leaves defoliated,2943,264.87,1.623
190203,Kenai Peninsula,2021,Defoliation 50-75% of leaves defoliated,1770,159.3,0.976
190203,Kenai Peninsula,2021,Crown Discoloration,602,54.18,0.332
190203,Kenai Peninsula,2021,Crown Dieback,455,40.95,0.251
190203,Kenai Peninsula,2021,Branch flagging,130,11.7,0.072
190203,Kenai Peninsula,2022,Mortality - Previously Undocumented,184767,16629.03,61.507
190203,Kenai Peninsula,2022,Mortality,131062,11795.58,43.629
190203,Kenai Peninsula,2022,Defoliation > 75% of leaves defoliated,26224,2360.16,8.73
190203,Kenai Peninsula,2022,Defoliation 50-75% of leaves defoliated,14223,1280.07,4.735
190203,Kenai Peninsula,2022,Crown Dieback,1369,123.21,0.456
190203,Kenai Peninsula,2022,Branch flagging,6,0.54,0.002
190203,Kenai Peninsula,2023,Mortality - Previously Undocumented,358074,32226.66,90.77
190203,Kenai Peninsula,2023,Mortality,113529,10217.61,28.779
190203,Kenai Peninsula,2023,Defoliation > 75% of leaves defoliated,15139,1362.51,3.838
190203,Kenai Peninsula,2023,Defoliation 50-75% of leaves defoliated,5052,454.68,1.281
190203,Kenai Peninsula,2023,Crown Discoloration,921,82.89,0.233
190203,Kenai Peninsula,2023,Branch flagging,149,13.41,0.038
190203,Kenai Peninsula,2023,Crown Dieback,57,5.13,0.014
190203,Kenai Peninsula,2024,Mortality - Previously Undocumented,39244,3531.96,75.818
190203,Kenai Peninsula,2024,Mortality,9784,880.56,18.902
190203,Kenai Peninsula,2024,Defoliation 50-75% of leaves defoliated,5907,531.63,11.412
190203,Kenai Peninsula,2024,Crown Discoloration,525,47.25,1.014
190203,Kenai Peninsula,2024,Other Damage (known),478,43.02,0.923
190203,Kenai Peninsula,2024,Crown Dieback,59,5.31,0.114
190203,Kenai Peninsula,2024,Defoliation > 75% of leaves defoliated,20,1.8,0.039
190203,Kenai Peninsula,2025,Defoliation > 75% of leaves defoliated,269362,24242.58,71.957
190203,Kenai Peninsula,2025,Defoliation 50-75% of leaves defoliated,92410,8316.9,24.686
190203,Kenai Peninsula,2025,Mortality - Previously Undocumented,11695,1052.55,3.124
190203,Kenai Peninsula,2025,Mortality,895,80.55,0.239
190204,Knik Arm,1997,Mortality,245045,22054.05,90.749
190204,Knik Arm,1997,Defoliation,24981,2248.29,9.251
190204,Knik Arm,1998,Mortality,73485,6613.65,99.876
190204,Knik Arm,1998,Defoliation,91,8.19,0.124
190204,Knik Arm,1999,Mortality,57943,5214.87,92.965
190204,Knik Arm,1999,Defoliation,4385,394.65,7.035
190204,Knik Arm,2000,Mortality,73399,6605.91,100.0
190204,Knik Arm,2001,Mortality,86383,7774.47,81.932
190204,Knik Arm,2001,Defoliation,19050,1714.5,18.068
190204,Knik Arm,2002,Defoliation,132050,11884.5,95.304
190204,Knik Arm,2002,Mortality,6507,585.63,4.696
190204,Knik Arm,2003,Defoliation,156275,14064.75,99.815
190204,Knik Arm,2003,Main stem Broken or Uprooted,175,15.75,0.112
190204,Knik Arm,2003,Mortality,115,10.35,0.073
190204,Knik Arm,2004,Defoliation,627348,56461.32,94.345
190204,Knik Arm,2004,Mortality,40092,3608.28,6.029
190204,Knik Arm,2005,Defoliation,211050,18994.5,94.354
190204,Knik Arm,2005,Mortality,7980,718.2,3.568
190204,Knik Arm,2005,Crown Dieback,4081,367.29,1.824
190204,Knik Arm,2005,Main stem Broken or Uprooted,569,51.21,0.254
190204,Knik Arm,2006,Defoliation,42730,3845.7,92.859
190204,Knik Arm,2006,Mortality,3286,295.74,7.141
190204,Knik Arm,2007,Defoliation,64372,5793.48,98.615
190204,Knik Arm,2007,Mortality,904,81.36,1.385
190204,Knik Arm,2008,Mortality,542,48.78,100.0
190204,Knik Arm,2009,Defoliation,3081,277.29,94.975
190204,Knik Arm,2009,Mortality,163,14.67,5.025
190204,Knik Arm,2010,Crown Dieback,77931,7013.79,92.469
190204,Knik Arm,2010,Defoliation,6324,569.16,7.504
190204,Knik Arm,2010,Mortality,23,2.07,0.027
190204,Knik Arm,2011,Defoliation,89024,8012.16,74.058
190204,Knik Arm,2011,Crown Dieback,33611,3024.99,27.961
190204,Knik Arm,2012,Defoliation,28786,2590.74,100.0
190204,Knik Arm,2013,Defoliation,38102,3429.18,79.012
190204,Knik Arm,2013,Crown Dieback,22071,1986.39,45.769
190204,Knik Arm,2013,Mortality,959,86.31,1.989
190204,Knik Arm,2014,Defoliation,26050,2344.5,89.673
190204,Knik Arm,2014,Crown Dieback,2360,212.4,8.124
190204,Knik Arm,2014,Mortality,640,57.6,2.203
190204,Knik Arm,2015,Defoliation,51782,4660.38,83.673
190204,Knik Arm,2015,Crown Dieback,4967,447.03,8.026
190204,Knik Arm,2015,Mortality,4718,424.62,7.624
190204,Knik Arm,2015,Crown Discoloration,1449,130.41,2.341
190204,Knik Arm,2016,Defoliation 50-75% of leaves defoliated,71562,6440.58,77.172
190204,Knik Arm,2016,Mortality,11401,1026.09,12.295
190204,Knik Arm,2016,Defoliation > 75% of leaves defoliated,6060,545.4,6.535
190204,Knik Arm,2016,Crown Dieback,5149,463.41,5.553
190204,Knik Arm,2016,Defoliation < 50% of leaves defoliated,180,16.2,0.194
190204,Knik Arm,2017,Mortality,46263,4163.67,95.256
190204,Knik Arm,2017,Defoliation 50-75% of leaves defoliated,1247,112.23,2.568
190204,Knik Arm,2017,Defoliation > 75% of leaves defoliated,956,86.04,1.968
190204,Knik Arm,2017,Crown Discoloration,84,7.56,0.173
190204,Knik Arm,2017,Crown Dieback,33,2.97,0.068
190204,Knik Arm,2018,Defoliation > 75% of leaves defoliated,309815,27883.35,74.019
190204,Knik Arm,2018,Defoliation 50-75% of leaves defoliated,73449,6610.41,17.548
190204,Knik Arm,2018,Mortality,41602,3744.18,9.939
190204,Knik Arm,2018,Crown Dieback,17,1.53,0.004
190204,Knik Arm,2019,Defoliation > 75% of leaves defoliated,377306,33957.54,81.481
190204,Knik Arm,2019,Defoliation 50-75% of leaves defoliated,53313,4798.17,11.513
190204,Knik Arm,2019,Mortality,36835,3315.15,7.955
190204,Knik Arm,2019,Crown Discoloration,998,89.82,0.216
190204,Knik Arm,2019,Crown Dieback,324,29.16,0.07
190204,Knik Arm,2019,Other Damage (known),263,23.67,0.057
190204,Knik Arm,2019,Branch flagging,21,1.89,0.005
190204,Knik Arm,2020,Mortality,330795,29771.55,94.871
190204,Knik Arm,2020,Mortality - Previously Undocumented,21142,1902.78,6.063
190204,Knik Arm,2020,Defoliation 50-75% of leaves defoliated,1348,121.32,0.387
190204,Knik Arm,2020,Defoliation > 75% of leaves defoliated,21,1.89,0.006
190204,Knik Arm,2020,Crown Dieback,14,1.26,0.004
190204,Knik Arm,2020,Main stem Broken or Uprooted,7,0.63,0.002
190204,Knik Arm,2021,Mortality,72927,6563.43,74.825
190204,Knik Arm,2021,Mortality - Previously Undocumented,16331,1469.79,16.756
190204,Knik Arm,2021,Defoliation 50-75% of leaves defoliated,4331,389.79,4.444
190204,Knik Arm,2021,Crown Discoloration,4113,370.17,4.22
190204,Knik Arm,2021,Crown Dieback,104,9.36,0.107
190204,Knik Arm,2022,Mortality - Previously Undocumented,79910,7191.9,90.598
190204,Knik Arm,2022,Mortality,8282,745.38,9.39
190204,Knik Arm,2022,Crown Dieback,1006,90.54,1.141
190204,Knik Arm,2022,Defoliation 50-75% of leaves defoliated,110,9.9,0.125
190204,Knik Arm,2022,Branch flagging,30,2.7,0.034
190204,Knik Arm,2022,Defoliation > 75% of leaves defoliated,5,0.45,0.006
190204,Knik Arm,2023,Mortality - Previously Undocumented,27039,2433.51,64.157
190204,Knik Arm,2023,Crown Discoloration,10239,921.51,24.295
190204,Knik Arm,2023,Mortality,4506,405.54,10.692
190204,Knik Arm,2023,Defoliation 50-75% of leaves defoliated,527,47.43,1.25
190204,Knik Arm,2023,Branch flagging,344,30.96,0.816
190204,Knik Arm,2023,Defoliation > 75% of leaves defoliated,206,18.54,0.489
190204,Knik Arm,2024,Mortality - Previously Undocumented,7134,642.06,91.088
190204,Knik Arm,2024,Mortality,601,54.09,7.674
190204,Knik Arm,2024,Defoliation 50-75% of leaves defoliated,97,8.73,1.239
190204,Knik Arm,2024,Other Damage (known),29,2.61,0.37
190204,Knik Arm,2025,Defoliation > 75% of leaves defoliated,11036,993.24,62.819
190204,Knik Arm,2025,Defoliation 50-75% of leaves defoliated,5609,504.81,31.927
190204,Knik Arm,2025,Mortality,819,73.71,4.662
190204,Knik Arm,2025,Branch Breakage,88,7.92,0.501
190204,Knik Arm,2025,Branch flagging,16,1.44,0.091
190205,Susitna River,1997,Crown Discoloration,1198048,107824.32,91.564
190205,Susitna River,1997,Mortality,105485,9493.65,8.062
190205,Susitna River,1997,Defoliation,4895,440.55,0.374
190205,Susitna River,1998,Mortality,2805,252.45,91.847
190205,Susitna River,1998,Defoliation,222,19.98,7.269
190205,Susitna River,1998,Crown Discoloration,27,2.43,0.884
190205,Susitna River,1999,Mortality,18480,1663.2,62.511
190205,Susitna River,1999,Defoliation,11083,997.47,37.489
190205,Susitna River,2000,Mortality,10110,909.9,94.663
190205,Susitna River,2000,Defoliation,570,51.3,5.337
190205,Susitna River,2001,Defoliation,39532,3557.88,99.469
190205,Susitna River,2001,Mortality,211,18.99,0.531
190205,Susitna River,2002,Defoliation,69844,6285.96,99.756
190205,Susitna River,2002,Mortality,171,15.39,0.244
190205,Susitna River,2003,Defoliation,762548,68629.32,98.266
190205,Susitna River,2003,Mortality,13459,1211.31,1.734
190205,Susitna River,2004,Mortality,4197,377.73,66.587
190205,Susitna River,2004,Defoliation,2106,189.54,33.413
190205,Susitna River,2005,Defoliation,34874,3138.66,55.569
190205,Susitna River,2005,Mortality,27884,2509.56,44.431
190205,Susitna River,2006,Mortality,53017,4771.53,86.638
190205,Susitna River,2006,Defoliation,8177,735.93,13.362
190205,Susitna River,2007,Mortality,95302,8577.18,88.493
190205,Susitna River,2007,Defoliation,12393,1115.37,11.507
190205,Susitna River,2008,Mortality,98089,8828.01,72.475
190205,Susitna River,2008,Defoliation,37252,3352.68,27.525
190205,Susitna River,2009,Defoliation,12075,1086.75,82.468
190205,Susitna River,2009,Mortality,2567,231.03,17.532
190205,Susitna River,2010,Mortality,37129,3341.61,69.147
190205,Susitna River,2010,Defoliation,15882,1429.38,29.578
190205,Susitna River,2010,Crown Dieback,685,61.65,1.276
190205,Susitna River,2011,Defoliation,97551,8779.59,88.75
190205,Susitna River,2011,Mortality,12366,1112.94,11.25
190205,Susitna River,2012,Defoliation,26734,2406.06,75.142
190205,Susitna River,2012,Mortality,7526,677.34,21.154
190205,Susitna River,2012,Crown Dieback,3974,357.66,11.17
190205,Susitna River,2013,Defoliation,136051,12244.59,96.043
190205,Susitna River,2013,Crown Dieback,4676,420.84,3.301
190205,Susitna River,2013,Mortality,1555,139.95,1.098
190205,Susitna River,2014,Defoliation,95411,8586.99,88.749
190205,Susitna River,2014,Crown Dieback,8095,728.55,7.53
190205,Susitna River,2014,Mortality,4047,364.23,3.764
190205,Susitna River,2015,Defoliation,247107,22239.63,80.568
190205,Susitna River,2015,Mortality,55786,5020.74,18.189
190205,Susitna River,2015,Crown Dieback,3924,353.16,1.279
190205,Susitna River,2016,Mortality,555753,50017.77,58.153
190205,Susitna River,2016,Defoliation 50-75% of leaves defoliated,270028,24302.52,28.255
190205,Susitna River,2016,Defoliation > 75% of leaves defoliated,137729,12395.61,14.412
190205,Susitna River,2016,Crown Dieback,11680,1051.2,1.222
190205,Susitna River,2016,Defoliation < 50% of leaves defoliated,8327,749.43,0.871
190205,Susitna River,2016,Branch flagging,244,21.96,0.026
190205,Susitna River,2017,Mortality,1325926,119333.34,97.889
190205,Susitna River,2017,Defoliation < 50% of leaves defoliated,14236,1281.24,1.051
190205,Susitna River,2017,Defoliation > 75% of leaves defoliated,11594,1043.46,0.856
190205,Susitna River,2017,Defoliation 50-75% of leaves defoliated,3300,297.0,0.244
190205,Susitna River,2018,Mortality,2144706,193023.54,95.598
190205,Susitna River,2018,Defoliation > 75% of leaves defoliated,125064,11255.76,5.575
190205,Susitna River,2018,Defoliation 50-75% of leaves defoliated,18228,1640.52,0.812
190205,Susitna River,2019,Mortality,450531,40547.79,53.744
190205,Susitna River,2019,Defoliation > 75% of leaves defoliated,269967,24297.03,32.204
190205,Susitna River,2019,Defoliation 50-75% of leaves defoliated,119182,10726.38,14.217
190205,Susitna River,2019,Crown Dieback,1888,169.92,0.225
190205,Susitna River,2020,Mortality,68361,6152.49,87.482
190205,Susitna River,2020,Defoliation 50-75% of leaves defoliated,7204,648.36,9.219
190205,Susitna River,2020,Defoliation > 75% of leaves defoliated,1913,172.17,2.448
190205,Susitna River,2020,Crown Discoloration,499,44.91,0.639
190205,Susitna River,2020,Defoliation < 50% of leaves defoliated,166,14.94,0.212
190205,Susitna River,2021,Mortality - Previously Undocumented,1566632,140996.88,78.061
190205,Susitna River,2021,Mortality,538754,48487.86,26.845
190205,Susitna River,2021,Defoliation 50-75% of leaves defoliated,229631,20666.79,11.442
190205,Susitna River,2021,Defoliation > 75% of leaves defoliated,25284,2275.56,1.26
190205,Susitna River,2021,Crown Discoloration,24395,2195.55,1.216
190205,Susitna River,2021,Crown Dieback,124,11.16,0.006
190205,Susitna River,2022,Mortality - Previously Undocumented,780220,70219.8,98.688
190205,Susitna River,2022,Mortality,11941,1074.69,1.51
190205,Susitna River,2022,Defoliation 50-75% of leaves defoliated,1049,94.41,0.133
190205,Susitna River,2023,Mortality - Previously Undocumented,694029,62462.61,92.063
190205,Susitna River,2023,Mortality,98597,8873.73,13.079
190205,Susitna River,2023,Defoliation 50-75% of leaves defoliated,24222,2179.98,3.213
190205,Susitna River,2023,Main stem Broken or Uprooted,241,21.69,0.032
190205,Susitna River,2023,Crown Dieback,122,10.98,0.016
190205,Susitna River,2023,Defoliation > 75% of leaves defoliated,72,6.48,0.01
190205,Susitna River,2024,Mortality - Previously Undocumented,229467,20652.03,77.783
190205,Susitna River,2024,Mortality,65683,5911.47,22.265
190205,Susitna River,2024,Branch flagging,2024,182.16,0.686
190205,Susitna River,2024,Crown Dieback,924,83.16,0.313
190205,Susitna River,2024,Defoliation 50-75% of leaves defoliated,540,48.6,0.183
190205,Susitna River,2025,Defoliation 50-75% of leaves defoliated,33566,3020.94,39.873
190205,Susitna River,2025,Defoliation > 75% of leaves defoliated,32999,2969.91,39.2
190205,Susitna River,2025,Mortality - Previously Undocumented,7741,696.69,9.196
190205,Susitna River,2025,Mortality,6721,604.89,7.984
190205,Susitna River,2025,Branch Breakage,3397,305.73,4.035
190205,Susitna River,2025,Other Damage (known),9,0.81,0.011
190205,Susitna River,2025,Crown Dieback,4,0.36,0.005
190303,Nushagak River,1999,Mortality,276,24.84,100.0
190303,Nushagak River,2000,Mortality,198,17.82,100.0
190303,Nushagak River,2001,Defoliation,134312,12088.08,93.868
190303,Nushagak River,2001,Mortality,8774,789.66,6.132
190303,Nushagak River,2002,Defoliation,165166,14864.94,100.0
190303,Nushagak River,2003,Defoliation,110401,9936.09,81.522
190303,Nushagak River,2003,Mortality,25023,2252.07,18.478
190303,Nushagak River,2004,Defoliation,6619,595.71,86.478
190303,Nushagak River,2004,Mortality,1035,93.15,13.522
190303,Nushagak River,2005,Defoliation,20839,1875.51,92.458
190303,Nushagak River,2005,Mortality,1700,153.0,7.542
190303,Nushagak River,2006,Mortality,16416,1477.44,51.121
190303,Nushagak River,2006,Defoliation,15696,1412.64,48.879
190303,Nushagak River,2007,Defoliation,3702,333.18,68.581
190303,Nushagak River,2007,Mortality,1696,152.64,31.419
190303,Nushagak River,2008,Mortality,864,77.76,100.0
190303,Nushagak River,2009,Mortality,965,86.85,41.975
190303,Nushagak River,2009,Defoliation,770,69.3,33.493
190303,Nushagak River,2009,Crown Dieback,564,50.76,24.532
190303,Nushagak River,2010,Defoliation,135675,12210.75,98.886
190303,Nushagak River,2010,Mortality,1229,110.61,0.896
190303,Nushagak River,2010,Crown Dieback,300,27.0,0.219
190303,Nushagak River,2011,Defoliation,80237,7221.33,61.64
190303,Nushagak River,2011,Crown Dieback,51468,4632.12,39.539
190303,Nushagak River,2012,Defoliation,316255,28462.95,99.405
190303,Nushagak River,2012,Crown Dieback,1243,111.87,0.391
190303,Nushagak River,2012,Mortality,649,58.41,0.204
190303,Nushagak River,2013,Defoliation,610237,54921.33,98.815
190303,Nushagak River,2013,Crown Dieback,7099,638.91,1.15
190303,Nushagak River,2013,Mortality,219,19.71,0.035
190303,Nushagak River,2014,Defoliation,190057,17105.13,91.088
190303,Nushagak River,2014,Crown Dieback,17401,1566.09,8.34
190303,Nushagak River,2014,Mortality,1194,107.46,0.572
190303,Nushagak River,2015,Defoliation,75943,6834.87,98.745
190303,Nushagak River,2015,Crown Dieback,965,86.85,1.255
190303,Nushagak River,2016,Defoliation > 75% of leaves defoliated,45260,4073.4,53.913
190303,Nushagak River,2016,Defoliation 50-75% of leaves defoliated,38342,3450.78,45.672
190303,Nushagak River,2016,Crown Dieback,194,17.46,0.231
190303,Nushagak River,2016,Defoliation < 50% of leaves defoliated,154,13.86,0.183
190303,Nushagak River,2017,Defoliation > 75% of leaves defoliated,136977,12327.93,83.164
190303,Nushagak River,2017,Defoliation 50-75% of leaves defoliated,27603,2484.27,16.759
190303,Nushagak River,2017,Crown Dieback,91,8.19,0.055
190303,Nushagak River,2017,Mortality,37,3.33,0.022
190303,Nushagak River,2018,Defoliation 50-75% of leaves defoliated,24238,2181.42,52.12
190303,Nushagak River,2018,Defoliation > 75% of leaves defoliated,14001,1260.09,30.107
190303,Nushagak River,2018,Mortality,8109,729.81,17.437
190303,Nushagak River,2018,Crown Dieback,156,14.04,0.335
190303,Nushagak River,2019,Crown Discoloration,364631,32816.79,98.433
190303,Nushagak River,2019,Defoliation 50-75% of leaves defoliated,3487,313.83,0.941
190303,Nushagak River,2019,Mortality,1005,90.45,0.271
190303,Nushagak River,2019,Branch flagging,690,62.1,0.186
190303,Nushagak River,2019,Defoliation > 75% of leaves defoliated,617,55.53,0.167
190303,Nushagak River,2019,Crown Dieback,4,0.36,0.001
190304,Upper Kuskokwim River,1997,Defoliation,704190,63377.1,99.677
190304,Upper Kuskokwim River,1997,Mortality,2280,205.2,0.323
190304,Upper Kuskokwim River,1998,Defoliation,1973463,177611.67,84.947
190304,Upper Kuskokwim River,1998,Mortality,349697,31472.73,15.053
190304,Upper Kuskokwim River,1999,Defoliation,415039,37353.51,71.589
190304,Upper Kuskokwim River,1999,Mortality,163288,14695.92,28.165
190304,Upper Kuskokwim River,1999,Crown Discoloration,1429,128.61,0.246
190304,Upper Kuskokwim River,2000,Defoliation,76682,6901.38,63.008
190304,Upper Kuskokwim River,2000,Mortality,45020,4051.8,36.992
190304,Upper Kuskokwim River,2001,Mortality,23470,2112.3,59.359
190304,Upper Kuskokwim River,2001,Defoliation,16069,1446.21,40.641
190304,Upper Kuskokwim River,2002,Mortality,3664,329.76,100.0
190304,Upper Kuskokwim River,2003,Defoliation,161077,14496.93,54.473
190304,Upper Kuskokwim River,2003,Mortality,134621,12115.89,45.527
190304,Upper Kuskokwim River,2004,Mortality,74451,6700.59,58.069
190304,Upper Kuskokwim River,2004,Defoliation,53760,4838.4,41.931
190304,Upper Kuskokwim River,2005,Mortality,140130,12611.7,56.726
190304,Upper Kuskokwim River,2005,Defoliation,106899,9620.91,43.274
190304,Upper Kuskokwim River,2006,Mortality,8155,733.95,92.022
190304,Upper Kuskokwim River,2006,Defoliation,707,63.63,7.978
190304,Upper Kuskokwim River,2007,Defoliation,321754,28957.86,72.373
190304,Upper Kuskokwim River,2007,Mortality,122826,11054.34,27.627
190304,Upper Kuskokwim River,2008,Mortality,91905,8271.45,67.994
190304,Upper Kuskokwim River,2008,Defoliation,43262,3893.58,32.006
190304,Upper Kuskokwim River,2009,Mortality,9378,844.02,51.142
190304,Upper Kuskokwim River,2009,Defoliation,5993,539.37,32.683
190304,Upper Kuskokwim River,2009,Crown Dieback,2966,266.94,16.175
190304,Upper Kuskokwim River,2010,Defoliation,58087,5227.83,56.893
190304,Upper Kuskokwim River,2010,Crown Dieback,35358,3182.22,34.631
190304,Upper Kuskokwim River,2010,Mortality,8523,767.07,8.348
190304,Upper Kuskokwim River,2010,Crown Discoloration,130,11.7,0.127
190304,Upper Kuskokwim River,2011,Defoliation,66679,6001.11,75.861
190304,Upper Kuskokwim River,2011,Crown Dieback,21126,1901.34,24.035
190304,Upper Kuskokwim River,2011,Mortality,961,86.49,1.093
190304,Upper Kuskokwim River,2011,Crown Discoloration,96,8.64,0.109
190304,Upper Kuskokwim River,2012,Defoliation,7611,684.99,58.777
190304,Upper Kuskokwim River,2012,Mortality,4646,418.14,35.879
190304,Upper Kuskokwim River,2012,Crown Dieback,654,58.86,5.051
190304,Upper Kuskokwim River,2012,Crown Discoloration,38,3.42,0.293
190304,Upper Kuskokwim River,2013,Defoliation,78245,7042.05,97.629
190304,Upper Kuskokwim River,2013,Crown Dieback,1663,149.67,2.075
190304,Upper Kuskokwim River,2013,Mortality,237,21.33,0.296
190304,Upper Kuskokwim River,2014,Defoliation,104720,9424.8,91.668
190304,Upper Kuskokwim River,2014,Mortality,5305,477.45,4.644
190304,Upper Kuskokwim River,2014,Crown Dieback,4630,416.7,4.053
190304,Upper Kuskokwim River,2015,Defoliation,77339,6960.51,89.55
190304,Upper Kuskokwim River,2015,Mortality,9088,817.92,10.523
190304,Upper Kuskokwim River,2016,Defoliation > 75% of leaves defoliated,23954,2155.86,48.748
190304,Upper Kuskokwim River,2016,Defoliation 50-75% of leaves defoliated,23662,2129.58,48.154
190304,Upper Kuskokwim River,2016,Mortality,1088,97.92,2.214
190304,Upper Kuskokwim River,2016,Crown Dieback,395,35.55,0.804
190304,Upper Kuskokwim River,2016,Branch flagging,39,3.51,0.079
190304,Upper Kuskokwim River,2017,Mortality,19327,1739.43,83.493
190304,Upper Kuskokwim River,2017,Defoliation 50-75% of leaves defoliated,2766,248.94,11.949
190304,Upper Kuskokwim River,2017,Defoliation > 75% of leaves defoliated,657,59.13,2.838
190304,Upper Kuskokwim River,2017,Branch flagging,398,35.82,1.719
190304,Upper Kuskokwim River,2018,Defoliation 50-75% of leaves defoliated,6995,629.55,35.782
190304,Upper Kuskokwim River,2018,Defoliation > 75% of leaves defoliated,6157,554.13,31.495
190304,Upper Kuskokwim River,2018,Mortality,6064,545.76,31.019
190304,Upper Kuskokwim River,2018,Crown Dieback,333,29.97,1.703
190304,Upper Kuskokwim River,2019,Crown Discoloration,174234,15681.06,96.964
190304,Upper Kuskokwim River,2019,Mortality,2496,224.64,1.389
190304,Upper Kuskokwim River,2019,Defoliation > 75% of leaves defoliated,2003,180.27,1.115
190304,Upper Kuskokwim River,2019,Crown Dieback,828,74.52,0.461
190304,Upper Kuskokwim River,2019,Defoliation 50-75% of leaves defoliated,129,11.61,0.072
190304,Upper Kuskokwim River,2021,Defoliation 50-75% of leaves defoliated,1460,131.4,82.766
190304,Upper Kuskokwim River,2021,Crown Discoloration,195,17.55,11.054
190304,Upper Kuskokwim River,2021,Mortality,109,9.81,6.179
190304,Upper Kuskokwim River,2023,Defoliation 50-75% of leaves defoliated,1163,104.67,72.371
190304,Upper Kuskokwim River,2023,Mortality,388,34.92,24.144
190304,Upper Kuskokwim River,2023,Defoliation > 75% of leaves defoliated,48,4.32,2.987
190304,Upper Kuskokwim River,2023,Crown Dieback,8,0.72,0.498
190305,Lower Kuskokwim River,1998,Mortality,493,44.37,100.0
190305,Lower Kuskokwim River,1999,Mortality,2434,219.06,67.238
190305,Lower Kuskokwim River,1999,Defoliation,1186,106.74,32.762
190305,Lower Kuskokwim River,2000,Defoliation,41406,3726.54,63.155
190305,Lower Kuskokwim River,2000,Mortality,24157,2174.13,36.845
190305,Lower Kuskokwim River,2001,Mortality,2131,191.79,100.0
190305,Lower Kuskokwim River,2002,Mortality,3838,345.42,100.0
190305,Lower Kuskokwim River,2003,Defoliation,9396,845.64,52.497
190305,Lower Kuskokwim River,2003,Mortality,8502,765.18,47.503
190305,Lower Kuskokwim River,2004,Mortality,1253,112.77,54.621
190305,Lower Kuskokwim River,2004,Defoliation,1041,93.69,45.379
190305,Lower Kuskokwim River,2005,Mortality,74260,6683.4,65.78
190305,Lower Kuskokwim River,2005,Defoliation,38632,3476.88,34.22
190305,Lower Kuskokwim River,2006,Mortality,31038,2793.42,65.013
190305,Lower Kuskokwim River,2006,Defoliation,16703,1503.27,34.987
190305,Lower Kuskokwim River,2007,Defoliation,14212,1279.08,52.639
190305,Lower Kuskokwim River,2007,Mortality,12787,1150.83,47.361
190305,Lower Kuskokwim River,2008,Mortality,1149,103.41,100.0
190305,Lower Kuskokwim River,2009,Defoliation,969,87.21,66.69
190305,Lower Kuskokwim River,2009,Crown Dieback,430,38.7,29.594
190305,Lower Kuskokwim River,2009,Mortality,54,4.86,3.716
190305,Lower Kuskokwim River,2010,Defoliation,17718,1594.62,43.115
190305,Lower Kuskokwim River,2010,Crown Dieback,17053,1534.77,41.497
190305,Lower Kuskokwim River,2010,Mortality,6227,560.43,15.153
190305,Lower Kuskokwim River,2010,Crown Discoloration,97,8.73,0.236
190305,Lower Kuskokwim River,2011,Crown Dieback,885,79.65,82.556
190305,Lower Kuskokwim River,2011,Mortality,110,9.9,10.261
190305,Lower Kuskokwim River,2011,Main stem Broken or Uprooted,37,3.33,3.451
190305,Lower Kuskokwim River,2011,Crown Discoloration,20,1.8,1.866
190305,Lower Kuskokwim River,2011,Defoliation,20,1.8,1.866
190305,Lower Kuskokwim River,2012,Defoliation,145221,13069.89,99.82
190305,Lower Kuskokwim River,2012,Crown Dieback,234,21.06,0.161
190305,Lower Kuskokwim River,2012,Mortality,28,2.52,0.019
190305,Lower Kuskokwim River,2013,Defoliation,373340,33600.6,99.93
190305,Lower Kuskokwim River,2013,Crown Dieback,204,18.36,0.055
190305,Lower Kuskokwim River,2013,Mortality,56,5.04,0.015
190305,Lower Kuskokwim River,2014,Defoliation,43006,3870.54,96.675
190305,Lower Kuskokwim River,2014,Mortality,1479,133.11,3.325
190305,Lower Kuskokwim River,2015,Defoliation,99294,8936.46,95.473
190305,Lower Kuskokwim River,2015,Mortality,4711,423.99,4.53
190305,Lower Kuskokwim River,2016,Defoliation 50-75% of leaves defoliated,3973,357.57,92.245
190305,Lower Kuskokwim River,2016,Mortality,313,28.17,7.267
190305,Lower Kuskokwim River,2016,Defoliation > 75% of leaves defoliated,21,1.89,0.488
190305,Lower Kuskokwim River,2017,Defoliation > 75% of leaves defoliated,2915,262.35,62.154
190305,Lower Kuskokwim River,2017,Defoliation 50-75% of leaves defoliated,1217,109.53,25.949
190305,Lower Kuskokwim River,2017,Mortality,558,50.22,11.898
190305,Lower Kuskokwim River,2018,Mortality,6634,597.06,71.696
190305,Lower Kuskokwim River,2018,Defoliation 50-75% of leaves defoliated,2619,235.71,28.304
190305,Lower Kuskokwim River,2024,Defoliation 50-75% of leaves defoliated,19651,1768.59,80.153
190305,Lower Kuskokwim River,2024,Defoliation > 75% of leaves defoliated,4866,437.94,19.847
190503,Kobuk-Selawik Rivers,1999,Defoliation,1219,109.71,69.183
190503,Kobuk-Selawik Rivers,1999,Mortality,543,48.87,30.817
190503,Kobuk-Selawik Rivers,2000,Mortality,1668,150.12,100.0
190503,Kobuk-Selawik Rivers,2002,Mortality,22043,1983.87,100.0
190503,Kobuk-Selawik Rivers,2004,Defoliation,61407,5526.63,100.0
190503,Kobuk-Selawik Rivers,2005,Defoliation,19509,1755.81,94.16
190503,Kobuk-Selawik Rivers,2005,Mortality,1210,108.9,5.84
190503,Kobuk-Selawik Rivers,2006,Defoliation,672,60.48,94.382
190503,Kobuk-Selawik Rivers,2006,Mortality,40,3.6,5.618
190503,Kobuk-Selawik Rivers,2007,Defoliation,11888,1069.92,96.871
190503,Kobuk-Selawik Rivers,2007,Mortality,384,34.56,3.129
190503,Kobuk-Selawik Rivers,2008,Defoliation,1198,107.82,49.979
190503,Kobuk-Selawik Rivers,2008,Mortality,975,87.75,40.676
190503,Kobuk-Selawik Rivers,2008,Crown Discoloration,224,20.16,9.345
190503,Kobuk-Selawik Rivers,2009,Defoliation,41984,3778.56,87.463
190503,Kobuk-Selawik Rivers,2009,Mortality,6018,541.62,12.537
190503,Kobuk-Selawik Rivers,2010,Defoliation,41999,3779.91,92.637
190503,Kobuk-Selawik Rivers,2010,Mortality,2055,184.95,4.533
190503,Kobuk-Selawik Rivers,2010,Crown Dieback,1052,94.68,2.32
190503,Kobuk-Selawik Rivers,2010,Crown Discoloration,231,20.79,0.51
190503,Kobuk-Selawik Rivers,2011,Crown Dieback,4079,367.11,84.855
190503,Kobuk-Selawik Rivers,2011,Defoliation,381,34.29,7.926
190503,Kobuk-Selawik Rivers,2011,Mortality,305,27.45,6.345
190503,Kobuk-Selawik Rivers,2011,Crown Discoloration,42,3.78,0.874
190503,Kobuk-Selawik Rivers,2012,Defoliation,5788,520.92,85.926
190503,Kobuk-Selawik Rivers,2012,Mortality,677,60.93,10.05
190503,Kobuk-Selawik Rivers,2012,Crown Dieback,271,24.39,4.023
190503,Kobuk-Selawik Rivers,2013,Defoliation,18785,1690.65,92.282
190503,Kobuk-Selawik Rivers,2013,Mortality,1554,139.86,7.634
190503,Kobuk-Selawik Rivers,2013,Crown Dieback,17,1.53,0.084
190503,Kobuk-Selawik Rivers,2014,Defoliation,14198,1277.82,85.166
190503,Kobuk-Selawik Rivers,2014,Mortality,2900,261.0,17.395
190503,Kobuk-Selawik Rivers,2014,Crown Discoloration,2,0.18,0.012
190503,Kobuk-Selawik Rivers,2015,Defoliation,7154,643.86,52.052
190503,Kobuk-Selawik Rivers,2015,Mortality,6590,593.1,47.948
190503,Kobuk-Selawik Rivers,2016,Defoliation 50-75% of leaves defoliated,60200,5418.0,65.445
190503,Kobuk-Selawik Rivers,2016,Defoliation > 75% of leaves defoliated,25924,2333.16,28.183
190503,Kobuk-Selawik Rivers,2016,Mortality,5862,527.58,6.373
190503,Kobuk-Selawik Rivers,2017,Defoliation 50-75% of leaves defoliated,45477,4092.93,64.825
190503,Kobuk-Selawik Rivers,2017,Defoliation > 75% of leaves defoliated,21197,1907.73,30.215
190503,Kobuk-Selawik Rivers,2017,Mortality,3480,313.2,4.961
190503,Kobuk-Selawik Rivers,2018,Defoliation 50-75% of leaves defoliated,22147,1993.23,96.024
190503,Kobuk-Selawik Rivers,2018,Defoliation > 75% of leaves defoliated,484,43.56,2.099
190503,Kobuk-Selawik Rivers,2018,Mortality,433,38.97,1.877
190705,Fortymile River-Yukon River,1998,Mortality,3734,336.06,73.999
190705,Fortymile River-Yukon River,1998,Defoliation,1312,118.08,26.001
190705,Fortymile River-Yukon River,1999,Defoliation,24353,2191.77,94.729
190705,Fortymile River-Yukon River,1999,Mortality,1355,121.95,5.271
190705,Fortymile River-Yukon River,2000,Defoliation,33584,3022.56,94.395
190705,Fortymile River-Yukon River,2000,Mortality,1994,179.46,5.605
190705,Fortymile River-Yukon River,2001,Mortality,2782,250.38,82.405
190705,Fortymile River-Yukon River,2001,Defoliation,594,53.46,17.595
190705,Fortymile River-Yukon River,2002,Defoliation,161119,14500.71,98.004
190705,Fortymile River-Yukon River,2002,Mortality,3281,295.29,1.996
190705,Fortymile River-Yukon River,2003,Defoliation,21390,1925.1,100.0
190705,Fortymile River-Yukon River,2004,Defoliation,74179,6676.11,93.393
190705,Fortymile River-Yukon River,2004,Mortality,5248,472.32,6.607
190705,Fortymile River-Yukon River,2005,Defoliation,132947,11965.23,99.652
190705,Fortymile River-Yukon River,2005,Mortality,464,41.76,0.348
190705,Fortymile River-Yukon River,2006,Defoliation,52040,4683.6,97.102
190705,Fortymile River-Yukon River,2006,Mortality,1432,128.88,2.672
190705,Fortymile River-Yukon River,2006,Main stem Broken or Uprooted,64,5.76,0.119
190705,Fortymile River-Yukon River,2006,Crown Discoloration,57,5.13,0.106
190705,Fortymile River-Yukon River,2007,Defoliation,69480,6253.2,53.554
190705,Fortymile River-Yukon River,2007,Mortality,60258,5423.22,46.446
190705,Fortymile River-Yukon River,2008,Defoliation,24860,2237.4,94.163
190705,Fortymile River-Yukon River,2008,Mortality,1541,138.69,5.837
190705,Fortymile River-Yukon River,2009,Defoliation,55697,5012.73,86.542
190705,Fortymile River-Yukon River,2009,Mortality,8661,779.49,13.458
190705,Fortymile River-Yukon River,2010,Defoliation,120855,10876.95,94.973
190705,Fortymile River-Yukon River,2010,Mortality,6397,575.73,5.027
190705,Fortymile River-Yukon River,2011,Defoliation,2759,248.31,100.0
190705,Fortymile River-Yukon River,2012,Defoliation,35604,3204.36,85.785
190705,Fortymile River-Yukon River,2012,Mortality,4676,420.84,11.266
190705,Fortymile River-Yukon River,2012,Crown Dieback,1224,110.16,2.949
190705,Fortymile River-Yukon River,2013,Defoliation,26882,2419.38,68.571
190705,Fortymile River-Yukon River,2013,Mortality,8335,750.15,21.261
190705,Fortymile River-Yukon River,2013,Crown Dieback,3986,358.74,10.168
190705,Fortymile River-Yukon River,2014,Defoliation,5504,495.36,64.374
190705,Fortymile River-Yukon River,2014,Crown Dieback,1544,138.96,18.058
190705,Fortymile River-Yukon River,2014,Mortality,1230,110.7,14.386
190705,Fortymile River-Yukon River,2014,Main stem Broken or Uprooted,272,24.48,3.181
190705,Fortymile River-Yukon River,2015,Defoliation,10347,931.23,77.211
190705,Fortymile River-Yukon River,2015,Mortality,1618,145.62,12.074
190705,Fortymile River-Yukon River,2015,Crown Dieback,1436,129.24,10.716
190705,Fortymile River-Yukon River,2016,Defoliation 50-75% of leaves defoliated,37324,3359.16,56.833
190705,Fortymile River-Yukon River,2016,Defoliation > 75% of leaves defoliated,23479,2113.11,35.751
190705,Fortymile River-Yukon River,2016,Crown Dieback,6142,552.78,9.352
190705,Fortymile River-Yukon River,2016,Mortality,792,71.28,1.206
190705,Fortymile River-Yukon River,2016,Defoliation < 50% of leaves defoliated,148,13.32,0.225
190705,Fortymile River-Yukon River,2017,Defoliation > 75% of leaves defoliated,62113,5590.17,59.771
190705,Fortymile River-Yukon River,2017,Defoliation 50-75% of leaves defoliated,40440,3639.6,38.915
190705,Fortymile River-Yukon River,2017,Crown Dieback,2758,248.22,2.654
190705,Fortymile River-Yukon River,2017,Mortality,1069,96.21,1.029
190705,Fortymile River-Yukon River,2018,Defoliation 50-75% of leaves defoliated,30670,2760.3,53.632
190705,Fortymile River-Yukon River,2018,Defoliation > 75% of leaves defoliated,23853,2146.77,41.711
190705,Fortymile River-Yukon River,2018,Mortality,3293,296.37,5.758
190705,Fortymile River-Yukon River,2019,Defoliation 50-75% of leaves defoliated,17804,1602.36,54.297
190705,Fortymile River-Yukon River,2019,Defoliation > 75% of leaves defoliated,14940,1344.6,45.563
190705,Fortymile River-Yukon River,2019,Branch flagging,33,2.97,0.101
190705,Fortymile River-Yukon River,2019,Crown Discoloration,18,1.62,0.055
190705,Fortymile River-Yukon River,2020,Defoliation 50-75% of leaves defoliated,12377,1113.93,60.547
190705,Fortymile River-Yukon River,2020,Defoliation > 75% of leaves defoliated,8065,725.85,39.453
190705,Fortymile River-Yukon River,2021,Defoliation 50-75% of leaves defoliated,21750,1957.5,98.909
190705,Fortymile River-Yukon River,2021,Defoliation > 75% of leaves defoliated,240,21.6,1.091
190705,Fortymile River-Yukon River,2022,Defoliation 50-75% of leaves defoliated,3992,359.28,48.635
190705,Fortymile River-Yukon River,2022,Defoliation > 75% of leaves defoliated,3606,324.54,43.933
190705,Fortymile River-Yukon River,2022,Mortality,610,54.9,7.432
190705,Fortymile River-Yukon River,2024,Defoliation > 75% of leaves defoliated,27138,2442.42,58.925
190705,Fortymile River-Yukon River,2024,Defoliation 50-75% of leaves defoliated,13383,1204.47,29.059
190705,Fortymile River-Yukon River,2024,Mortality,3856,347.04,8.373
190705,Fortymile River-Yukon River,2024,Crown Discoloration,1678,151.02,3.643
190801,Porcupine River,1998,Defoliation,219902,19791.18,98.715
190801,Porcupine River,1998,Crown Discoloration,2862,257.58,1.285
190801,Porcupine River,1999,Mortality,603737,54336.33,67.361
190801,Porcupine River,1999,Defoliation,292533,26327.97,32.639
190801,Porcupine River,2000,Defoliation,9902,891.18,100.0
190801,Porcupine River,2001,Defoliation,35033,3152.97,99.752
190801,Porcupine River,2001,Mortality,87,7.83,0.248
190801,Porcupine River,2002,Defoliation,1058999,95309.91,99.983
190801,Porcupine River,2002,Mortality,181,16.29,0.017
190801,Porcupine River,2003,Defoliation,1022157,91994.13,99.992
190801,Porcupine River,2003,Mortality,80,7.2,0.008
190801,Porcupine River,2004,Defoliation,78443,7059.87,100.0
190801,Porcupine River,2005,Defoliation,1166253,104962.77,99.827
190801,Porcupine River,2005,Mortality,2016,181.44,0.173
190801,Porcupine River,2006,Defoliation,71683,6451.47,97.373
190801,Porcupine River,2006,Mortality,1567,141.03,2.129
190801,Porcupine River,2006,Crown Discoloration,367,33.03,0.499
190801,Porcupine River,2007,Defoliation,137141,12342.69,79.381
190801,Porcupine River,2007,Mortality,35622,3205.98,20.619
190801,Porcupine River,2008,Defoliation,217628,19586.52,89.343
190801,Porcupine River,2008,Mortality,25960,2336.4,10.657
190801,Porcupine River,2009,Defoliation,531883,47869.47,91.812
190801,Porcupine River,2009,Mortality,47433,4268.97,8.188
190801,Porcupine River,2010,Defoliation,877460,78971.4,95.614
190801,Porcupine River,2010,Mortality,21243,1911.87,2.315
190801,Porcupine River,2010,Crown Dieback,19011,1710.99,2.072
190801,Porcupine River,2011,Defoliation,27139,2442.51,96.04
190801,Porcupine River,2011,Mortality,1119,100.71,3.96
190801,Porcupine River,2012,Defoliation,82672,7440.48,72.222
190801,Porcupine River,2012,Crown Dieback,21908,1971.72,19.139
190801,Porcupine River,2012,Mortality,11326,1019.34,9.894
190801,Porcupine River,2013,Defoliation,97581,8782.29,95.044
190801,Porcupine River,2013,Crown Dieback,4509,405.81,4.392
190801,Porcupine River,2013,Mortality,459,41.31,0.447
190801,Porcupine River,2013,Crown Discoloration,176,15.84,0.171
190801,Porcupine River,2014,Defoliation,161357,14522.13,92.116
190801,Porcupine River,2014,Crown Dieback,18182,1636.38,10.38
190801,Porcupine River,2014,Mortality,6846,616.14,3.908
190801,Porcupine River,2015,Defoliation,77545,6979.05,94.373
190801,Porcupine River,2015,Crown Dieback,2395,215.55,2.915
190801,Porcupine River,2015,Mortality,2230,200.7,2.714
190801,Porcupine River,2016,Defoliation > 75% of leaves defoliated,191453,17230.77,56.083
190801,Porcupine River,2016,Defoliation 50-75% of leaves defoliated,141682,12751.38,41.503
190801,Porcupine River,2016,Crown Dieback,3276,294.84,0.96
190801,Porcupine River,2016,Mortality,2125,191.25,0.622
190801,Porcupine River,2016,Main stem Broken or Uprooted,2073,186.57,0.607
190801,Porcupine River,2016,Topkill,1775,159.75,0.52
190801,Porcupine River,2017,Defoliation > 75% of leaves defoliated,21797,1961.73,92.643
190801,Porcupine River,2017,Defoliation 50-75% of leaves defoliated,1731,155.79,7.357
190801,Porcupine River,2018,Defoliation 50-75% of leaves defoliated,497,44.73,100.0
190801,Porcupine River,2019,Defoliation 50-75% of leaves defoliated,36652,3298.68,81.04
190801,Porcupine River,2019,Defoliation > 75% of leaves defoliated,8567,771.03,18.942
190801,Porcupine River,2019,Branch flagging,8,0.72,0.018
190801,Porcupine River,2024,Defoliation > 75% of leaves defoliated,31214,2809.26,47.405
190801,Porcupine River,2024,Defoliation 50-75% of leaves defoliated,30976,2787.84,47.044
190801,Porcupine River,2024,Mortality,2948,265.32,4.477
190801,Porcupine River,2024,Mortality - Previously Undocumented,707,63.63,1.074
190802,Chandalar-Christian River,1998,Defoliation,160865,14477.85,98.989
190802,Chandalar-Christian River,1998,Mortality,1195,107.55,0.735
190802,Chandalar-Christian River,1998,Crown Discoloration,448,40.32,0.276
190802,Chandalar-Christian River,1999,Defoliation,186570,16791.3,99.795
190802,Chandalar-Christian River,1999,Mortality,384,34.56,0.205
190802,Chandalar-Christian River,2000,Defoliation,187040,16833.6,100.0
190802,Chandalar-Christian River,2001,Defoliation,1955,175.95,85.934
190802,Chandalar-Christian River,2001,Mortality,320,28.8,14.066
190802,Chandalar-Christian River,2003,Mortality,1776,159.84,100.0
190802,Chandalar-Christian River,2005,Defoliation,328095,29528.55,99.895
190802,Chandalar-Christian River,2005,Mortality,346,31.14,0.105
190802,Chandalar-Christian River,2006,Defoliation,179855,16186.95,87.44
190802,Chandalar-Christian River,2006,Mortality,25821,2323.89,12.553
190802,Chandalar-Christian River,2006,Crown Discoloration,14,1.26,0.007
190802,Chandalar-Christian River,2007,Mortality,16667,1500.03,60.305
190802,Chandalar-Christian River,2007,Defoliation,10971,987.39,39.695
190802,Chandalar-Christian River,2008,Mortality,34417,3097.53,61.439
190802,Chandalar-Christian River,2008,Defoliation,21601,1944.09,38.561
190802,Chandalar-Christian River,2009,Defoliation,134651,12118.59,78.322
190802,Chandalar-Christian River,2009,Mortality,37269,3354.21,21.678
190802,Chandalar-Christian River,2010,Defoliation,362681,32641.29,92.897
190802,Chandalar-Christian River,2010,Mortality,22913,2062.17,5.869
190802,Chandalar-Christian River,2010,Crown Dieback,4819,433.71,1.234
190802,Chandalar-Christian River,2011,Defoliation,32635,2937.15,69.509
190802,Chandalar-Christian River,2011,Mortality,13141,1182.69,27.989
190802,Chandalar-Christian River,2011,Crown Dieback,1175,105.75,2.503
190802,Chandalar-Christian River,2013,Mortality,8600,774.0,42.173
190802,Chandalar-Christian River,2013,Defoliation,4337,390.33,21.268
190802,Chandalar-Christian River,2013,Crown Dieback,3968,357.12,19.459
190802,Chandalar-Christian River,2013,Crown Discoloration,3487,313.83,17.1
190802,Chandalar-Christian River,2014,Defoliation,51577,4641.93,98.371
190802,Chandalar-Christian River,2014,Crown Discoloration,771,69.39,1.471
190802,Chandalar-Christian River,2014,Mortality,83,7.47,0.158
190802,Chandalar-Christian River,2015,Defoliation,4858,437.22,87.327
190802,Chandalar-Christian River,2015,Mortality,457,41.13,8.215
190802,Chandalar-Christian River,2015,Crown Dieback,248,22.32,4.458
190802,Chandalar-Christian River,2016,Defoliation 50-75% of leaves defoliated,9350,841.5,66.115
190802,Chandalar-Christian River,2016,Defoliation > 75% of leaves defoliated,4588,412.92,32.442
190802,Chandalar-Christian River,2016,Crown Dieback,459,41.31,3.246
190802,Chandalar-Christian River,2017,Defoliation 50-75% of leaves defoliated,26675,2400.75,94.973
190802,Chandalar-Christian River,2017,Defoliation > 75% of leaves defoliated,1093,98.37,3.891
190802,Chandalar-Christian River,2017,Mortality,319,28.71,1.136
190802,Chandalar-Christian River,2018,Defoliation 50-75% of leaves defoliated,7959,716.31,87.519
190802,Chandalar-Christian River,2018,Defoliation > 75% of leaves defoliated,1084,97.56,11.92
190802,Chandalar-Christian River,2018,Branch flagging,55,4.95,0.605
190802,Chandalar-Christian River,2019,Defoliation > 75% of leaves defoliated,5926,533.34,71.004
190802,Chandalar-Christian River,2019,Defoliation 50-75% of leaves defoliated,2384,214.56,28.565
190802,Chandalar-Christian River,2019,Mortality,36,3.24,0.431
190802,Chandalar-Christian River,2024,Defoliation > 75% of leaves defoliated,30333,2729.97,87.67
190802,Chandalar-Christian River,2024,Defoliation 50-75% of leaves defoliated,3729,335.61,10.778
190802,Chandalar-Christian River,2024,Mortality,297,26.73,0.858
190802,Chandalar-Christian River,2024,Mortality - Previously Undocumented,240,21.6,0.694
190803,Tanana River,1997,Defoliation,437976,39417.84,97.386
190803,Tanana River,1997,Mortality,11714,1054.26,2.605
190803,Tanana River,1997,Crown Discoloration,43,3.87,0.01
190803,Tanana River,1998,Defoliation,173789,15641.01,77.812
190803,Tanana River,1998,Mortality,45610,4104.9,20.421
190803,Tanana River,1998,Crown Discoloration,3945,355.05,1.766
190803,Tanana River,1999,Defoliation,167030,15032.7,94.22
190803,Tanana River,1999,Mortality,10174,915.66,5.739
190803,Tanana River,1999,Crown Discoloration,72,6.48,0.041
190803,Tanana River,2000,Defoliation,67061,6035.49,99.151
190803,Tanana River,2000,Mortality,574,51.66,0.849
190803,Tanana River,2001,Mortality,650255,58522.95,84.25
190803,Tanana River,2001,Defoliation,121564,10940.76,15.75
190803,Tanana River,2002,Defoliation,167228,15050.52,99.387
190803,Tanana River,2002,Mortality,1031,92.79,0.613
190803,Tanana River,2003,Defoliation,596063,53645.67,99.968
190803,Tanana River,2003,Mortality,190,17.1,0.032
190803,Tanana River,2004,Defoliation,2003148,180283.32,94.455
190803,Tanana River,2004,Mortality,117930,10613.7,5.561
190803,Tanana River,2005,Defoliation,1095909,98631.81,99.881
190803,Tanana River,2005,Mortality,1305,117.45,0.119
190803,Tanana River,2006,Defoliation,1753324,157799.16,98.837
190803,Tanana River,2006,Mortality,20628,1856.52,1.163
190803,Tanana River,2007,Defoliation,2630145,236713.05,99.669
190803,Tanana River,2007,Mortality,8729,785.61,0.331
190803,Tanana River,2008,Defoliation,790015,71101.35,94.107
190803,Tanana River,2008,Mortality,49469,4452.21,5.893
190803,Tanana River,2009,Defoliation,880660,79259.4,99.235
190803,Tanana River,2009,Mortality,6788,610.92,0.765
190803,Tanana River,2010,Defoliation,1756775,158109.75,97.447
190803,Tanana River,2010,Mortality,37855,3406.95,2.1
190803,Tanana River,2010,Crown Dieback,4868,438.12,0.27
190803,Tanana River,2010,Main stem Broken or Uprooted,3296,296.64,0.183
190803,Tanana River,2011,Defoliation,517530,46577.7,92.508
190803,Tanana River,2011,Crown Dieback,41659,3749.31,7.447
190803,Tanana River,2011,Mortality,7491,674.19,1.339
190803,Tanana River,2011,Crown Discoloration,178,16.02,0.032
190803,Tanana River,2012,Defoliation,496626,44696.34,91.79
190803,Tanana River,2012,Crown Dieback,29952,2695.68,5.536
190803,Tanana River,2012,Mortality,20182,1816.38,3.73
190803,Tanana River,2012,Crown Discoloration,97,8.73,0.018
190803,Tanana River,2012,Main stem Broken or Uprooted,71,6.39,0.013
190803,Tanana River,2013,Defoliation,201726,18155.34,81.115
190803,Tanana River,2013,Crown Dieback,29194,2627.46,11.739
190803,Tanana River,2013,Main stem Broken or Uprooted,13294,1196.46,5.346
190803,Tanana River,2013,Mortality,5430,488.7,2.183
190803,Tanana River,2014,Defoliation,260491,23444.19,91.145
190803,Tanana River,2014,Mortality,18925,1703.25,6.622
190803,Tanana River,2014,Crown Dieback,6662,599.58,2.331
190803,Tanana River,2014,Main stem Broken or Uprooted,365,32.85,0.128
190803,Tanana River,2015,Defoliation,146317,13168.53,87.069
190803,Tanana River,2015,Mortality,16862,1517.58,10.034
190803,Tanana River,2015,Crown Dieback,6090,548.1,3.624
190803,Tanana River,2016,Defoliation > 75% of leaves defoliated,302578,27232.02,54.261
190803,Tanana River,2016,Defoliation 50-75% of leaves defoliated,199370,17943.3,35.753
190803,Tanana River,2016,Mortality,52467,4722.03,9.409
190803,Tanana River,2016,Crown Dieback,3642,327.78,0.653
190803,Tanana River,2017,Defoliation > 75% of leaves defoliated,342407,30816.63,52.518
190803,Tanana River,2017,Defoliation 50-75% of leaves defoliated,295790,26621.1,45.368
190803,Tanana River,2017,Mortality,7957,716.13,1.22
190803,Tanana River,2017,Crown Discoloration,5581,502.29,0.856
190803,Tanana River,2017,Crown Dieback,240,21.6,0.037
190803,Tanana River,2018,Defoliation 50-75% of leaves defoliated,572288,51505.92,60.309
190803,Tanana River,2018,Defoliation > 75% of leaves defoliated,336855,30316.95,35.499
190803,Tanana River,2018,Mortality,53597,4823.73,5.648
190803,Tanana River,2018,Crown Dieback,5790,521.1,0.61
190803,Tanana River,2018,Crown Discoloration,556,50.04,0.059
190803,Tanana River,2019,Defoliation > 75% of leaves defoliated,327303,29457.27,51.563
190803,Tanana River,2019,Defoliation 50-75% of leaves defoliated,281053,25294.77,44.277
190803,Tanana River,2019,Crown Discoloration,12983,1168.47,2.045
190803,Tanana River,2019,Mortality,11132,1001.88,1.754
190803,Tanana River,2019,Crown Dieback,2475,222.75,0.39
190803,Tanana River,2019,Branch flagging,237,21.33,0.037
190803,Tanana River,2019,Defoliation < 50% of leaves defoliated,222,19.98,0.035
190803,Tanana River,2020,Defoliation > 75% of leaves defoliated,113388,10204.92,71.066
190803,Tanana River,2020,Defoliation 50-75% of leaves defoliated,38654,3478.86,24.226
190803,Tanana River,2020,Mortality,5442,489.78,3.411
190803,Tanana River,2020,Crown Discoloration,2090,188.1,1.31
190803,Tanana River,2021,Defoliation 50-75% of leaves defoliated,409644,36867.96,50.809
190803,Tanana River,2021,Defoliation > 75% of leaves defoliated,213172,19185.48,26.44
190803,Tanana River,2021,Mortality,191846,17266.14,23.795
190803,Tanana River,2021,Mortality - Previously Undocumented,7382,664.38,0.916
190803,Tanana River,2021,Crown Discoloration,460,41.4,0.057
190803,Tanana River,2022,Defoliation > 75% of leaves defoliated,151573,13641.57,43.411
190803,Tanana River,2022,Defoliation 50-75% of leaves defoliated,121391,10925.19,34.766
190803,Tanana River,2022,Mortality,69145,6223.05,19.803
190803,Tanana River,2022,Mortality - Previously Undocumented,10254,922.86,2.937
190803,Tanana River,2022,Crown Discoloration,2660,239.4,0.762
190803,Tanana River,2022,Main stem Broken or Uprooted,2019,181.71,0.578
190803,Tanana River,2022,Other Damage (known),332,29.88,0.095
190803,Tanana River,2023,Defoliation > 75% of leaves defoliated,296087,26647.83,47.993
190803,Tanana River,2023,Mortality,155326,13979.34,25.177
190803,Tanana River,2023,Defoliation 50-75% of leaves defoliated,131547,11839.23,21.323
190803,Tanana River,2023,Mortality - Previously Undocumented,101012,9091.08,16.373
190803,Tanana River,2023,Defoliation < 50% of leaves defoliated,1613,145.17,0.261
190803,Tanana River,2023,Crown Dieback,789,71.01,0.128
190803,Tanana River,2024,Defoliation > 75% of leaves defoliated,493345,44401.05,48.2
190803,Tanana River,2024,Defoliation 50-75% of leaves defoliated,436790,39311.1,42.674
190803,Tanana River,2024,Mortality,81964,7376.76,8.008
190803,Tanana River,2024,Crown Discoloration,9440,849.6,0.922
190803,Tanana River,2024,Mortality - Previously Undocumented,3227,290.43,0.315
190803,Tanana River,2024,Crown Dieback,22,1.98,0.002
190803,Tanana River,2025,Defoliation 50-75% of leaves defoliated,204979,18448.11,47.897
190803,Tanana River,2025,Defoliation > 75% of leaves defoliated,175635,15807.15,41.041
190803,Tanana River,2025,Mortality,31374,2823.66,7.331
190803,Tanana River,2025,Mortality - Previously Undocumented,8252,742.68,1.928
190803,Tanana River,2025,Branch Breakage,7588,682.92,1.773
190803,Tanana River,2025,Other Damage (known),937,84.33,0.219
190803,Tanana River,2025,Crown Dieback,45,4.05,0.011
190804,Beaver Creek-Yukon River,1997,Defoliation,10955,985.95,52.466
190804,Beaver Creek-Yukon River,1997,Mortality,9925,893.25,47.534
190804,Beaver Creek-Yukon River,1998,Defoliation,116906,10521.54,94.132
190804,Beaver Creek-Yukon River,1998,Mortality,5241,471.69,4.22
190804,Beaver Creek-Yukon River,1998,Crown Discoloration,2047,184.23,1.648
190804,Beaver Creek-Yukon River,1999,Defoliation,155443,13989.87,99.632
190804,Beaver Creek-Yukon River,1999,Mortality,574,51.66,0.368
190804,Beaver Creek-Yukon River,2000,Defoliation,64203,5778.27,99.164
190804,Beaver Creek-Yukon River,2000,Mortality,541,48.69,0.836
190804,Beaver Creek-Yukon River,2001,Defoliation,6908,621.72,86.882
190804,Beaver Creek-Yukon River,2001,Mortality,1043,93.87,13.118
190804,Beaver Creek-Yukon River,2002,Defoliation,3900,351.0,92.111
190804,Beaver Creek-Yukon River,2002,Mortality,334,30.06,7.889
190804,Beaver Creek-Yukon River,2003,Defoliation,51913,4672.17,100.0
190804,Beaver Creek-Yukon River,2004,Defoliation,1192228,107300.52,99.855
190804,Beaver Creek-Yukon River,2004,Mortality,1733,155.97,0.145
190804,Beaver Creek-Yukon River,2005,Defoliation,415998,37439.82,99.766
190804,Beaver Creek-Yukon River,2005,Mortality,976,87.84,0.234
190804,Beaver Creek-Yukon River,2006,Defoliation,351276,31614.84,99.384
190804,Beaver Creek-Yukon River,2006,Mortality,2177,195.93,0.616
190804,Beaver Creek-Yukon River,2007,Defoliation,295237,26571.33,88.869
190804,Beaver Creek-Yukon River,2007,Mortality,36978,3328.02,11.131
190804,Beaver Creek-Yukon River,2008,Defoliation,171734,15456.06,76.835
190804,Beaver Creek-Yukon River,2008,Mortality,51775,4659.75,23.165
190804,Beaver Creek-Yukon River,2009,Defoliation,89127,8021.43,90.328
190804,Beaver Creek-Yukon River,2009,Mortality,9543,858.87,9.672
190804,Beaver Creek-Yukon River,2010,Defoliation,834842,75135.78,95.897
190804,Beaver Creek-Yukon River,2010,Mortality,33588,3022.92,3.858
190804,Beaver Creek-Yukon River,2010,Crown Dieback,1928,173.52,0.221
190804,Beaver Creek-Yukon River,2010,Crown Discoloration,207,18.63,0.024
190804,Beaver Creek-Yukon River,2011,Defoliation,172191,15497.19,95.71
190804,Beaver Creek-Yukon River,2011,Crown Dieback,5550,499.5,3.085
190804,Beaver Creek-Yukon River,2011,Mortality,2889,260.01,1.606
190804,Beaver Creek-Yukon River,2012,Defoliation,41054,3694.86,67.599
190804,Beaver Creek-Yukon River,2012,Crown Dieback,12577,1131.93,20.709
190804,Beaver Creek-Yukon River,2012,Mortality,7522,676.98,12.386
190804,Beaver Creek-Yukon River,2012,Main stem Broken or Uprooted,118,10.62,0.194
190804,Beaver Creek-Yukon River,2013,Defoliation,167916,15112.44,85.795
190804,Beaver Creek-Yukon River,2013,Crown Dieback,18038,1623.42,9.216
190804,Beaver Creek-Yukon River,2013,Mortality,9891,890.19,5.054
190804,Beaver Creek-Yukon River,2014,Defoliation,233395,21005.55,94.922
190804,Beaver Creek-Yukon River,2014,Mortality,12848,1156.32,5.225
190804,Beaver Creek-Yukon River,2014,Crown Dieback,3113,280.17,1.266
190804,Beaver Creek-Yukon River,2015,Defoliation,120164,10814.76,85.361
190804,Beaver Creek-Yukon River,2015,Mortality,12158,1094.22,8.637
190804,Beaver Creek-Yukon River,2015,Crown Dieback,11072,996.48,7.865
190804,Beaver Creek-Yukon River,2016,Defoliation 50-75% of leaves defoliated,269855,24286.95,50.896
190804,Beaver Creek-Yukon River,2016,Defoliation > 75% of leaves defoliated,242244,21801.96,45.688
190804,Beaver Creek-Yukon River,2016,Defoliation < 50% of leaves defoliated,8872,798.48,1.673
190804,Beaver Creek-Yukon River,2016,Mortality,8722,784.98,1.645
190804,Beaver Creek-Yukon River,2016,Crown Dieback,1574,141.66,0.297
190804,Beaver Creek-Yukon River,2016,Branch flagging,133,11.97,0.025
190804,Beaver Creek-Yukon River,2017,Defoliation 50-75% of leaves defoliated,47836,4305.24,61.37
190804,Beaver Creek-Yukon River,2017,Defoliation > 75% of leaves defoliated,29213,2629.17,37.478
190804,Beaver Creek-Yukon River,2017,Mortality,851,76.59,1.092
190804,Beaver Creek-Yukon River,2017,Crown Dieback,47,4.23,0.06
190804,Beaver Creek-Yukon River,2018,Defoliation 50-75% of leaves defoliated,119880,10789.2,87.395
190804,Beaver Creek-Yukon River,2018,Defoliation > 75% of leaves defoliated,49988,4498.92,36.442
190804,Beaver Creek-Yukon River,2018,Mortality,3876,348.84,2.826
190804,Beaver Creek-Yukon River,2018,Crown Dieback,8,0.72,0.006
190804,Beaver Creek-Yukon River,2019,Defoliation 50-75% of leaves defoliated,50299,4526.91,56.549
190804,Beaver Creek-Yukon River,2019,Defoliation > 75% of leaves defoliated,37650,3388.5,42.328
190804,Beaver Creek-Yukon River,2019,Branch flagging,993,89.37,1.116
190804,Beaver Creek-Yukon River,2019,Mortality,43,3.87,0.048
190804,Beaver Creek-Yukon River,2021,Defoliation 50-75% of leaves defoliated,144837,13035.33,61.24
190804,Beaver Creek-Yukon River,2021,Defoliation > 75% of leaves defoliated,76659,6899.31,32.413
190804,Beaver Creek-Yukon River,2021,Mortality,15012,1351.08,6.347
190804,Beaver Creek-Yukon River,2022,Defoliation > 75% of leaves defoliated,61161,5504.49,65.174
190804,Beaver Creek-Yukon River,2022,Mortality - Previously Undocumented,12145,1093.05,12.942
190804,Beaver Creek-Yukon River,2022,Defoliation 50-75% of leaves defoliated,9527,857.43,10.152
190804,Beaver Creek-Yukon River,2022,Other Damage (known),6814,613.26,7.261
190804,Beaver Creek-Yukon River,2022,Mortality,4305,387.45,4.587
190804,Beaver Creek-Yukon River,2024,Defoliation > 75% of leaves defoliated,177295,15956.55,80.304
190804,Beaver Creek-Yukon River,2024,Defoliation 50-75% of leaves defoliated,33375,3003.75,15.117
190804,Beaver Creek-Yukon River,2024,Mortality,8313,748.17,3.765
190804,Beaver Creek-Yukon River,2024,Mortality - Previously Undocumented,1796,161.64,0.813
190901,Koyukuk River,1997,Defoliation,1101,99.09,100.0
190901,Koyukuk River,1998,Defoliation,2464,221.76,100.0
190901,Koyukuk River,1999,Defoliation,13417,1207.53,91.465
190901,Koyukuk River,1999,Mortality,1230,110.7,8.385
190901,Koyukuk River,1999,Crown Discoloration,22,1.98,0.15
190901,Koyukuk River,2000,Defoliation,6635,597.15,96.833
190901,Koyukuk River,2000,Mortality,217,19.53,3.167
190901,Koyukuk River,2001,Defoliation,843,75.87,100.0
190901,Koyukuk River,2003,Defoliation,9343,840.87,99.457
190901,Koyukuk River,2003,Mortality,51,4.59,0.543
190901,Koyukuk River,2004,Defoliation,3452,310.68,100.0
190901,Koyukuk River,2005,Defoliation,10133,911.97,99.392
190901,Koyukuk River,2005,Mortality,62,5.58,0.608
190901,Koyukuk River,2006,Defoliation,118381,10654.29,99.915
190901,Koyukuk River,2006,Mortality,101,9.09,0.085
190901,Koyukuk River,2007,Mortality,15552,1399.68,56.378
190901,Koyukuk River,2007,Defoliation,12033,1082.97,43.622
190901,Koyukuk River,2008,Mortality,31498,2834.82,64.674
190901,Koyukuk River,2008,Defoliation,17205,1548.45,35.326
190901,Koyukuk River,2009,Defoliation,91561,8240.49,88.459
190901,Koyukuk River,2009,Mortality,11511,1035.99,11.121
190901,Koyukuk River,2009,Crown Dieback,435,39.15,0.42
190901,Koyukuk River,2010,Defoliation,330350,29731.5,97.758
190901,Koyukuk River,2010,Mortality,4999,449.91,1.479
190901,Koyukuk River,2010,Crown Dieback,1365,122.85,0.404
190901,Koyukuk River,2010,Main stem Broken or Uprooted,1191,107.19,0.352
190901,Koyukuk River,2010,Crown Discoloration,20,1.8,0.006
190901,Koyukuk River,2011,Defoliation,27628,2486.52,80.751
190901,Koyukuk River,2011,Mortality,4146,373.14,12.118
190901,Koyukuk River,2011,Crown Discoloration,2235,201.15,6.532
190901,Koyukuk River,2011,Crown Dieback,205,18.45,0.599
190901,Koyukuk River,2012,Defoliation,25134,2262.06,96.74
190901,Koyukuk River,2012,Mortality,629,56.61,2.421
190901,Koyukuk River,2012,Crown Discoloration,218,19.62,0.839
190901,Koyukuk River,2013,Defoliation,42800,3852.0,78.364
190901,Koyukuk River,2013,Mortality,11485,1033.65,21.028
190901,Koyukuk River,2013,Crown Dieback,332,29.88,0.608
190901,Koyukuk River,2014,Defoliation,100487,9043.83,96.429
190901,Koyukuk River,2014,Crown Discoloration,2824,254.16,2.71
190901,Koyukuk River,2014,Mortality,900,81.0,0.864
190901,Koyukuk River,2015,Defoliation,87671,7890.39,91.803
190901,Koyukuk River,2015,Mortality,7828,704.52,8.197
190901,Koyukuk River,2015,Main stem Broken or Uprooted,79,7.11,0.083
190901,Koyukuk River,2016,Defoliation 50-75% of leaves defoliated,101220,9109.8,57.582
190901,Koyukuk River,2016,Defoliation > 75% of leaves defoliated,73604,6624.36,41.872
190901,Koyukuk River,2016,Mortality,960,86.4,0.546
190901,Koyukuk River,2017,Defoliation 50-75% of leaves defoliated,54254,4882.86,88.307
190901,Koyukuk River,2017,Defoliation > 75% of leaves defoliated,6546,589.14,10.655
190901,Koyukuk River,2017,Mortality,324,29.16,0.527
190901,Koyukuk River,2017,Crown Dieback,241,21.69,0.392
190901,Koyukuk River,2017,Branch flagging,73,6.57,0.119
190901,Koyukuk River,2018,Defoliation 50-75% of leaves defoliated,24804,2232.36,52.564
190901,Koyukuk River,2018,Defoliation > 75% of leaves defoliated,21242,1911.78,45.016
190901,Koyukuk River,2018,Mortality,676,60.84,1.433
190901,Koyukuk River,2018,Branch flagging,494,44.46,1.047
190901,Koyukuk River,2021,Defoliation 50-75% of leaves defoliated,9683,871.47,84.45
190901,Koyukuk River,2021,Defoliation > 75% of leaves defoliated,1539,138.51,13.422
190901,Koyukuk River,2021,Mortality,244,21.96,2.128
190901,Koyukuk River,2022,Defoliation > 75% of leaves defoliated,3260,293.4,74.412
190901,Koyukuk River,2022,Defoliation 50-75% of leaves defoliated,1121,100.89,25.588
190902,Melozitna River-Yukon River,1997,Defoliation,262077,23586.93,93.691
190902,Melozitna River-Yukon River,1997,Mortality,17647,1588.23,6.309
190902,Melozitna River-Yukon River,1998,Defoliation,435813,39223.17,90.127
190902,Melozitna River-Yukon River,1998,Mortality,47742,4296.78,9.873
190902,Melozitna River-Yukon River,1999,Defoliation,57938,5214.42,78.936
190902,Melozitna River-Yukon River,1999,Mortality,15461,1391.49,21.064
190902,Melozitna River-Yukon River,2000,Defoliation,48634,4377.06,75.56
190902,Melozitna River-Yukon River,2000,Mortality,15731,1415.79,24.44
190902,Melozitna River-Yukon River,2001,Mortality,53831,4844.79,87.517
190902,Melozitna River-Yukon River,2001,Defoliation,7678,691.02,12.483
190902,Melozitna River-Yukon River,2003,Mortality,101292,9116.28,69.551
190902,Melozitna River-Yukon River,2003,Defoliation,44346,3991.14,30.449
190902,Melozitna River-Yukon River,2004,Defoliation,114054,10264.86,100.0
190902,Melozitna River-Yukon River,2005,Defoliation,49922,4492.98,99.663
190902,Melozitna River-Yukon River,2005,Mortality,169,15.21,0.337
190902,Melozitna River-Yukon River,2006,Defoliation,130448,11740.32,99.421
190902,Melozitna River-Yukon River,2006,Mortality,760,68.4,0.579
190902,Melozitna River-Yukon River,2007,Defoliation,170357,15332.13,95.488
190902,Melozitna River-Yukon River,2007,Mortality,8032,722.88,4.502
190902,Melozitna River-Yukon River,2007,Main stem Broken or Uprooted,18,1.62,0.01
190902,Melozitna River-Yukon River,2008,Defoliation,29002,2610.18,88.575
190902,Melozitna River-Yukon River,2008,Mortality,3741,336.69,11.425
190902,Melozitna River-Yukon River,2009,Defoliation,159780,14380.2,88.956
190902,Melozitna River-Yukon River,2009,Mortality,19836,1785.24,11.044
190902,Melozitna River-Yukon River,2010,Defoliation,194641,17517.69,96.074
190902,Melozitna River-Yukon River,2010,Mortality,6096,548.64,3.009
190902,Melozitna River-Yukon River,2010,Crown Discoloration,1798,161.82,0.887
190902,Melozitna River-Yukon River,2010,Crown Dieback,59,5.31,0.029
190902,Melozitna River-Yukon River,2011,Defoliation,54303,4887.27,51.321
190902,Melozitna River-Yukon River,2011,Crown Dieback,50494,4544.46,47.721
190902,Melozitna River-Yukon River,2011,Mortality,765,68.85,0.723
190902,Melozitna River-Yukon River,2011,Crown Discoloration,248,22.32,0.234
190902,Melozitna River-Yukon River,2012,Defoliation,41227,3710.43,52.193
190902,Melozitna River-Yukon River,2012,Mortality,37636,3387.24,47.647
190902,Melozitna River-Yukon River,2012,Main stem Broken or Uprooted,86,7.74,0.109
190902,Melozitna River-Yukon River,2012,Crown Discoloration,41,3.69,0.052
190902,Melozitna River-Yukon River,2013,Defoliation,37897,3410.73,96.437
190902,Melozitna River-Yukon River,2013,Mortality,1400,126.0,3.563
190902,Melozitna River-Yukon River,2014,Mortality,25887,2329.83,52.935
190902,Melozitna River-Yukon River,2014,Defoliation,23016,2071.44,47.065
190902,Melozitna River-Yukon River,2015,Defoliation,56517,5086.53,85.019
190902,Melozitna River-Yukon River,2015,Mortality,9959,896.31,14.981
190902,Melozitna River-Yukon River,2016,Defoliation 50-75% of leaves defoliated,26469,2382.21,49.276
190902,Melozitna River-Yukon River,2016,Defoliation > 75% of leaves defoliated,25630,2306.7,47.714
190902,Melozitna River-Yukon River,2016,Mortality,1076,96.84,2.003
190902,Melozitna River-Yukon River,2016,Crown Dieback,541,48.69,1.007
190902,Melozitna River-Yukon River,2017,Defoliation > 75% of leaves defoliated,22172,1995.48,58.184
190902,Melozitna River-Yukon River,2017,Defoliation 50-75% of leaves defoliated,13748,1237.32,36.077
190902,Melozitna River-Yukon River,2017,Crown Dieback,1726,155.34,4.529
190902,Melozitna River-Yukon River,2017,Mortality,416,37.44,1.092
190902,Melozitna River-Yukon River,2017,Branch flagging,45,4.05,0.118
190902,Melozitna River-Yukon River,2018,Defoliation 50-75% of leaves defoliated,56981,5128.29,66.44
190902,Melozitna River-Yukon River,2018,Defoliation > 75% of leaves defoliated,19379,1744.11,22.596
190902,Melozitna River-Yukon River,2018,Mortality,7449,670.41,8.686
190902,Melozitna River-Yukon River,2018,Crown Discoloration,1780,160.2,2.075
190902,Melozitna River-Yukon River,2018,Crown Dieback,158,14.22,0.184
190902,Melozitna River-Yukon River,2018,Branch flagging,16,1.44,0.019
190902,Melozitna River-Yukon River,2021,Defoliation 50-75% of leaves defoliated,6031,542.79,95.791
190902,Melozitna River-Yukon River,2021,Branch flagging,141,12.69,2.24
190902,Melozitna River-Yukon River,2021,Mortality,124,11.16,1.97
190902,Melozitna River-Yukon River,2022,Defoliation 50-75% of leaves defoliated,271,24.39,52.418
190902,Melozitna River-Yukon River,2022,Defoliation > 75% of leaves defoliated,246,22.14,47.582
190902,Melozitna River-Yukon River,2024,Mortality,206895,18620.55,81.835
190902,Melozitna River-Yukon River,2024,Defoliation > 75% of leaves defoliated,41306,3717.54,16.338
190902,Melozitna River-Yukon River,2024,Defoliation 50-75% of leaves defoliated,13451,1210.59,5.32
190902,Melozitna River-Yukon River,2024,Crown Discoloration,1415,127.35,0.56
190903,Outlet Yukon River,1998,Mortality,20165,1814.85,100.0
190903,Outlet Yukon River,1999,Defoliation,283535,25518.15,98.953
190903,Outlet Yukon River,1999,Mortality,2024,182.16,0.706
190903,Outlet Yukon River,1999,Crown Discoloration,975,87.75,0.34
190903,Outlet Yukon River,2000,Defoliation,164121,14770.89,73.74
190903,Outlet Yukon River,2000,Mortality,58447,5260.23,26.26
190903,Outlet Yukon River,2001,Defoliation,75261,6773.49,100.0
190903,Outlet Yukon River,2002,Defoliation,17104,1539.36,100.0
190903,Outlet Yukon River,2003,Defoliation,150341,13530.69,100.0
190903,Outlet Yukon River,2004,Defoliation,21225,1910.25,98.831
190903,Outlet Yukon River,2004,Mortality,251,22.59,1.169
190903,Outlet Yukon River,2005,Defoliation,32748,2947.32,90.22
190903,Outlet Yukon River,2005,Mortality,3550,319.5,9.78
190903,Outlet Yukon River,2006,Defoliation,53347,4801.23,97.568
190903,Outlet Yukon River,2006,Mortality,1330,119.7,2.432
190903,Outlet Yukon River,2007,Defoliation,54256,4883.04,98.626
190903,Outlet Yukon River,2007,Mortality,615,55.35,1.118
190903,Outlet Yukon River,2007,Main stem Broken or Uprooted,141,12.69,0.256
190903,Outlet Yukon River,2008,Defoliation,25335,2280.15,93.719
190903,Outlet Yukon River,2008,Mortality,1698,152.82,6.281
190903,Outlet Yukon River,2009,Defoliation,38067,3426.03,95.049
190903,Outlet Yukon River,2009,Mortality,1926,173.34,4.809
190903,Outlet Yukon River,2009,Crown Dieback,57,5.13,0.142
190903,Outlet Yukon River,2010,Defoliation,56333,5069.97,89.099
190903,Outlet Yukon River,2010,Crown Dieback,6323,569.07,10.001
190903,Outlet Yukon River,2010,Mortality,569,51.21,0.9
190903,Outlet Yukon River,2011,Defoliation,6483,583.47,73.246
190903,Outlet Yukon River,2011,Crown Dieback,1304,117.36,14.733
190903,Outlet Yukon River,2011,Mortality,1004,90.36,11.343
190903,Outlet Yukon River,2011,Crown Discoloration,60,5.4,0.678
190903,Outlet Yukon River,2012,Crown Dieback,504,45.36,100.0
190903,Outlet Yukon River,2012,Defoliation,428,38.52,84.921
190903,Outlet Yukon River,2013,Defoliation,608153,54733.77,99.977
190903,Outlet Yukon River,2013,Mortality,137,12.33,0.023
190903,Outlet Yukon River,2014,Defoliation,472556,42530.04,99.528
190903,Outlet Yukon River,2014,Mortality,2142,192.78,0.451
190903,Outlet Yukon River,2014,Crown Dieback,97,8.73,0.02
190903,Outlet Yukon River,2015,Defoliation,399735,35976.15,99.952
190903,Outlet Yukon River,2015,Mortality,602,54.18,0.151
190903,Outlet Yukon River,2016,Defoliation > 75% of leaves defoliated,114925,10343.25,51.955
190903,Outlet Yukon River,2016,Defoliation 50-75% of leaves defoliated,105986,9538.74,47.914
190903,Outlet Yukon River,2016,Defoliation < 50% of leaves defoliated,288,25.92,0.13
190903,Outlet Yukon River,2017,Defoliation > 75% of leaves defoliated,131867,11868.03,76.741
190903,Outlet Yukon River,2017,Defoliation 50-75% of leaves defoliated,39761,3578.49,23.139
190903,Outlet Yukon River,2017,Mortality,193,17.37,0.112
190903,Outlet Yukon River,2017,Branch flagging,13,1.17,0.008
190903,Outlet Yukon River,2018,Defoliation 50-75% of leaves defoliated,10485,943.65,86.753
190903,Outlet Yukon River,2018,Mortality,807,72.63,6.677
190903,Outlet Yukon River,2018,Crown Dieback,465,41.85,3.847
190903,Outlet Yukon River,2018,Defoliation > 75% of leaves defoliated,312,28.08,2.581
190903,Outlet Yukon River,2018,Crown Discoloration,17,1.53,0.141
