subregion,subregion_name,year,native_class,pixel_count,area_ha
190202,Prince William Sound,1997,flooding-high water,2235,201.15
190202,Prince William Sound,1997,mud-land slide,128,11.52
190202,Prince William Sound,1997,spruce beetle,804,72.36
190202,Prince William Sound,1997,western blackheaded budworm,78031,7022.79
190202,Prince William Sound,1997,wind-tornado/hurricane,444,39.96
190202,Prince William Sound,1998,Chrysomela leaf beetle,516,46.44
190202,Prince William Sound,1998,defoliators,39,3.51
190202,Prince William Sound,1998,flooding-high water,135,12.15
190202,Prince William Sound,1998,spruce beetle,808,72.72
190202,Prince William Sound,1999,spruce beetle,2364,212.76
190202,Prince William Sound,1999,western blackheaded budworm,261,23.49
190202,Prince William Sound,2001,flooding-high water,613,55.17
190202,Prince William Sound,2001,western blackheaded budworm,56752,5107.68
190202,Prince William Sound,2002,defoliators,107,9.63
190202,Prince William Sound,2002,spruce beetle,3,0.27
190202,Prince William Sound,2002,western blackheaded budworm,13467,1212.03
190202,Prince William Sound,2003,defoliators,252,22.68
190202,Prince William Sound,2003,spruce aphid,51,4.59
190202,Prince William Sound,2003,western blackheaded budworm,5701,513.09
190202,Prince William Sound,2003,wind-tornado/hurricane,20,1.8
190202,Prince William Sound,2004,flooding-high water,938,84.42
190202,Prince William Sound,2004,western blackheaded budworm,468,42.12
190202,Prince William Sound,2005,defoliators,10690,962.1
190202,Prince William Sound,2005,flooding-high water,1318,118.62
190202,Prince William Sound,2005,spruce aphid,20570,1851.3
190202,Prince William Sound,2005,spruce beetle,581,52.29
190202,Prince William Sound,2005,western blackheaded budworm,6291,566.19
190202,Prince William Sound,2006,flooding-high water,1866,167.94
190202,Prince William Sound,2006,western blackheaded budworm,2358,212.22
190202,Prince William Sound,2007,flooding-high water,734,66.06
190202,Prince William Sound,2007,spruce aphid,2916,262.44
190202,Prince William Sound,2007,spruce beetle,495,44.55
190202,Prince William Sound,2007,western blackheaded budworm,30611,2754.99
190202,Prince William Sound,2008,common porcupine,246,22.14
190202,Prince William Sound,2008,flooding-high water,395,35.55
190202,Prince William Sound,2008,mud-land slide,32,2.88
190202,Prince William Sound,2008,western blackheaded budworm,8893,800.37
190202,Prince William Sound,2008,wind-tornado/hurricane,14,1.26
190202,Prince William Sound,2009,decline complex,908,81.72
190202,Prince William Sound,2009,western blackheaded budworm,2898,260.82
190202,Prince William Sound,2010,canker (general),201,18.09
190202,Prince William Sound,2010,spruce beetle,282,25.38
190202,Prince William Sound,2011,defoliators,11670,1050.3
190202,Prince William Sound,2011,dieback,13407,1206.63
190202,Prince William Sound,2011,flooding-high water,149,13.41
190202,Prince William Sound,2011,mortality,28009,2520.81
190202,Prince William Sound,2011,spruce beetle,3800,342.0
190202,Prince William Sound,2011,willow leaf blotchminer,22,1.98
190202,Prince William Sound,2012,defoliators,15722,1414.98
190202,Prince William Sound,2012,flooding-high water,73,6.57
190202,Prince William Sound,2012,"other wilt, known (code pending)",31,2.79
190202,Prince William Sound,2013,decline complex,127,11.43
190202,Prince William Sound,2013,defoliators,1952,175.68
190202,Prince William Sound,2013,flooding-high water,20,1.8
190202,Prince William Sound,2014,decline complex,6078,547.02
190202,Prince William Sound,2014,defoliators,41,3.69
190202,Prince William Sound,2014,flooding-high water,344,30.96
190202,Prince William Sound,2015,flooding-high water,686,61.74
190202,Prince William Sound,2015,spruce aphid,4100,369.0
190202,Prince William Sound,2015,unknown canker,181,16.29
190202,Prince William Sound,2015,unknown defoliator,173,15.57
190202,Prince William Sound,2016,flooding-high water,899,80.91
190202,Prince William Sound,2016,spruce aphid,4396,395.64
190202,Prince William Sound,2016,spruce beetle,572,51.48
190202,Prince William Sound,2016,unknown canker,549,49.41
190202,Prince William Sound,2016,unknown defoliator,361,32.49
190202,Prince William Sound,2017,unknown,4790,431.1
190202,Prince William Sound,2017,unknown defoliator,54,4.86
190202,Prince William Sound,2017,wind-tornado/hurricane,41,3.69
190202,Prince William Sound,2018,"other canker agent, known (code pending)",76,6.84
190202,Prince William Sound,2018,spruce beetle,1507,135.63
190202,Prince William Sound,2018,unknown,122,10.98
190202,Prince William Sound,2018,unknown defoliator,304,27.36
190202,Prince William Sound,2018,wind-tornado/hurricane,25,2.25
190202,Prince William Sound,2020,spruce beetle,8380,754.2
190202,Prince William Sound,2020,wind-tornado/hurricane,20,1.8
190202,Prince William Sound,2021,flooding-high water,255,22.95
190202,Prince William Sound,2021,spruce beetle,74,6.66
190202,Prince William Sound,2022,spruce beetle,80,7.2
190202,Prince William Sound,2022,unknown defoliator,415,37.35
190202,Prince William Sound,2023,spruce beetle,1082,97.38
190202,Prince William Sound,2023,unknown defoliator,667,60.03
190202,Prince William Sound,2024,flooding-high water,239,21.51
190202,Prince William Sound,2024,"other canker agent, known (code pending)",347,31.23
190202,Prince William Sound,2024,spruce beetle,78,7.02
190202,Prince William Sound,2024,unknown,30,2.7
190202,Prince William Sound,2025,flooding-high water,66,5.94
190202,Prince William Sound,2025,snow-ice,8,0.72
190202,Prince William Sound,2025,spruce beetle,32,2.88
190202,Prince William Sound,2025,western blackheaded budworm,211663,19049.67
190203,Kenai Peninsula,1997,defoliators,3263,293.67
190203,Kenai Peninsula,1997,fire,108,9.72
190203,Kenai Peninsula,1997,flooding-high water,264,23.76
190203,Kenai Peninsula,1997,large aspen tortrix,1017,91.53
190203,Kenai Peninsula,1997,large-spored spruce-Labrador tea rust,48418,4357.62
190203,Kenai Peninsula,1997,northern spruce engraver,175,15.75
190203,Kenai Peninsula,1997,spruce beetle,1238409,111456.81
190203,Kenai Peninsula,1997,western blackheaded budworm,81,7.29
190203,Kenai Peninsula,1997,willow leaf blotchminer,13,1.17
190203,Kenai Peninsula,1997,wind-tornado/hurricane,3521,316.89
190203,Kenai Peninsula,1998,Chrysomela leaf beetle,9009,810.81
190203,Kenai Peninsula,1998,fire,927,83.43
190203,Kenai Peninsula,1998,flooding-high water,337,30.33
190203,Kenai Peninsula,1998,large aspen tortrix,57670,5190.3
190203,Kenai Peninsula,1998,large-spored spruce-Labrador tea rust,451,40.59
190203,Kenai Peninsula,1998,northern spruce engraver,39,3.51
190203,Kenai Peninsula,1998,spruce beetle,740449,66640.41
190203,Kenai Peninsula,1999,fire,5143,462.87
190203,Kenai Peninsula,1999,flooding-high water,451,40.59
190203,Kenai Peninsula,1999,large aspen tortrix,2602,234.18
190203,Kenai Peninsula,1999,mud-land slide,194,17.46
190203,Kenai Peninsula,1999,northern spruce engraver,305,27.45
190203,Kenai Peninsula,1999,spruce beetle,293879,26449.11
190203,Kenai Peninsula,1999,willow leaf blotchminer,18,1.62
190203,Kenai Peninsula,2000,defoliators,3520,316.8
190203,Kenai Peninsula,2000,mud-land slide,1776,159.84
190203,Kenai Peninsula,2000,spruce beetle,233203,20988.27
190203,Kenai Peninsula,2001,defoliators,5265,473.85
190203,Kenai Peninsula,2001,fire,11229,1010.61
190203,Kenai Peninsula,2001,flooding-high water,88,7.92
190203,Kenai Peninsula,2001,northern spruce engraver,35,3.15
190203,Kenai Peninsula,2001,spruce beetle,134932,12143.88
190203,Kenai Peninsula,2001,western blackheaded budworm,997,89.73
190203,Kenai Peninsula,2001,willow leaf blotchminer,265,23.85
190203,Kenai Peninsula,2002,Chrysomela leaf beetle,200,18.0
190203,Kenai Peninsula,2002,birch leafminer,1444,129.96
190203,Kenai Peninsula,2002,defoliators,2920,262.8
190203,Kenai Peninsula,2002,flooding-high water,31,2.79
190203,Kenai Peninsula,2002,northern spruce engraver,148,13.32
190203,Kenai Peninsula,2002,spruce beetle,43176,3885.84
190203,Kenai Peninsula,2002,wind-tornado/hurricane,2,0.18
190203,Kenai Peninsula,2003,aspen leafminer,43,3.87
190203,Kenai Peninsula,2003,birch leafminer,2943,264.87
190203,Kenai Peninsula,2003,birch leafroller,322,28.98
190203,Kenai Peninsula,2003,defoliators,2947,265.23
190203,Kenai Peninsula,2003,spruce beetle,78524,7067.16
190203,Kenai Peninsula,2004,aspen leafminer,94,8.46
190203,Kenai Peninsula,2004,birch leafminer,5560,500.4
190203,Kenai Peninsula,2004,decline complex,3981,358.29
190203,Kenai Peninsula,2004,defoliators,1877,168.93
190203,Kenai Peninsula,2004,spruce beetle,24846,2236.14
190203,Kenai Peninsula,2005,birch leafminer,3685,331.65
190203,Kenai Peninsula,2005,defoliators,8774,789.66
190203,Kenai Peninsula,2005,fire,40863,3677.67
190203,Kenai Peninsula,2005,flooding-high water,528,47.52
190203,Kenai Peninsula,2005,mud-land slide,200,18.0
190203,Kenai Peninsula,2005,spruce beetle,33737,3036.33
190203,Kenai Peninsula,2005,willow leaf blotchminer,48,4.32
190203,Kenai Peninsula,2006,aspen leafminer,6225,560.25
190203,Kenai Peninsula,2006,defoliators,2476,222.84
190203,Kenai Peninsula,2006,large aspen tortrix,5918,532.62
190203,Kenai Peninsula,2006,northern spruce engraver,486,43.74
190203,Kenai Peninsula,2006,spruce beetle,60311,5427.99
190203,Kenai Peninsula,2006,spruce broom rust,50,4.5
190203,Kenai Peninsula,2007,aspen leafminer,2666,239.94
190203,Kenai Peninsula,2007,defoliators,412,37.08
190203,Kenai Peninsula,2007,flooding-high water,12473,1122.57
190203,Kenai Peninsula,2007,northern spruce engraver,363,32.67
190203,Kenai Peninsula,2007,spruce beetle,81493,7334.37
190203,Kenai Peninsula,2007,wind-tornado/hurricane,198,17.82
190203,Kenai Peninsula,2009,aspen leafminer,18965,1706.85
190203,Kenai Peninsula,2009,decline complex,108,9.72
190203,Kenai Peninsula,2009,flooding-high water,412,37.08
190203,Kenai Peninsula,2009,spear-marked black moth,64351,5791.59
190203,Kenai Peninsula,2009,spruce beetle,37666,3389.94
190203,Kenai Peninsula,2010,aspen leafminer,14965,1346.85
190203,Kenai Peninsula,2010,canker (general),5066,455.94
190203,Kenai Peninsula,2010,defoliators,1030,92.7
190203,Kenai Peninsula,2010,flooding-high water,117,10.53
190203,Kenai Peninsula,2010,large aspen tortrix,610,54.9
190203,Kenai Peninsula,2010,large-spored spruce-Labrador tea rust,61,5.49
190203,Kenai Peninsula,2010,spear-marked black moth,711,63.99
190203,Kenai Peninsula,2010,spruce beetle,16123,1451.07
190203,Kenai Peninsula,2010,willow leaf blotchminer,4084,367.56
190203,Kenai Peninsula,2011,aspen leafminer,72,6.48
190203,Kenai Peninsula,2011,defoliators,50464,4541.76
190203,Kenai Peninsula,2011,dieback,31682,2851.38
190203,Kenai Peninsula,2011,flooding-high water,96,8.64
190203,Kenai Peninsula,2011,large aspen tortrix,570,51.3
190203,Kenai Peninsula,2011,large-spored spruce-Labrador tea rust,115,10.35
190203,Kenai Peninsula,2011,spruce beetle,22639,2037.51
190203,Kenai Peninsula,2011,willow leaf blotchminer,2282,205.38
190203,Kenai Peninsula,2012,defoliators,44670,4020.3
190203,Kenai Peninsula,2012,flooding-high water,41,3.69
190203,Kenai Peninsula,2012,hemlock sawfly,9927,893.43
190203,Kenai Peninsula,2012,"other wilt, known (code pending)",83,7.47
190203,Kenai Peninsula,2012,spruce beetle,5616,505.44
190203,Kenai Peninsula,2012,willow leaf blotchminer,3005,270.45
190203,Kenai Peninsula,2013,birch leafroller,113452,10210.68
190203,Kenai Peninsula,2013,decline complex,15213,1369.17
190203,Kenai Peninsula,2013,defoliators,81799,7361.91
190203,Kenai Peninsula,2013,flooding-high water,75,6.75
190203,Kenai Peninsula,2013,spear-marked black moth,401,36.09
190203,Kenai Peninsula,2013,spruce beetle,963,86.67
190203,Kenai Peninsula,2013,willow leaf blotchminer,2221,199.89
190203,Kenai Peninsula,2014,aspen leafminer,31,2.79
190203,Kenai Peninsula,2014,birch leafminer,105,9.45
190203,Kenai Peninsula,2014,decline complex,9766,878.94
190203,Kenai Peninsula,2014,defoliators,15308,1377.72
190203,Kenai Peninsula,2014,flooding-high water,303,27.27
190203,Kenai Peninsula,2014,spruce beetle,688,61.92
190203,Kenai Peninsula,2015,birch leafminer,918,82.62
190203,Kenai Peninsula,2015,flooding-high water,1162,104.58
190203,Kenai Peninsula,2015,large aspen tortrix,3223,290.07
190203,Kenai Peninsula,2015,spruce aphid,5520,496.8
190203,Kenai Peninsula,2015,spruce beetle,32316,2908.44
190203,Kenai Peninsula,2015,unknown canker,1505,135.45
190203,Kenai Peninsula,2015,unknown defoliator,48129,4331.61
190203,Kenai Peninsula,2016,aspen leafminer,144,12.96
190203,Kenai Peninsula,2016,flooding-high water,163,14.67
190203,Kenai Peninsula,2016,northern spruce engraver,44,3.96
190203,Kenai Peninsula,2016,spruce aphid,76368,6873.12
190203,Kenai Peninsula,2016,spruce beetle,72873,6558.57
190203,Kenai Peninsula,2016,spruce broom rust,256,23.04
190203,Kenai Peninsula,2016,unknown canker,1372,123.48
190203,Kenai Peninsula,2016,unknown defoliator,40353,3631.77
190203,Kenai Peninsula,2016,willow leaf blotchminer,871,78.39
190203,Kenai Peninsula,2016,wind-tornado/hurricane,131,11.79
190203,Kenai Peninsula,2017,mud-land slide,74,6.66
190203,Kenai Peninsula,2017,northern spruce engraver,1416,127.44
190203,Kenai Peninsula,2017,"other canker agent, known (code pending)",929,83.61
190203,Kenai Peninsula,2017,spruce beetle,247689,22292.01
190203,Kenai Peninsula,2017,unknown canker,34,3.06
190203,Kenai Peninsula,2017,unknown defoliator,27368,2463.12
190203,Kenai Peninsula,2017,willow leaf blotchminer,99,8.91
190203,Kenai Peninsula,2018,flooding-high water,79,7.11
190203,Kenai Peninsula,2018,large-spored spruce-Labrador tea rust,1368,123.12
190203,Kenai Peninsula,2018,"other canker agent, known (code pending)",23,2.07
190203,Kenai Peninsula,2018,spruce beetle,214977,19347.93
190203,Kenai Peninsula,2018,unknown,510,45.9
190203,Kenai Peninsula,2018,unknown defoliator,59065,5315.85
190203,Kenai Peninsula,2019,aspen leafminer,20,1.8
190203,Kenai Peninsula,2019,birch leafminer,383271,34494.39
190203,Kenai Peninsula,2019,cottonwood leaf beetle,383,34.47
190203,Kenai Peninsula,2019,flooding-high water,54,4.86
190203,Kenai Peninsula,2019,large-spored spruce-Labrador tea rust,4,0.36
190203,Kenai Peninsula,2019,"other canker agent, known (code pending)",50,4.5
190203,Kenai Peninsula,2019,spruce beetle,27395,2465.55
190203,Kenai Peninsula,2019,spruce broom rust,91,8.19
190203,Kenai Peninsula,2019,unknown,23,2.07
190203,Kenai Peninsula,2019,unknown defoliator,713,64.17
190203,Kenai Peninsula,2020,aspen leafminer,123,11.07
190203,Kenai Peninsula,2020,drought,547,49.23
190203,Kenai Peninsula,2020,"other canker agent, known (code pending)",10,0.9
190203,Kenai Peninsula,2020,spruce beetle,97937,8814.33
190203,Kenai Peninsula,2020,unknown defoliator,3602,324.18
190203,Kenai Peninsula,2021,drought,212,19.08
190203,Kenai Peninsula,2021,flooding-high water,156,14.04
190203,Kenai Peninsula,2021,large-spored spruce-Labrador tea rust,602,54.18
190203,Kenai Peninsula,2021,northern spruce engraver,14,1.26
190203,Kenai Peninsula,2021,"other canker agent, known (code pending)",400,36.0
190203,Kenai Peninsula,2021,spruce beetle,175204,15768.36
190203,Kenai Peninsula,2021,spruce broom rust,6,0.54
190203,Kenai Peninsula,2021,unknown,124,11.16
190203,Kenai Peninsula,2021,unknown canker,55,4.95
190203,Kenai Peninsula,2021,unknown defoliator,4713,424.17
190203,Kenai Peninsula,2022,flooding-high water,178,16.02
190203,Kenai Peninsula,2022,"other canker agent, known (code pending)",1369,123.21
190203,Kenai Peninsula,2022,snow-ice,35,3.15
190203,Kenai Peninsula,2022,spruce beetle,258200,23238.0
190203,Kenai Peninsula,2022,spruce broom rust,6,0.54
190203,Kenai Peninsula,2022,unknown,165,14.85
190203,Kenai Peninsula,2022,unknown defoliator,40447,3640.23
190203,Kenai Peninsula,2022,wind-tornado/hurricane,17,1.53
190203,Kenai Peninsula,2023,flooding-high water,81,7.29
190203,Kenai Peninsula,2023,large-spored spruce-Labrador tea rust,921,82.89
190203,Kenai Peninsula,2023,northern spruce engraver and spruce beetle,340,30.6
190203,Kenai Peninsula,2023,"other canker agent, known (code pending)",57,5.13
190203,Kenai Peninsula,2023,spruce beetle,372892,33560.28
190203,Kenai Peninsula,2023,unknown,153,13.77
190203,Kenai Peninsula,2023,unknown defoliator,20191,1817.19
190203,Kenai Peninsula,2024,bears,71,6.39
190203,Kenai Peninsula,2024,flooding-high water,951,85.59
190203,Kenai Peninsula,2024,follow-up 10,156,14.04
190203,Kenai Peninsula,2024,large-spored spruce-Labrador tea rust,525,47.25
190203,Kenai Peninsula,2024,northern spruce engraver and spruce beetle,355,31.95
190203,Kenai Peninsula,2024,"other canker agent, known (code pending)",59,5.31
190203,Kenai Peninsula,2024,"other defoliator, known (code pending)",269,24.21
190203,Kenai Peninsula,2024,spruce beetle,43230,3890.7
190203,Kenai Peninsula,2024,unknown abiotic damage,191,17.19
190203,Kenai Peninsula,2024,unknown defoliator,5927,533.43
190203,Kenai Peninsula,2024,wind-tornado/hurricane,27,2.43
190203,Kenai Peninsula,2025,birch leafminer,339883,30589.47
190203,Kenai Peninsula,2025,flooding-high water,326,29.34
190203,Kenai Peninsula,2025,mud-land slide,17,1.53
190203,Kenai Peninsula,2025,northern spruce engraver and spruce beetle,32,2.88
190203,Kenai Peninsula,2025,spruce aphid,13,1.17
190203,Kenai Peninsula,2025,spruce beetle,12202,1098.18
190203,Kenai Peninsula,2025,unknown defoliator,3770,339.3
190203,Kenai Peninsula,2025,unknown foliage or shoot disease,7957,716.13
190203,Kenai Peninsula,2025,western blackheaded budworm,10162,914.58
190303,Nushagak River,1999,flooding-high water,276,24.84
190303,Nushagak River,2000,flooding-high water,198,17.82
190303,Nushagak River,2001,spruce beetle,8774,789.66
190303,Nushagak River,2001,western blackheaded budworm,134312,12088.08
190303,Nushagak River,2002,Chrysomela leaf beetle,670,60.3
190303,Nushagak River,2002,birch leafminer,2155,193.95
190303,Nushagak River,2002,defoliators,139048,12514.32
190303,Nushagak River,2002,spruce budworm,23293,2096.37
190303,Nushagak River,2003,defoliators,59028,5312.52
190303,Nushagak River,2003,spruce beetle,25023,2252.07
190303,Nushagak River,2003,western blackheaded budworm,51373,4623.57
190303,Nushagak River,2004,defoliators,5878,529.02
190303,Nushagak River,2004,spruce beetle,1035,93.15
190303,Nushagak River,2004,willow leaf blotchminer,741,66.69
190303,Nushagak River,2005,defoliators,7603,684.27
190303,Nushagak River,2005,skeletonizer,13236,1191.24
190303,Nushagak River,2005,spruce beetle,1700,153.0
190303,Nushagak River,2006,defoliators,11305,1017.45
190303,Nushagak River,2006,skeletonizer,4391,395.19
190303,Nushagak River,2006,spruce beetle,16416,1477.44
190303,Nushagak River,2007,defoliators,3313,298.17
190303,Nushagak River,2007,flooding-high water,311,27.99
190303,Nushagak River,2007,spruce beetle,1385,124.65
190303,Nushagak River,2007,willow leaf blotchminer,389,35.01
190303,Nushagak River,2008,flooding-high water,205,18.45
190303,Nushagak River,2008,northern spruce engraver,415,37.35
190303,Nushagak River,2008,spruce beetle,244,21.96
190303,Nushagak River,2009,decline complex,564,50.76
190303,Nushagak River,2009,defoliators,751,67.59
190303,Nushagak River,2009,flooding-high water,19,1.71
190303,Nushagak River,2009,northern spruce engraver,278,25.02
190303,Nushagak River,2009,spruce beetle,687,61.83
190303,Nushagak River,2010,blight,7811,702.99
190303,Nushagak River,2010,canker (general),300,27.0
190303,Nushagak River,2010,defoliators,104638,9417.42
190303,Nushagak River,2010,flooding-high water,1229,110.61
190303,Nushagak River,2010,western blackheaded budworm,1555,139.95
190303,Nushagak River,2010,willow leaf blotchminer,21671,1950.39
190303,Nushagak River,2011,aspen leafminer,12482,1123.38
190303,Nushagak River,2011,birch aphid,34,3.06
190303,Nushagak River,2011,defoliators,63369,5703.21
190303,Nushagak River,2011,dieback,51468,4632.12
190303,Nushagak River,2011,willow leaf blotchminer,21178,1906.02
190303,Nushagak River,2012,cottonwood leafminers,218,19.62
190303,Nushagak River,2012,defoliators,292519,26326.71
190303,Nushagak River,2012,flooding-high water,649,58.41
190303,Nushagak River,2012,"other wilt, known (code pending)",1243,111.87
190303,Nushagak River,2012,willow leaf blotchminer,24343,2190.87
190303,Nushagak River,2013,birch leafroller,24010,2160.9
190303,Nushagak River,2013,decline complex,7099,638.91
190303,Nushagak River,2013,defoliators,17189,1547.01
190303,Nushagak River,2013,flooding-high water,219,19.71
190303,Nushagak River,2013,western blackheaded budworm,544771,49029.39
190303,Nushagak River,2013,willow leaf blotchminer,24281,2185.29
190303,Nushagak River,2014,birch leafroller,83926,7553.34
190303,Nushagak River,2014,decline complex,12695,1142.55
190303,Nushagak River,2014,defoliators,106288,9565.92
190303,Nushagak River,2014,dieback,11796,1061.64
190303,Nushagak River,2014,flooding-high water,1107,99.63
190303,Nushagak River,2014,northern spruce engraver,78,7.02
190303,Nushagak River,2014,spruce beetle,9,0.81
190303,Nushagak River,2015,unknown canker,965,86.85
190303,Nushagak River,2015,unknown defoliator,75943,6834.87
190303,Nushagak River,2016,speckled green fruitworm,71989,6479.01
190303,Nushagak River,2016,unknown canker,194,17.46
190303,Nushagak River,2016,unknown defoliator,5847,526.23
190303,Nushagak River,2016,willow leaf blotchminer,5920,532.8
190303,Nushagak River,2017,flooding-high water,37,3.33
190303,Nushagak River,2017,"other canker agent, known (code pending)",91,8.19
190303,Nushagak River,2017,speckled green fruitworm,159912,14392.08
190303,Nushagak River,2017,unknown defoliator,3032,272.88
190303,Nushagak River,2017,willow leaf blotchminer,1636,147.24
190303,Nushagak River,2018,northern spruce engraver,23,2.07
190303,Nushagak River,2018,"other canker agent, known (code pending)",156,14.04
190303,Nushagak River,2018,speckled green fruitworm,37959,3416.31
190303,Nushagak River,2018,spruce beetle,8086,727.74
190303,Nushagak River,2018,unknown defoliator,246,22.14
190303,Nushagak River,2018,willow leaf blotchminer,34,3.06
190303,Nushagak River,2019,flooding-high water,56,5.04
190303,Nushagak River,2019,large-spored spruce-Labrador tea rust,364631,32816.79
190303,Nushagak River,2019,"other canker agent, known (code pending)",4,0.36
190303,Nushagak River,2019,spruce beetle,949,85.41
190303,Nushagak River,2019,spruce broom rust,690,62.1
190303,Nushagak River,2019,unknown defoliator,4104,369.36
190503,Kobuk-Selawik Rivers,1999,defoliators,470,42.3
190503,Kobuk-Selawik Rivers,1999,flooding-high water,294,26.46
190503,Kobuk-Selawik Rivers,1999,northern spruce engraver,249,22.41
190503,Kobuk-Selawik Rivers,1999,willow leaf blotchminer,749,67.41
190503,Kobuk-Selawik Rivers,2000,northern spruce engraver,451,40.59
190503,Kobuk-Selawik Rivers,2000,spruce beetle,1217,109.53
190503,Kobuk-Selawik Rivers,2002,eastern larch beetle,21811,1962.99
190503,Kobuk-Selawik Rivers,2002,spruce beetle,232,20.88
190503,Kobuk-Selawik Rivers,2004,aspen leafminer,54534,4908.06
190503,Kobuk-Selawik Rivers,2004,willow leaf blotchminer,6873,618.57
190503,Kobuk-Selawik Rivers,2005,aspen leafminer,19126,1721.34
190503,Kobuk-Selawik Rivers,2005,defoliators,93,8.37
190503,Kobuk-Selawik Rivers,2005,northern spruce engraver,1210,108.9
190503,Kobuk-Selawik Rivers,2005,spear-marked black moth,290,26.1
190503,Kobuk-Selawik Rivers,2006,aspen leafminer,24,2.16
190503,Kobuk-Selawik Rivers,2006,larch sawfly,18,1.62
190503,Kobuk-Selawik Rivers,2006,large aspen tortrix,630,56.7
190503,Kobuk-Selawik Rivers,2006,northern spruce engraver,40,3.6
190503,Kobuk-Selawik Rivers,2006,spruce beetle,40,3.6
190503,Kobuk-Selawik Rivers,2007,aspen leafminer,11575,1041.75
190503,Kobuk-Selawik Rivers,2007,defoliators,313,28.17
190503,Kobuk-Selawik Rivers,2007,northern spruce engraver,384,34.56
190503,Kobuk-Selawik Rivers,2008,defoliators,231,20.79
190503,Kobuk-Selawik Rivers,2008,flooding-high water,115,10.35
190503,Kobuk-Selawik Rivers,2008,large-spored spruce-Labrador tea rust,224,20.16
190503,Kobuk-Selawik Rivers,2008,northern spruce engraver,860,77.4
190503,Kobuk-Selawik Rivers,2008,willow leaf blotchminer,967,87.03
190503,Kobuk-Selawik Rivers,2009,aspen leafminer,41682,3751.38
190503,Kobuk-Selawik Rivers,2009,defoliators,110,9.9
190503,Kobuk-Selawik Rivers,2009,northern spruce engraver,6018,541.62
190503,Kobuk-Selawik Rivers,2009,willow leaf blotchminer,192,17.28
190503,Kobuk-Selawik Rivers,2010,aspen leafminer,21303,1917.27
190503,Kobuk-Selawik Rivers,2010,blight,61,5.49
190503,Kobuk-Selawik Rivers,2010,canker (general),1052,94.68
190503,Kobuk-Selawik Rivers,2010,large aspen tortrix,4790,431.1
190503,Kobuk-Selawik Rivers,2010,large-spored spruce-Labrador tea rust,231,20.79
190503,Kobuk-Selawik Rivers,2010,northern spruce engraver,1996,179.64
190503,Kobuk-Selawik Rivers,2010,spruce beetle,59,5.31
190503,Kobuk-Selawik Rivers,2010,willow leaf blotchminer,15845,1426.05
190503,Kobuk-Selawik Rivers,2011,defoliators,21,1.89
190503,Kobuk-Selawik Rivers,2011,dieback,4079,367.11
190503,Kobuk-Selawik Rivers,2011,flooding-high water,20,1.8
190503,Kobuk-Selawik Rivers,2011,large-spored spruce-Labrador tea rust,42,3.78
190503,Kobuk-Selawik Rivers,2011,northern spruce engraver,285,25.65
190503,Kobuk-Selawik Rivers,2011,willow leaf blotchminer,360,32.4
190503,Kobuk-Selawik Rivers,2012,aspen leafminer,4139,372.51
190503,Kobuk-Selawik Rivers,2012,defoliators,1171,105.39
190503,Kobuk-Selawik Rivers,2012,flooding-high water,95,8.55
190503,Kobuk-Selawik Rivers,2012,northern spruce engraver,582,52.38
190503,Kobuk-Selawik Rivers,2012,"other wilt, known (code pending)",85,7.65
190503,Kobuk-Selawik Rivers,2012,willow leaf blotchminer,478,43.02
190503,Kobuk-Selawik Rivers,2012,winter injury,186,16.74
190503,Kobuk-Selawik Rivers,2013,birch leafroller,530,47.7
190503,Kobuk-Selawik Rivers,2013,decline complex,17,1.53
190503,Kobuk-Selawik Rivers,2013,defoliators,2826,254.34
190503,Kobuk-Selawik Rivers,2013,flooding-high water,421,37.89
190503,Kobuk-Selawik Rivers,2013,large aspen tortrix,229,20.61
190503,Kobuk-Selawik Rivers,2013,northern spruce engraver,1133,101.97
190503,Kobuk-Selawik Rivers,2013,spruce budworm,14549,1309.41
190503,Kobuk-Selawik Rivers,2013,willow leaf blotchminer,651,58.59
190503,Kobuk-Selawik Rivers,2014,defoliators,7584,682.56
190503,Kobuk-Selawik Rivers,2014,flooding-high water,1755,157.95
190503,Kobuk-Selawik Rivers,2014,large aspen tortrix,6614,595.26
190503,Kobuk-Selawik Rivers,2014,northern spruce engraver,226,20.34
190503,Kobuk-Selawik Rivers,2014,spruce beetle,490,44.1
190503,Kobuk-Selawik Rivers,2014,spruce broom rust,2,0.18
190503,Kobuk-Selawik Rivers,2015,flooding-high water,3673,330.57
190503,Kobuk-Selawik Rivers,2015,large aspen tortrix,6473,582.57
190503,Kobuk-Selawik Rivers,2015,northern spruce engraver,2446,220.14
190503,Kobuk-Selawik Rivers,2015,spruce beetle,471,42.39
190503,Kobuk-Selawik Rivers,2015,spruce broom rust,106,9.54
190503,Kobuk-Selawik Rivers,2015,unknown defoliator,145,13.05
190503,Kobuk-Selawik Rivers,2015,willow leaf blotchminer,430,38.7
190503,Kobuk-Selawik Rivers,2016,aspen leafminer,82215,7399.35
190503,Kobuk-Selawik Rivers,2016,birch leafroller,155,13.95
190503,Kobuk-Selawik Rivers,2016,flooding-high water,3753,337.77
190503,Kobuk-Selawik Rivers,2016,northern spruce engraver,2109,189.81
190503,Kobuk-Selawik Rivers,2016,unknown defoliator,353,31.77
190503,Kobuk-Selawik Rivers,2016,willow leaf blotchminer,3401,306.09
190503,Kobuk-Selawik Rivers,2017,aspen leafminer,21309,1917.81
190503,Kobuk-Selawik Rivers,2017,flooding-high water,157,14.13
190503,Kobuk-Selawik Rivers,2017,northern spruce engraver,815,73.35
190503,Kobuk-Selawik Rivers,2017,spruce beetle,2508,225.72
190503,Kobuk-Selawik Rivers,2017,unknown defoliator,44216,3979.44
190503,Kobuk-Selawik Rivers,2017,willow leaf blotchminer,1149,103.41
190503,Kobuk-Selawik Rivers,2018,aspen leafminer,20043,1803.87
190503,Kobuk-Selawik Rivers,2018,flooding-high water,25,2.25
190503,Kobuk-Selawik Rivers,2018,northern spruce engraver,51,4.59
190503,Kobuk-Selawik Rivers,2018,spruce beetle,357,32.13
190503,Kobuk-Selawik Rivers,2018,unknown defoliator,2602,234.18
190205,Susitna River,1997,birch aphid,1198048,107824.32
190205,Susitna River,1997,defoliators,3888,349.92
190205,Susitna River,1997,fire,47,4.23
190205,Susitna River,1997,large aspen tortrix,444,39.96
190205,Susitna River,1997,northern spruce engraver,1691,152.19
190205,Susitna River,1997,spruce beetle,103747,9337.23
190205,Susitna River,1997,willow leaf blotchminer,563,50.67
190205,Susitna River,1998,defoliators,222,19.98
190205,Susitna River,1998,mud-land slide,515,46.35
190205,Susitna River,1998,spruce beetle,2290,206.1
190205,Susitna River,1998,spruce broom rust,27,2.43
190205,Susitna River,1999,defoliators,6771,609.39
190205,Susitna River,1999,fire,1239,111.51
190205,Susitna River,1999,flooding-high water,591,53.19
190205,Susitna River,1999,northern spruce engraver,3,0.27
190205,Susitna River,1999,spruce beetle,16647,1498.23
190205,Susitna River,1999,willow leaf blotchminer,4312,388.08
190205,Susitna River,2000,Chrysomela leaf beetle,130,11.7
190205,Susitna River,2000,defoliators,440,39.6
190205,Susitna River,2000,flooding-high water,1126,101.34
190205,Susitna River,2000,spruce beetle,8984,808.56
190205,Susitna River,2001,defoliators,13355,1201.95
190205,Susitna River,2001,flooding-high water,40,3.6
190205,Susitna River,2001,large aspen tortrix,26177,2355.93
190205,Susitna River,2001,spruce beetle,171,15.39
190205,Susitna River,2002,Chrysomela leaf beetle,1437,129.33
190205,Susitna River,2002,defoliators,67598,6083.82
190205,Susitna River,2002,flooding-high water,171,15.39
190205,Susitna River,2002,willow leaf blotchminer,809,72.81
190205,Susitna River,2003,defoliators,762548,68629.32
190205,Susitna River,2003,northern spruce engraver,26,2.34
190205,Susitna River,2003,spruce beetle,13433,1208.97
190205,Susitna River,2004,aspen leafminer,273,24.57
190205,Susitna River,2004,birch leafminer,446,40.14
190205,Susitna River,2004,birch leafroller,162,14.58
190205,Susitna River,2004,decline complex,1123,101.07
190205,Susitna River,2004,defoliators,102,9.18
190205,Susitna River,2004,flooding-high water,68,6.12
190205,Susitna River,2004,large aspen tortrix,945,85.05
190205,Susitna River,2004,spruce beetle,3006,270.54
190205,Susitna River,2004,willow leaf blotchminer,178,16.02
190205,Susitna River,2005,defoliators,33536,3018.24
190205,Susitna River,2005,flooding-high water,138,12.42
190205,Susitna River,2005,spruce beetle,27746,2497.14
190205,Susitna River,2005,spruce bud moth,1244,111.96
190205,Susitna River,2005,willow leaf blotchminer,94,8.46
190205,Susitna River,2006,aspen leafminer,3171,285.39
190205,Susitna River,2006,defoliators,337,30.33
190205,Susitna River,2006,flooding-high water,499,44.91
190205,Susitna River,2006,northern spruce engraver,24,2.16
190205,Susitna River,2006,spear-marked black moth,4669,420.21
190205,Susitna River,2006,spruce beetle,52494,4724.46
190205,Susitna River,2007,aspen leafminer,438,39.42
190205,Susitna River,2007,defoliators,3532,317.88
190205,Susitna River,2007,flooding-high water,2960,266.4
190205,Susitna River,2007,large aspen tortrix,8423,758.07
190205,Susitna River,2007,northern spruce engraver,1019,91.71
190205,Susitna River,2007,spruce beetle,91323,8219.07
190205,Susitna River,2008,Chrysomela leaf beetle,627,56.43
190205,Susitna River,2008,aspen leafminer,3391,305.19
190205,Susitna River,2008,defoliators,3035,273.15
190205,Susitna River,2008,flooding-high water,175,15.75
190205,Susitna River,2008,large aspen tortrix,14419,1297.71
190205,Susitna River,2008,northern spruce engraver,3607,324.63
190205,Susitna River,2008,spruce beetle,94307,8487.63
190205,Susitna River,2008,spruce budworm,84,7.56
190205,Susitna River,2008,willow leaf blotchminer,15696,1412.64
190205,Susitna River,2009,spruce beetle,2567,231.03
190205,Susitna River,2009,willow leaf blotchminer,12075,1086.75
190205,Susitna River,2010,canker (general),685,61.65
190205,Susitna River,2010,flooding-high water,90,8.1
190205,Susitna River,2010,northern spruce engraver,248,22.32
190205,Susitna River,2010,spruce beetle,36791,3311.19
190205,Susitna River,2010,striped alder sawfly,3837,345.33
190205,Susitna River,2010,willow leaf blotchminer,12045,1084.05
190205,Susitna River,2011,defoliators,90086,8107.74
190205,Susitna River,2011,flooding-high water,200,18.0
190205,Susitna River,2011,large aspen tortrix,5959,536.31
190205,Susitna River,2011,spruce beetle,12166,1094.94
190205,Susitna River,2011,willow leaf blotchminer,1506,135.54
190205,Susitna River,2012,decline complex,1220,109.8
190205,Susitna River,2012,defoliators,14852,1336.68
190205,Susitna River,2012,flooding-high water,90,8.1
190205,Susitna River,2012,"other wilt, known (code pending)",2754,247.86
190205,Susitna River,2012,spruce beetle,7436,669.24
190205,Susitna River,2012,willow leaf blotchminer,11943,1074.87
190205,Susitna River,2013,birch leafroller,131086,11797.74
190205,Susitna River,2013,decline complex,4676,420.84
190205,Susitna River,2013,defoliators,3304,297.36
190205,Susitna River,2013,flooding-high water,48,4.32
190205,Susitna River,2013,northern spruce engraver,626,56.34
190205,Susitna River,2013,spruce beetle,881,79.29
190205,Susitna River,2013,willow leaf blotchminer,1661,149.49
190205,Susitna River,2014,aspen leafminer,1255,112.95
190205,Susitna River,2014,birch leafminer,10475,942.75
190205,Susitna River,2014,decline complex,8095,728.55
190205,Susitna River,2014,defoliators,83647,7528.23
190205,Susitna River,2014,flooding-high water,250,22.5
190205,Susitna River,2014,northern spruce engraver,472,42.48
190205,Susitna River,2014,spruce beetle,3325,299.25
190205,Susitna River,2014,willow leaf blotchminer,34,3.06
190205,Susitna River,2015,birch leafroller,4035,363.15
190205,Susitna River,2015,flooding-high water,6745,607.05
190205,Susitna River,2015,large aspen tortrix,177,15.93
190205,Susitna River,2015,spruce beetle,49041,4413.69
190205,Susitna River,2015,unknown canker,3924,353.16
190205,Susitna River,2015,unknown defoliator,242895,21860.55
190205,Susitna River,2016,birch leafminer,64,5.76
190205,Susitna River,2016,birch leafroller,6164,554.76
190205,Susitna River,2016,flooding-high water,440,39.6
190205,Susitna River,2016,speckled green fruitworm,315568,28401.12
190205,Susitna River,2016,spruce beetle,553988,49858.92
190205,Susitna River,2016,spruce broom rust,1456,131.04
190205,Susitna River,2016,unknown canker,11680,1051.2
190205,Susitna River,2016,unknown defoliator,92843,8355.87
190205,Susitna River,2016,willow leaf blotchminer,1445,130.05
190205,Susitna River,2016,wind-tornado/hurricane,113,10.17
190205,Susitna River,2017,birch aphid,14635,1317.15
190205,Susitna River,2017,birch leafminer,944,84.96
190205,Susitna River,2017,flooding-high water,5415,487.35
190205,Susitna River,2017,speckled green fruitworm,4428,398.52
190205,Susitna River,2017,spruce beetle,1320511,118845.99
190205,Susitna River,2017,unknown defoliator,9123,821.07
190205,Susitna River,2018,birch leafminer,131680,11851.2
190205,Susitna River,2018,spruce beetle,2144706,193023.54
190205,Susitna River,2018,unknown defoliator,11612,1045.08
190205,Susitna River,2019,birch leafminer,369185,33226.65
190205,Susitna River,2019,flooding-high water,95,8.55
190205,Susitna River,2019,"other canker agent, known (code pending)",1888,169.92
190205,Susitna River,2019,spruce beetle,450436,40539.24
190205,Susitna River,2019,unknown defoliator,19972,1797.48
190205,Susitna River,2020,birch leafminer,7693,692.37
190205,Susitna River,2020,follow-up 1,159,14.31
190205,Susitna River,2020,large-spored spruce-Labrador tea rust,499,44.91
190205,Susitna River,2020,spruce beetle,68361,6152.49
190205,Susitna River,2020,unknown defoliator,1431,128.79
190205,Susitna River,2021,birch leafminer,90165,8114.85
190205,Susitna River,2021,cottonwood leaf beetle,25,2.25
190205,Susitna River,2021,flooding-high water,531,47.79
190205,Susitna River,2021,large-spored spruce-Labrador tea rust,24395,2195.55
190205,Susitna River,2021,"other canker agent, known (code pending)",124,11.16
190205,Susitna River,2021,rusty tussock moth,187894,16910.46
190205,Susitna River,2021,spruce beetle,1801091,162098.19
190205,Susitna River,2021,unknown defoliator,34967,3147.03
190205,Susitna River,2022,flooding-high water,264,23.76
190205,Susitna River,2022,northern spruce engraver,15,1.35
190205,Susitna River,2022,spruce beetle,789276,71034.84
190205,Susitna River,2022,unknown defoliator,1049,94.41
190205,Susitna River,2023,aspen running canker,35,3.15
190205,Susitna River,2023,flooding-high water,8,0.72
190205,Susitna River,2023,northern spruce engraver and spruce beetle,2346,211.14
190205,Susitna River,2023,"other canker agent, known (code pending)",122,10.98
190205,Susitna River,2023,spruce beetle,727394,65465.46
190205,Susitna River,2023,unknown defoliator,24294,2186.46
190205,Susitna River,2023,wind-tornado/hurricane,241,21.69
190205,Susitna River,2024,flooding-high water,673,60.57
190205,Susitna River,2024,mud-land slide,18,1.62
190205,Susitna River,2024,northern spruce engraver and spruce beetle,320,28.8
190205,Susitna River,2024,"other canker agent, known (code pending)",924,83.16
190205,Susitna River,2024,spruce beetle,290462,26141.58
190205,Susitna River,2024,spruce broom rust,2024,182.16
190205,Susitna River,2024,unknown,63,5.67
190205,Susitna River,2024,unknown defoliator,485,43.65
190205,Susitna River,2024,willow leaf blotchminer,55,4.95
190205,Susitna River,2025,birch leafminer,66150,5953.5
190205,Susitna River,2025,flooding-high water,103,9.27
190205,Susitna River,2025,"other canker agent, known (code pending)",4,0.36
190205,Susitna River,2025,snow-ice,3397,305.73
190205,Susitna River,2025,spruce beetle,14276,1284.84
190205,Susitna River,2025,unknown,9,0.81
190205,Susitna River,2025,unknown defoliator,415,37.35
190304,Upper Kuskokwim River,1997,larch sawfly,704041,63363.69
190304,Upper Kuskokwim River,1997,northern spruce engraver,2280,205.2
190304,Upper Kuskokwim River,1997,willow leaf blotchminer,149,13.41
190304,Upper Kuskokwim River,1998,fire,331339,29820.51
190304,Upper Kuskokwim River,1998,flooding-high water,145,13.05
190304,Upper Kuskokwim River,1998,larch sawfly,1973463,177611.67
190304,Upper Kuskokwim River,1998,northern spruce engraver,18213,1639.17
190304,Upper Kuskokwim River,1999,defoliators,556,50.04
190304,Upper Kuskokwim River,1999,eastern larch beetle,133567,12021.03
190304,Upper Kuskokwim River,1999,flooding-high water,5740,516.6
190304,Upper Kuskokwim River,1999,foliage and shoot diseases,1429,128.61
190304,Upper Kuskokwim River,1999,larch sawfly,406712,36604.08
190304,Upper Kuskokwim River,1999,large aspen tortrix,7056,635.04
190304,Upper Kuskokwim River,1999,northern spruce engraver,608,54.72
190304,Upper Kuskokwim River,1999,spruce beetle,23373,2103.57
190304,Upper Kuskokwim River,1999,willow leaf blotchminer,715,64.35
190304,Upper Kuskokwim River,2000,Chrysomela leaf beetle,524,47.16
190304,Upper Kuskokwim River,2000,defoliators,742,66.78
190304,Upper Kuskokwim River,2000,flooding-high water,209,18.81
190304,Upper Kuskokwim River,2000,larch sawfly,74499,6704.91
190304,Upper Kuskokwim River,2000,northern spruce engraver,20834,1875.06
190304,Upper Kuskokwim River,2000,spruce beetle,23977,2157.93
190304,Upper Kuskokwim River,2000,willow leafblotch miner,917,82.53
190304,Upper Kuskokwim River,2001,defoliators,14066,1265.94
190304,Upper Kuskokwim River,2001,flooding-high water,126,11.34
190304,Upper Kuskokwim River,2001,larch sawfly,2003,180.27
190304,Upper Kuskokwim River,2001,spruce beetle,23344,2100.96
190304,Upper Kuskokwim River,2002,northern spruce engraver,522,46.98
190304,Upper Kuskokwim River,2002,spruce beetle,3142,282.78
190304,Upper Kuskokwim River,2003,aspen leafminer,7818,703.62
190304,Upper Kuskokwim River,2003,birch leafroller,1578,142.02
190304,Upper Kuskokwim River,2003,defoliators,7862,707.58
190304,Upper Kuskokwim River,2003,flooding-high water,538,48.42
190304,Upper Kuskokwim River,2003,larch sawfly,874,78.66
190304,Upper Kuskokwim River,2003,northern spruce engraver,19,1.71
190304,Upper Kuskokwim River,2003,spruce beetle,134064,12065.76
190304,Upper Kuskokwim River,2003,willow leaf blotchminer,142945,12865.05
190304,Upper Kuskokwim River,2004,aspen leafminer,9590,863.1
190304,Upper Kuskokwim River,2004,larch sawfly,44083,3967.47
190304,Upper Kuskokwim River,2004,northern spruce engraver,1180,106.2
190304,Upper Kuskokwim River,2004,spruce beetle,73271,6594.39
190304,Upper Kuskokwim River,2004,willow leaf blotchminer,87,7.83
190304,Upper Kuskokwim River,2005,aspen leafminer,50080,4507.2
190304,Upper Kuskokwim River,2005,defoliators,18697,1682.73
190304,Upper Kuskokwim River,2005,flooding-high water,228,20.52
190304,Upper Kuskokwim River,2005,larch sawfly,36584,3292.56
190304,Upper Kuskokwim River,2005,northern spruce engraver,94411,8496.99
190304,Upper Kuskokwim River,2005,spruce beetle,133933,12053.97
190304,Upper Kuskokwim River,2005,willow leaf blotchminer,1538,138.42
190304,Upper Kuskokwim River,2006,larch sawfly,707,63.63
190304,Upper Kuskokwim River,2006,northern spruce engraver,39,3.51
190304,Upper Kuskokwim River,2006,spruce beetle,8116,730.44
190304,Upper Kuskokwim River,2007,aspen leafminer,314133,28271.97
190304,Upper Kuskokwim River,2007,defoliators,4367,393.03
190304,Upper Kuskokwim River,2007,eastern larch beetle,69,6.21
190304,Upper Kuskokwim River,2007,flooding-high water,665,59.85
190304,Upper Kuskokwim River,2007,large aspen tortrix,984,88.56
190304,Upper Kuskokwim River,2007,northern spruce engraver,20564,1850.76
190304,Upper Kuskokwim River,2007,spruce beetle,118793,10691.37
190304,Upper Kuskokwim River,2007,willow leaf blotchminer,3254,292.86
190304,Upper Kuskokwim River,2008,aspen leafminer,10958,986.22
190304,Upper Kuskokwim River,2008,cottonwood leafminers,32304,2907.36
190304,Upper Kuskokwim River,2008,eastern larch beetle,157,14.13
190304,Upper Kuskokwim River,2008,flooding-high water,2657,239.13
190304,Upper Kuskokwim River,2008,northern spruce engraver,74194,6677.46
190304,Upper Kuskokwim River,2008,spruce beetle,14897,1340.73
190304,Upper Kuskokwim River,2009,aspen leafminer,472,42.48
190304,Upper Kuskokwim River,2009,decline complex,2966,266.94
190304,Upper Kuskokwim River,2009,defoliators,1779,160.11
190304,Upper Kuskokwim River,2009,eastern larch beetle,84,7.56
190304,Upper Kuskokwim River,2009,flooding-high water,133,11.97
190304,Upper Kuskokwim River,2009,larch sawfly,524,47.16
190304,Upper Kuskokwim River,2009,northern spruce engraver,9081,817.29
190304,Upper Kuskokwim River,2009,spruce beetle,213,19.17
190304,Upper Kuskokwim River,2009,willow leaf blotchminer,3085,277.65
190304,Upper Kuskokwim River,2010,aspen leafminer,25741,2316.69
190304,Upper Kuskokwim River,2010,canker (general),33489,3014.01
190304,Upper Kuskokwim River,2010,defoliators,3472,312.48
190304,Upper Kuskokwim River,2010,dieback,1869,168.21
190304,Upper Kuskokwim River,2010,flooding-high water,1130,101.7
190304,Upper Kuskokwim River,2010,large aspen tortrix,14687,1321.83
190304,Upper Kuskokwim River,2010,large-spored spruce-Labrador tea rust,130,11.7
190304,Upper Kuskokwim River,2010,northern spruce engraver,2005,180.45
190304,Upper Kuskokwim River,2010,spruce beetle,5388,484.92
190304,Upper Kuskokwim River,2010,willow leaf blotchminer,14187,1276.83
190304,Upper Kuskokwim River,2011,aspen leafminer,57138,5142.42
190304,Upper Kuskokwim River,2011,defoliators,6931,623.79
190304,Upper Kuskokwim River,2011,dieback,21126,1901.34
190304,Upper Kuskokwim River,2011,flooding-high water,105,9.45
190304,Upper Kuskokwim River,2011,large aspen tortrix,175,15.75
190304,Upper Kuskokwim River,2011,northern spruce engraver,856,77.04
190304,Upper Kuskokwim River,2011,spruce broom rust,96,8.64
190304,Upper Kuskokwim River,2011,willow leaf blotchminer,7463,671.67
190304,Upper Kuskokwim River,2012,aspen leafminer,278,25.02
190304,Upper Kuskokwim River,2012,defoliators,2490,224.1
190304,Upper Kuskokwim River,2012,large aspen tortrix,3906,351.54
190304,Upper Kuskokwim River,2012,northern spruce engraver,4606,414.54
190304,Upper Kuskokwim River,2012,"other wilt, known (code pending)",654,58.86
190304,Upper Kuskokwim River,2012,spruce beetle,40,3.6
190304,Upper Kuskokwim River,2012,spruce broom rust,38,3.42
190304,Upper Kuskokwim River,2012,willow leaf blotchminer,937,84.33
190304,Upper Kuskokwim River,2013,decline complex,1663,149.67
190304,Upper Kuskokwim River,2013,defoliators,883,79.47
190304,Upper Kuskokwim River,2013,flooding-high water,83,7.47
190304,Upper Kuskokwim River,2013,northern spruce engraver,154,13.86
190304,Upper Kuskokwim River,2013,spear-marked black moth,76955,6925.95
190304,Upper Kuskokwim River,2013,willow leaf blotchminer,407,36.63
190304,Upper Kuskokwim River,2014,aspen leafminer,52,4.68
190304,Upper Kuskokwim River,2014,birch leafroller,86999,7829.91
190304,Upper Kuskokwim River,2014,decline complex,4630,416.7
190304,Upper Kuskokwim River,2014,defoliators,15753,1417.77
190304,Upper Kuskokwim River,2014,flooding-high water,1307,117.63
190304,Upper Kuskokwim River,2014,large aspen tortrix,2567,231.03
190304,Upper Kuskokwim River,2014,northern spruce engraver,4000,360.0
190304,Upper Kuskokwim River,2015,aspen leafminer,202,18.18
190304,Upper Kuskokwim River,2015,birch leafroller,1343,120.87
190304,Upper Kuskokwim River,2015,flooding-high water,4564,410.76
190304,Upper Kuskokwim River,2015,large aspen tortrix,15292,1376.28
190304,Upper Kuskokwim River,2015,northern spruce engraver,2364,212.76
190304,Upper Kuskokwim River,2015,spruce beetle,3380,304.2
190304,Upper Kuskokwim River,2015,unknown defoliator,57205,5148.45
190304,Upper Kuskokwim River,2015,willow leaf blotchminer,3496,314.64
190304,Upper Kuskokwim River,2016,flooding-high water,81,7.29
190304,Upper Kuskokwim River,2016,northern spruce engraver,9,0.81
190304,Upper Kuskokwim River,2016,speckled green fruitworm,9749,877.41
190304,Upper Kuskokwim River,2016,spruce beetle,998,89.82
190304,Upper Kuskokwim River,2016,spruce broom rust,39,3.51
190304,Upper Kuskokwim River,2016,unknown canker,395,35.55
190304,Upper Kuskokwim River,2016,unknown defoliator,30051,2704.59
190304,Upper Kuskokwim River,2016,willow leaf blotchminer,7816,703.44
190304,Upper Kuskokwim River,2017,flooding-high water,361,32.49
190304,Upper Kuskokwim River,2017,northern spruce engraver,17119,1540.71
190304,Upper Kuskokwim River,2017,speckled green fruitworm,940,84.6
190304,Upper Kuskokwim River,2017,spruce beetle,1847,166.23
190304,Upper Kuskokwim River,2017,spruce broom rust,398,35.82
190304,Upper Kuskokwim River,2017,unknown defoliator,1834,165.06
190304,Upper Kuskokwim River,2017,willow leaf blotchminer,649,58.41
190304,Upper Kuskokwim River,2018,aspen leafminer,1312,118.08
190304,Upper Kuskokwim River,2018,eastern larch beetle,46,4.14
190304,Upper Kuskokwim River,2018,flooding-high water,435,39.15
190304,Upper Kuskokwim River,2018,large aspen tortrix,90,8.1
190304,Upper Kuskokwim River,2018,northern spruce engraver,463,41.67
190304,Upper Kuskokwim River,2018,"other canker agent, known (code pending)",333,29.97
190304,Upper Kuskokwim River,2018,spruce beetle,5152,463.68
190304,Upper Kuskokwim River,2018,unknown defoliator,11535,1038.15
190304,Upper Kuskokwim River,2018,willow leaf blotchminer,215,19.35
190304,Upper Kuskokwim River,2019,aspen leafminer,17,1.53
190304,Upper Kuskokwim River,2019,flooding-high water,215,19.35
190304,Upper Kuskokwim River,2019,large-spored spruce-Labrador tea rust,156012,14041.08
190304,Upper Kuskokwim River,2019,northern spruce engraver,2265,203.85
190304,Upper Kuskokwim River,2019,"other canker agent, known (code pending)",6,0.54
190304,Upper Kuskokwim River,2019,spruce beetle,16,1.44
190304,Upper Kuskokwim River,2019,unknown,18222,1639.98
190304,Upper Kuskokwim River,2019,unknown canker,822,73.98
190304,Upper Kuskokwim River,2019,unknown defoliator,99,8.91
190304,Upper Kuskokwim River,2019,willow leaf blotchminer,2016,181.44
190304,Upper Kuskokwim River,2021,aspen leafminer,453,40.77
190304,Upper Kuskokwim River,2021,flooding-high water,109,9.81
190304,Upper Kuskokwim River,2021,large-spored spruce-Labrador tea rust,195,17.55
190304,Upper Kuskokwim River,2021,unknown defoliator,1007,90.63
190304,Upper Kuskokwim River,2023,aspen leafminer,1065,95.85
190304,Upper Kuskokwim River,2023,birch leafroller,32,2.88
190304,Upper Kuskokwim River,2023,flooding-high water,32,2.88
190304,Upper Kuskokwim River,2023,northern spruce engraver,234,21.06
190304,Upper Kuskokwim River,2023,spruce beetle,122,10.98
190304,Upper Kuskokwim River,2023,unknown canker,8,0.72
190304,Upper Kuskokwim River,2023,unknown defoliator,114,10.26
190204,Knik Arm,1997,defoliators,17316,1558.44
190204,Knik Arm,1997,large aspen tortrix,6726,605.34
190204,Knik Arm,1997,northern spruce engraver,157,14.13
190204,Knik Arm,1997,spruce beetle,244966,22046.94
190204,Knik Arm,1997,willow leaf blotchminer,939,84.51
190204,Knik Arm,1998,large aspen tortrix,91,8.19
190204,Knik Arm,1998,spruce beetle,73485,6613.65
190204,Knik Arm,1999,defoliators,3151,283.59
190204,Knik Arm,1999,fire,2020,181.8
190204,Knik Arm,1999,flooding-high water,33,2.97
190204,Knik Arm,1999,large aspen tortrix,1234,111.06
190204,Knik Arm,1999,spruce beetle,55890,5030.1
190204,Knik Arm,2000,mud-land slide,828,74.52
190204,Knik Arm,2000,spruce beetle,72571,6531.39
190204,Knik Arm,2001,defoliators,17289,1556.01
190204,Knik Arm,2001,spruce beetle,86383,7774.47
190204,Knik Arm,2001,striped alder sawfly,1649,148.41
190204,Knik Arm,2001,willow leaf blotchminer,112,10.08
190204,Knik Arm,2002,birch leafminer,132050,11884.5
190204,Knik Arm,2002,spruce beetle,6507,585.63
190204,Knik Arm,2003,birch leafminer,142756,12848.04
190204,Knik Arm,2003,defoliators,13519,1216.71
190204,Knik Arm,2003,spruce beetle,115,10.35
190204,Knik Arm,2003,wind-tornado/hurricane,175,15.75
190204,Knik Arm,2004,Chrysomela leaf beetle,660,59.4
190204,Knik Arm,2004,birch leafminer,615260,55373.4
190204,Knik Arm,2004,decline complex,36953,3325.77
190204,Knik Arm,2004,defoliators,4430,398.7
190204,Knik Arm,2004,flooding-high water,139,12.51
190204,Knik Arm,2004,large aspen tortrix,7270,654.3
190204,Knik Arm,2004,spruce beetle,3000,270.0
190204,Knik Arm,2005,aspen leafminer,8737,786.33
190204,Knik Arm,2005,birch leafminer,129115,11620.35
190204,Knik Arm,2005,defoliators,73198,6587.82
190204,Knik Arm,2005,fire,213,19.17
190204,Knik Arm,2005,flooding-high water,1294,116.46
190204,Knik Arm,2005,northern spruce engraver,193,17.37
190204,Knik Arm,2005,spruce beetle,6280,565.2
190204,Knik Arm,2005,wind-tornado/hurricane,569,51.21
190204,Knik Arm,2005,winter injury,4081,367.29
190204,Knik Arm,2006,Chrysomela leaf beetle,71,6.39
190204,Knik Arm,2006,aspen leafminer,19847,1786.23
190204,Knik Arm,2006,cottonwood leafminers,265,23.85
190204,Knik Arm,2006,defoliators,11309,1017.81
190204,Knik Arm,2006,flooding-high water,79,7.11
190204,Knik Arm,2006,large aspen tortrix,11238,1011.42
190204,Knik Arm,2006,spruce beetle,3207,288.63
190204,Knik Arm,2007,aspen leafminer,18244,1641.96
190204,Knik Arm,2007,defoliators,774,69.66
190204,Knik Arm,2007,flooding-high water,206,18.54
190204,Knik Arm,2007,large aspen tortrix,45354,4081.86
190204,Knik Arm,2007,spruce beetle,698,62.82
190204,Knik Arm,2008,northern spruce engraver,383,34.47
190204,Knik Arm,2008,spruce beetle,159,14.31
190204,Knik Arm,2009,defoliators,3045,274.05
190204,Knik Arm,2009,flooding-high water,13,1.17
190204,Knik Arm,2009,spruce beetle,150,13.5
190204,Knik Arm,2009,willow leaf blotchminer,36,3.24
190204,Knik Arm,2010,canker (general),77931,7013.79
190204,Knik Arm,2010,defoliators,6295,566.55
190204,Knik Arm,2010,flooding-high water,23,2.07
190204,Knik Arm,2010,willow leaf blotchminer,29,2.61
190204,Knik Arm,2011,defoliators,89024,8012.16
190204,Knik Arm,2011,dieback,33611,3024.99
190204,Knik Arm,2012,defoliators,28786,2590.74
190204,Knik Arm,2013,birch leafroller,3588,322.92
190204,Knik Arm,2013,decline complex,22071,1986.39
190204,Knik Arm,2013,defoliators,34231,3080.79
190204,Knik Arm,2013,flooding-high water,902,81.18
190204,Knik Arm,2013,spruce beetle,57,5.13
190204,Knik Arm,2013,willow leaf blotchminer,283,25.47
190204,Knik Arm,2014,birch leafminer,150,13.5
190204,Knik Arm,2014,decline complex,2360,212.4
190204,Knik Arm,2014,defoliators,24897,2240.73
190204,Knik Arm,2014,flooding-high water,640,57.6
190204,Knik Arm,2014,large aspen tortrix,1003,90.27
190204,Knik Arm,2015,birch leafminer,1516,136.44
190204,Knik Arm,2015,drought,1449,130.41
190204,Knik Arm,2015,flooding-high water,3052,274.68
190204,Knik Arm,2015,large aspen tortrix,1059,95.31
190204,Knik Arm,2015,northern spruce engraver,95,8.55
190204,Knik Arm,2015,spruce beetle,1571,141.39
190204,Knik Arm,2015,unknown,264,23.76
190204,Knik Arm,2015,unknown canker,4703,423.27
190204,Knik Arm,2015,unknown defoliator,49236,4431.24
190204,Knik Arm,2016,birch leafminer,170,15.3
190204,Knik Arm,2016,birch leafroller,7849,706.41
190204,Knik Arm,2016,flooding-high water,8,0.72
190204,Knik Arm,2016,mud-land slide,25,2.25
190204,Knik Arm,2016,northern spruce engraver,559,50.31
190204,Knik Arm,2016,spruce beetle,10769,969.21
190204,Knik Arm,2016,unknown canker,5149,463.41
190204,Knik Arm,2016,unknown defoliator,69763,6278.67
190204,Knik Arm,2016,willow leaf blotchminer,20,1.8
190204,Knik Arm,2016,wind-tornado/hurricane,40,3.6
190204,Knik Arm,2017,birch leafminer,1085,97.65
190204,Knik Arm,2017,flooding-high water,289,26.01
190204,Knik Arm,2017,mud-land slide,8,0.72
190204,Knik Arm,2017,northern spruce engraver,15,1.35
190204,Knik Arm,2017,"other canker agent, known (code pending)",33,2.97
190204,Knik Arm,2017,spruce beetle,45951,4135.59
190204,Knik Arm,2017,unknown,84,7.56
190204,Knik Arm,2017,unknown defoliator,1118,100.62
190204,Knik Arm,2018,birch leafminer,356622,32095.98
190204,Knik Arm,2018,"other canker agent, known (code pending)",17,1.53
190204,Knik Arm,2018,spruce beetle,41602,3744.18
190204,Knik Arm,2018,unknown defoliator,26642,2397.78
190204,Knik Arm,2019,birch leafminer,430082,38707.38
190204,Knik Arm,2019,large-spored spruce-Labrador tea rust,998,89.82
190204,Knik Arm,2019,mud-land slide,57,5.13
190204,Knik Arm,2019,"other canker agent, known (code pending)",324,29.16
190204,Knik Arm,2019,spruce beetle,36768,3309.12
190204,Knik Arm,2019,spruce broom rust,21,1.89
190204,Knik Arm,2019,unknown,263,23.67
190204,Knik Arm,2019,unknown canker,10,0.9
190204,Knik Arm,2019,unknown defoliator,537,48.33
190204,Knik Arm,2020,birch leafminer,339,30.51
190204,Knik Arm,2020,drought,140,12.6
190204,Knik Arm,2020,flooding-high water,28,2.52
190204,Knik Arm,2020,"other canker agent, known (code pending)",14,1.26
190204,Knik Arm,2020,spruce beetle,347392,31265.28
190204,Knik Arm,2020,unknown,7,0.63
190204,Knik Arm,2020,unknown defoliator,1030,92.7
190204,Knik Arm,2021,birch leafminer,2186,196.74
190204,Knik Arm,2021,drought,259,23.31
190204,Knik Arm,2021,large-spored spruce-Labrador tea rust,4113,370.17
190204,Knik Arm,2021,"other canker agent, known (code pending)",104,9.36
190204,Knik Arm,2021,spruce beetle,88921,8002.89
190204,Knik Arm,2021,unknown defoliator,2145,193.05
190204,Knik Arm,2022,drought,12,1.08
190204,Knik Arm,2022,flooding-high water,182,16.38
190204,Knik Arm,2022,northern spruce engraver,26,2.34
190204,Knik Arm,2022,"other canker agent, known (code pending)",1006,90.54
190204,Knik Arm,2022,spruce beetle,86825,7814.25
190204,Knik Arm,2022,spruce broom rust,30,2.7
190204,Knik Arm,2022,unknown defoliator,115,10.35
190204,Knik Arm,2022,wind-tornado/hurricane,7,0.63
190204,Knik Arm,2023,flooding-high water,45,4.05
190204,Knik Arm,2023,large-spored spruce-Labrador tea rust,10239,921.51
190204,Knik Arm,2023,northern spruce engraver and spruce beetle,421,37.89
190204,Knik Arm,2023,snow-ice,21,1.89
190204,Knik Arm,2023,spruce beetle,30454,2740.86
190204,Knik Arm,2023,spruce broom rust,344,30.96
190204,Knik Arm,2023,unknown defoliator,733,65.97
190204,Knik Arm,2023,wind-tornado/hurricane,42,3.78
190204,Knik Arm,2024,drought,6,0.54
190204,Knik Arm,2024,flooding-high water,117,10.53
190204,Knik Arm,2024,mud-land slide,5,0.45
190204,Knik Arm,2024,northern spruce engraver and spruce beetle,205,18.45
190204,Knik Arm,2024,snow-ice,36,3.24
190204,Knik Arm,2024,spruce beetle,7356,662.04
190204,Knik Arm,2024,unknown defoliator,97,8.73
190204,Knik Arm,2024,wind-tornado/hurricane,10,0.9
190204,Knik Arm,2025,birch leafminer,11274,1014.66
190204,Knik Arm,2025,snow-ice,212,19.08
190204,Knik Arm,2025,spruce beetle,695,62.55
190204,Knik Arm,2025,spruce broom rust,16,1.44
190204,Knik Arm,2025,unknown defoliator,5371,483.39
190305,Lower Kuskokwim River,1998,fire,493,44.37
190305,Lower Kuskokwim River,1999,flooding-high water,699,62.91
190305,Lower Kuskokwim River,1999,large aspen tortrix,1096,98.64
190305,Lower Kuskokwim River,1999,spruce beetle,1735,156.15
190305,Lower Kuskokwim River,1999,willow leaf blotchminer,90,8.1
190305,Lower Kuskokwim River,2000,larch sawfly,41406,3726.54
190305,Lower Kuskokwim River,2000,northern spruce engraver,22035,1983.15
190305,Lower Kuskokwim River,2000,spruce beetle,2122,190.98
190305,Lower Kuskokwim River,2001,flooding-high water,95,8.55
190305,Lower Kuskokwim River,2001,spruce beetle,2036,183.24
190305,Lower Kuskokwim River,2002,spruce beetle,3838,345.42
190305,Lower Kuskokwim River,2003,defoliators,487,43.83
190305,Lower Kuskokwim River,2003,spruce beetle,8502,765.18
190305,Lower Kuskokwim River,2003,willow leaf blotchminer,8909,801.81
190305,Lower Kuskokwim River,2004,flooding-high water,140,12.6
190305,Lower Kuskokwim River,2004,spruce beetle,1113,100.17
190305,Lower Kuskokwim River,2004,willow leaf blotchminer,1041,93.69
190305,Lower Kuskokwim River,2005,aspen leafminer,1701,153.09
190305,Lower Kuskokwim River,2005,defoliators,36,3.24
190305,Lower Kuskokwim River,2005,larch sawfly,23569,2121.21
190305,Lower Kuskokwim River,2005,spruce beetle,74260,6683.4
190305,Lower Kuskokwim River,2005,willow leaf blotchminer,13326,1199.34
190305,Lower Kuskokwim River,2006,defoliators,332,29.88
190305,Lower Kuskokwim River,2006,flooding-high water,60,5.4
190305,Lower Kuskokwim River,2006,larch sawfly,21,1.89
190305,Lower Kuskokwim River,2006,northern spruce engraver,5050,454.5
190305,Lower Kuskokwim River,2006,spruce beetle,30978,2788.02
190305,Lower Kuskokwim River,2006,willow leaf blotchminer,16350,1471.5
190305,Lower Kuskokwim River,2007,aspen leafminer,14212,1279.08
190305,Lower Kuskokwim River,2007,flooding-high water,15,1.35
190305,Lower Kuskokwim River,2007,spruce beetle,12772,1149.48
190305,Lower Kuskokwim River,2008,flooding-high water,1149,103.41
190305,Lower Kuskokwim River,2009,decline complex,430,38.7
190305,Lower Kuskokwim River,2009,flooding-high water,525,47.25
190305,Lower Kuskokwim River,2009,northern spruce engraver,6,0.54
190305,Lower Kuskokwim River,2009,spruce beetle,48,4.32
190305,Lower Kuskokwim River,2009,willow leaf blotchminer,444,39.96
190305,Lower Kuskokwim River,2010,aspen leafminer,3420,307.8
190305,Lower Kuskokwim River,2010,canker (general),16547,1489.23
190305,Lower Kuskokwim River,2010,dieback,506,45.54
190305,Lower Kuskokwim River,2010,flooding-high water,6227,560.43
190305,Lower Kuskokwim River,2010,large aspen tortrix,13562,1220.58
190305,Lower Kuskokwim River,2010,large-spored spruce-Labrador tea rust,97,8.73
190305,Lower Kuskokwim River,2010,willow leaf blotchminer,736,66.24
190305,Lower Kuskokwim River,2011,dieback,885,79.65
190305,Lower Kuskokwim River,2011,flooding-high water,71,6.39
190305,Lower Kuskokwim River,2011,larch sawfly,20,1.8
190305,Lower Kuskokwim River,2011,large-spored spruce-Labrador tea rust,20,1.8
190305,Lower Kuskokwim River,2011,northern spruce engraver,39,3.51
190305,Lower Kuskokwim River,2011,wind-tornado/hurricane,37,3.33
190305,Lower Kuskokwim River,2012,defoliators,145221,13069.89
190305,Lower Kuskokwim River,2012,flooding-high water,8,0.72
190305,Lower Kuskokwim River,2012,"other wilt, known (code pending)",234,21.06
190305,Lower Kuskokwim River,2012,spruce beetle,20,1.8
190305,Lower Kuskokwim River,2013,birch leafroller,362964,32666.76
190305,Lower Kuskokwim River,2013,decline complex,204,18.36
190305,Lower Kuskokwim River,2013,defoliators,8550,769.5
190305,Lower Kuskokwim River,2013,flooding-high water,18,1.62
190305,Lower Kuskokwim River,2013,spruce beetle,38,3.42
190305,Lower Kuskokwim River,2013,willow leaf blotchminer,2244,201.96
190305,Lower Kuskokwim River,2014,birch leafroller,33886,3049.74
190305,Lower Kuskokwim River,2014,defoliators,11308,1017.72
190305,Lower Kuskokwim River,2014,flooding-high water,49,4.41
190305,Lower Kuskokwim River,2014,northern spruce engraver,44,3.96
190305,Lower Kuskokwim River,2014,spruce beetle,1386,124.74
190305,Lower Kuskokwim River,2015,aspen leafminer,50,4.5
190305,Lower Kuskokwim River,2015,large aspen tortrix,1658,149.22
190305,Lower Kuskokwim River,2015,spruce beetle,4711,423.99
190305,Lower Kuskokwim River,2015,unknown defoliator,96598,8693.82
190305,Lower Kuskokwim River,2015,willow leaf blotchminer,988,88.92
190305,Lower Kuskokwim River,2016,flooding-high water,313,28.17
190305,Lower Kuskokwim River,2016,unknown defoliator,1079,97.11
190305,Lower Kuskokwim River,2016,willow leaf blotchminer,2915,262.35
190305,Lower Kuskokwim River,2017,flooding-high water,334,30.06
190305,Lower Kuskokwim River,2017,northern spruce engraver,200,18.0
190305,Lower Kuskokwim River,2017,spruce beetle,24,2.16
190305,Lower Kuskokwim River,2017,unknown defoliator,4132,371.88
190305,Lower Kuskokwim River,2018,flooding-high water,282,25.38
190305,Lower Kuskokwim River,2018,northern spruce engraver,4858,437.22
190305,Lower Kuskokwim River,2018,spruce beetle,179,16.11
190305,Lower Kuskokwim River,2018,unknown defoliator,2600,234.0
190305,Lower Kuskokwim River,2018,willow leaf blotchminer,19,1.71
190305,Lower Kuskokwim River,2018,wind-tornado/hurricane,1651,148.59
190305,Lower Kuskokwim River,2024,unknown defoliator,24517,2206.53
190201,Copper River,1997,defoliators,313,28.17
190201,Copper River,1997,flooding-high water,975,87.75
190201,Copper River,1997,large aspen tortrix,2147,193.23
190201,Copper River,1997,mud-land slide,647,58.23
190201,Copper River,1997,northern spruce engraver,1696,152.64
190201,Copper River,1997,spruce beetle,436496,39284.64
190201,Copper River,1997,spruce broom rust,50,4.5
190201,Copper River,1997,western blackheaded budworm,28801,2592.09
190201,Copper River,1997,willow leaf blotchminer,429,38.61
190201,Copper River,1998,defoliators,119,10.71
190201,Copper River,1998,flooding-high water,787,70.83
190201,Copper River,1998,northern spruce engraver,149,13.41
190201,Copper River,1998,spruce beetle,43872,3948.48
190201,Copper River,1998,spruce broom rust,1014,91.26
190201,Copper River,1999,spruce beetle,375607,33804.63
190201,Copper River,1999,willow leaf blotchminer,160,14.4
190201,Copper River,2000,birch leafminer,7218,649.62
190201,Copper River,2000,spruce beetle,30243,2721.87
190201,Copper River,2001,defoliators,1009,90.81
190201,Copper River,2001,flooding-high water,156,14.04
190201,Copper River,2001,large aspen tortrix,1411,126.99
190201,Copper River,2001,mud-land slide,196,17.64
190201,Copper River,2001,spruce beetle,89446,8050.14
190201,Copper River,2001,spruce broom rust,21324,1919.16
190201,Copper River,2001,western blackheaded budworm,36000,3240.0
190201,Copper River,2001,willow leafblotch miner,6600,594.0
190201,Copper River,2002,spruce beetle,41684,3751.56
190201,Copper River,2002,western blackheaded budworm,50,4.5
190201,Copper River,2003,defoliators,54528,4907.52
190201,Copper River,2003,flooding-high water,19,1.71
190201,Copper River,2003,large aspen tortrix,85,7.65
190201,Copper River,2003,spruce aphid,164,14.76
190201,Copper River,2003,spruce beetle,21652,1948.68
190201,Copper River,2003,wind-tornado/hurricane,56,5.04
190201,Copper River,2004,flooding-high water,107,9.63
190201,Copper River,2004,spruce beetle,38946,3505.14
190201,Copper River,2004,willow leaf blotchminer,1403,126.27
190201,Copper River,2005,aspen leafminer,12599,1133.91
190201,Copper River,2005,defoliators,64164,5774.76
190201,Copper River,2005,fire,217,19.53
190201,Copper River,2005,flooding-high water,5074,456.66
190201,Copper River,2005,mud-land slide,78,7.02
190201,Copper River,2005,northern spruce engraver,823,74.07
190201,Copper River,2005,spruce beetle,39913,3592.17
190201,Copper River,2005,spruce broom rust,4025,362.25
190201,Copper River,2005,willow leaf blotchminer,9573,861.57
190201,Copper River,2005,wind-tornado/hurricane,149,13.41
190201,Copper River,2005,winter injury,956,86.04
190201,Copper River,2006,Chrysomela leaf beetle,19443,1749.87
190201,Copper River,2006,aspen leafminer,178255,16042.95
190201,Copper River,2006,cottonwood leafminers,211,18.99
190201,Copper River,2006,defoliators,1315,118.35
190201,Copper River,2006,flooding-high water,310,27.9
190201,Copper River,2006,large aspen tortrix,161,14.49
190201,Copper River,2006,spear-marked black moth,3165,284.85
190201,Copper River,2006,spruce beetle,11505,1035.45
190201,Copper River,2006,spruce broom rust,152,13.68
190201,Copper River,2006,willow leaf blotchminer,13124,1181.16
190201,Copper River,2007,aspen leafminer,332212,29899.08
190201,Copper River,2007,defoliators,36471,3282.39
190201,Copper River,2007,flooding-high water,3641,327.69
190201,Copper River,2007,large aspen tortrix,25472,2292.48
190201,Copper River,2007,spruce beetle,65647,5908.23
190201,Copper River,2007,willow leaf blotchminer,129,11.61
190201,Copper River,2008,aspen leafminer,24959,2246.31
190201,Copper River,2008,decline complex,194,17.46
190201,Copper River,2008,defoliators,1985,178.65
190201,Copper River,2008,flooding-high water,245,22.05
190201,Copper River,2008,large aspen tortrix,17696,1592.64
190201,Copper River,2008,northern spruce engraver,47,4.23
190201,Copper River,2008,spruce beetle,19063,1715.67
190201,Copper River,2008,western blackheaded budworm,62,5.58
190201,Copper River,2008,willow leaf blotchminer,120,10.8
190201,Copper River,2008,wind-tornado/hurricane,114,10.26
190201,Copper River,2009,defoliators,2956,266.04
190201,Copper River,2009,northern spruce engraver,1004,90.36
190201,Copper River,2009,willow leaf blotchminer,458,41.22
190201,Copper River,2010,canker (general),21336,1920.24
190201,Copper River,2010,defoliators,9040,813.6
190201,Copper River,2010,flooding-high water,237,21.33
190201,Copper River,2010,large aspen tortrix,652,58.68
190201,Copper River,2010,spruce beetle,7660,689.4
190201,Copper River,2010,willow leaf blotchminer,39,3.51
190201,Copper River,2011,aspen leafminer,3942,354.78
190201,Copper River,2011,defoliators,240818,21673.62
190201,Copper River,2011,dieback,263714,23734.26
190201,Copper River,2011,large aspen tortrix,1,0.09
190201,Copper River,2011,spruce beetle,3527,317.43
190201,Copper River,2011,spruce broom rust,1184,106.56
190201,Copper River,2011,willow leaf blotchminer,20788,1870.92
190201,Copper River,2012,northern spruce engraver,452,40.68
190201,Copper River,2013,decline complex,2897,260.73
190201,Copper River,2013,flooding-high water,39,3.51
190201,Copper River,2013,spruce beetle,5728,515.52
190201,Copper River,2013,spruce broom rust,403,36.27
190201,Copper River,2013,willow leaf blotchminer,29,2.61
190201,Copper River,2014,aspen leafminer,2916,262.44
190201,Copper River,2014,birch leafroller,27892,2510.28
190201,Copper River,2014,decline complex,402,36.18
190201,Copper River,2014,defoliators,12571,1131.39
190201,Copper River,2014,spruce beetle,3936,354.24
190201,Copper River,2014,willow leaf blotchminer,377,33.93
190201,Copper River,2015,aspen leafminer,108846,9796.14
190201,Copper River,2015,flooding-high water,599,53.91
190201,Copper River,2015,large aspen tortrix,8002,720.18
190201,Copper River,2015,northern spruce engraver,185,16.65
190201,Copper River,2015,spruce beetle,901,81.09
190201,Copper River,2015,spruce broom rust,169,15.21
190201,Copper River,2015,unknown,96,8.64
190201,Copper River,2015,unknown canker,1725,155.25
190201,Copper River,2015,unknown defoliator,25793,2321.37
190201,Copper River,2015,wind-tornado/hurricane,101,9.09
190201,Copper River,2016,aspen leafminer,30974,2787.66
190201,Copper River,2016,flooding-high water,156,14.04
190201,Copper River,2016,speckled green fruitworm,132,11.88
190201,Copper River,2016,spruce aphid,172,15.48
190201,Copper River,2016,spruce beetle,555,49.95
190201,Copper River,2016,unknown canker,1212,109.08
190201,Copper River,2016,unknown defoliator,16860,1517.4
190201,Copper River,2016,willow leaf blotchminer,238,21.42
190201,Copper River,2017,aspen leafminer,36786,3310.74
190201,Copper River,2017,flooding-high water,191,17.19
190201,Copper River,2017,mud-land slide,5,0.45
190201,Copper River,2017,"other canker agent, known (code pending)",2942,264.78
190201,Copper River,2017,spruce beetle,727,65.43
190201,Copper River,2017,spruce broom rust,330,29.7
190201,Copper River,2017,spruce budworm,294,26.46
190201,Copper River,2017,unknown defoliator,633,56.97
190201,Copper River,2018,aspen leafminer,64837,5835.33
190201,Copper River,2018,flooding-high water,48,4.32
190201,Copper River,2018,"other canker agent, known (code pending)",949,85.41
190201,Copper River,2018,spruce beetle,536,48.24
190201,Copper River,2018,unknown,10,0.9
190201,Copper River,2018,unknown defoliator,4318,388.62
190201,Copper River,2019,aspen leafminer,34003,3060.27
190201,Copper River,2019,flooding-high water,7,0.63
190201,Copper River,2019,"other canker agent, known (code pending)",1260,113.4
190201,Copper River,2019,spruce beetle,254,22.86
190201,Copper River,2019,spruce broom rust,252,22.68
190201,Copper River,2019,unknown,7,0.63
190201,Copper River,2019,unknown canker,871,78.39
190201,Copper River,2019,unknown defoliator,1605,144.45
190201,Copper River,2019,willow leaf blotchminer,993,89.37
190201,Copper River,2020,aspen leafminer,12777,1149.93
190201,Copper River,2020,flooding-high water,11,0.99
190201,Copper River,2020,spruce broom rust,89,8.01
190201,Copper River,2020,willow leaf blotchminer,17,1.53
190201,Copper River,2021,spruce broom rust,25,2.25
190201,Copper River,2022,flooding-high water,94,8.46
190201,Copper River,2022,"other canker agent, known (code pending)",1898,170.82
190201,Copper River,2022,spruce beetle,10685,961.65
190201,Copper River,2022,unknown,6,0.54
190201,Copper River,2022,unknown canker,34,3.06
190201,Copper River,2022,unknown defoliator,121,10.89
190201,Copper River,2022,willow leaf blotchminer,5,0.45
190201,Copper River,2022,wind-tornado/hurricane,46,4.14
190201,Copper River,2023,flooding-high water,214,19.26
190201,Copper River,2023,large-spored spruce-Labrador tea rust,25776,2319.84
190201,Copper River,2023,mud-land slide,222,19.98
190201,Copper River,2023,northern spruce engraver,17,1.53
190201,Copper River,2023,spruce beetle,19521,1756.89
190201,Copper River,2023,unknown defoliator,250,22.5
190201,Copper River,2024,aspen leafminer,825,74.25
190201,Copper River,2024,flooding-high water,4091,368.19
190201,Copper River,2024,large-spored spruce-Labrador tea rust,26,2.34
190201,Copper River,2024,mud-land slide,563,50.67
190201,Copper River,2024,"other canker agent, known (code pending)",4614,415.26
190201,Copper River,2024,snow-ice,63,5.67
190201,Copper River,2024,spruce beetle,6528,587.52
190201,Copper River,2024,spruce broom rust,22,1.98
190201,Copper River,2024,unknown canker,140,12.6
190201,Copper River,2024,unknown defoliator,42189,3797.01
190201,Copper River,2024,volcano,20,1.8
190201,Copper River,2025,flooding-high water,80,7.2
190201,Copper River,2025,mud-land slide,124,11.16
190201,Copper River,2025,northern spruce engraver,10,0.9
190201,Copper River,2025,spruce beetle,2854,256.86
190201,Copper River,2025,spruce broom rust,30,2.7
190201,Copper River,2025,unknown,30,2.7
190201,Copper River,2025,unknown defoliator,52,4.68
190901,Koyukuk River,1997,larch sawfly,1101,99.09
190901,Koyukuk River,1998,willow leaf blotchminer,2464,221.76
190901,Koyukuk River,1999,defoliators,12520,1126.8
190901,Koyukuk River,1999,flooding-high water,359,32.31
190901,Koyukuk River,1999,large aspen tortrix,569,51.21
190901,Koyukuk River,1999,northern spruce engraver,871,78.39
190901,Koyukuk River,1999,spruce broom rust,22,1.98
190901,Koyukuk River,1999,willow leaf blotchminer,328,29.52
190901,Koyukuk River,2000,flooding-high water,33,2.97
190901,Koyukuk River,2000,large aspen tortrix,521,46.89
190901,Koyukuk River,2000,northern spruce engraver,184,16.56
190901,Koyukuk River,2000,willow leafblotch miner,6114,550.26
190901,Koyukuk River,2001,defoliators,843,75.87
190901,Koyukuk River,2003,defoliators,548,49.32
190901,Koyukuk River,2003,eastern larch beetle,51,4.59
190901,Koyukuk River,2003,willow leaf blotchminer,8795,791.55
190901,Koyukuk River,2004,aspen leafminer,276,24.84
190901,Koyukuk River,2004,willow leaf blotchminer,3176,285.84
190901,Koyukuk River,2005,aspen leafminer,7691,692.19
190901,Koyukuk River,2005,defoliators,2017,181.53
190901,Koyukuk River,2005,northern spruce engraver,62,5.58
190901,Koyukuk River,2005,spear-marked black moth,425,38.25
190901,Koyukuk River,2006,aspen leafminer,90562,8150.58
190901,Koyukuk River,2006,defoliators,291,26.19
190901,Koyukuk River,2006,flooding-high water,19,1.71
190901,Koyukuk River,2006,large aspen tortrix,72,6.48
190901,Koyukuk River,2006,northern spruce engraver,82,7.38
190901,Koyukuk River,2006,spruce beetle,82,7.38
190901,Koyukuk River,2006,willow leaf blotchminer,27456,2471.04
190901,Koyukuk River,2007,aspen leafminer,10756,968.04
190901,Koyukuk River,2007,flooding-high water,762,68.58
190901,Koyukuk River,2007,northern spruce engraver,14790,1331.1
190901,Koyukuk River,2007,willow leaf blotchminer,1277,114.93
190901,Koyukuk River,2008,aspen leafminer,9574,861.66
190901,Koyukuk River,2008,cottonwood leafminers,293,26.37
190901,Koyukuk River,2008,defoliators,541,48.69
190901,Koyukuk River,2008,flooding-high water,1511,135.99
190901,Koyukuk River,2008,northern spruce engraver,27857,2507.13
190901,Koyukuk River,2008,spruce beetle,2130,191.7
190901,Koyukuk River,2008,spruce budworm,507,45.63
190901,Koyukuk River,2008,willow leaf blotchminer,6290,566.1
190901,Koyukuk River,2009,aspen leafminer,42989,3869.01
190901,Koyukuk River,2009,decline complex,435,39.15
190901,Koyukuk River,2009,defoliators,3720,334.8
190901,Koyukuk River,2009,northern spruce engraver,11493,1034.37
190901,Koyukuk River,2009,spruce beetle,18,1.62
190901,Koyukuk River,2009,willow leaf blotchminer,44852,4036.68
190901,Koyukuk River,2010,aspen leafminer,94138,8472.42
190901,Koyukuk River,2010,canker (general),485,43.65
190901,Koyukuk River,2010,cottonwood leafminers,382,34.38
190901,Koyukuk River,2010,defoliators,11218,1009.62
190901,Koyukuk River,2010,dieback,880,79.2
190901,Koyukuk River,2010,flooding-high water,14,1.26
190901,Koyukuk River,2010,large aspen tortrix,670,60.3
190901,Koyukuk River,2010,large-spored spruce-Labrador tea rust,20,1.8
190901,Koyukuk River,2010,northern spruce engraver,4985,448.65
190901,Koyukuk River,2010,willow leaf blotchminer,223942,20154.78
190901,Koyukuk River,2010,wind-tornado/hurricane,1191,107.19
190901,Koyukuk River,2011,aspen leafminer,17736,1596.24
190901,Koyukuk River,2011,birch leafminer,1368,123.12
190901,Koyukuk River,2011,defoliators,2797,251.73
190901,Koyukuk River,2011,dieback,205,18.45
190901,Koyukuk River,2011,flooding-high water,57,5.13
190901,Koyukuk River,2011,large aspen tortrix,1194,107.46
190901,Koyukuk River,2011,northern spruce engraver,4089,368.01
190901,Koyukuk River,2011,spruce broom rust,2235,201.15
190901,Koyukuk River,2011,willow leaf blotchminer,5044,453.96
190901,Koyukuk River,2012,aspen leafminer,23745,2137.05
190901,Koyukuk River,2012,defoliators,428,38.52
190901,Koyukuk River,2012,large aspen tortrix,13,1.17
190901,Koyukuk River,2012,large-spored spruce-Labrador tea rust,24,2.16
190901,Koyukuk River,2012,northern spruce engraver,629,56.61
190901,Koyukuk River,2012,spruce broom rust,218,19.62
190901,Koyukuk River,2012,willow leaf blotchminer,924,83.16
190901,Koyukuk River,2013,aspen leafminer,27430,2468.7
190901,Koyukuk River,2013,birch aphid,297,26.73
190901,Koyukuk River,2013,decline complex,332,29.88
190901,Koyukuk River,2013,defoliators,2952,265.68
190901,Koyukuk River,2013,flooding-high water,19,1.71
190901,Koyukuk River,2013,northern spruce engraver,11406,1026.54
190901,Koyukuk River,2013,spruce beetle,60,5.4
190901,Koyukuk River,2013,spruce budworm,10090,908.1
190901,Koyukuk River,2013,willow leaf blotchminer,2031,182.79
190901,Koyukuk River,2014,aspen leafminer,30943,2784.87
190901,Koyukuk River,2014,birch leafroller,889,80.01
190901,Koyukuk River,2014,defoliators,57083,5137.47
190901,Koyukuk River,2014,flooding-high water,434,39.06
190901,Koyukuk River,2014,large aspen tortrix,11641,1047.69
190901,Koyukuk River,2014,northern spruce engraver,466,41.94
190901,Koyukuk River,2014,spruce broom rust,2824,254.16
190901,Koyukuk River,2015,aspen leafminer,20919,1882.71
190901,Koyukuk River,2015,birch aphid,439,39.51
190901,Koyukuk River,2015,birch leafroller,214,19.26
190901,Koyukuk River,2015,flooding-high water,2698,242.82
190901,Koyukuk River,2015,large aspen tortrix,35853,3226.77
190901,Koyukuk River,2015,northern spruce engraver,5130,461.7
190901,Koyukuk River,2015,spruce broom rust,1336,120.24
190901,Koyukuk River,2015,unknown defoliator,23865,2147.85
190901,Koyukuk River,2015,willow leaf blotchminer,5093,458.37
190901,Koyukuk River,2015,wind-tornado/hurricane,79,7.11
190901,Koyukuk River,2016,aspen leafminer,87783,7900.47
190901,Koyukuk River,2016,birch leafroller,1584,142.56
190901,Koyukuk River,2016,flooding-high water,938,84.42
190901,Koyukuk River,2016,large aspen tortrix,1867,168.03
190901,Koyukuk River,2016,northern spruce engraver,22,1.98
190901,Koyukuk River,2016,spear-marked black moth,13853,1246.77
190901,Koyukuk River,2016,speckled green fruitworm,1287,115.83
190901,Koyukuk River,2016,unknown defoliator,59749,5377.41
190901,Koyukuk River,2016,willow leaf blotchminer,8701,783.09
190901,Koyukuk River,2017,aspen leafminer,6469,582.21
190901,Koyukuk River,2017,flooding-high water,139,12.51
190901,Koyukuk River,2017,mud-land slide,35,3.15
190901,Koyukuk River,2017,northern spruce engraver,150,13.5
190901,Koyukuk River,2017,"other canker agent, known (code pending)",220,19.8
190901,Koyukuk River,2017,spruce broom rust,73,6.57
190901,Koyukuk River,2017,unknown canker,21,1.89
190901,Koyukuk River,2017,unknown defoliator,39813,3583.17
190901,Koyukuk River,2017,willow leaf blotchminer,14518,1306.62
190901,Koyukuk River,2018,aspen leafminer,33425,3008.25
190901,Koyukuk River,2018,flooding-high water,250,22.5
190901,Koyukuk River,2018,northern spruce engraver,78,7.02
190901,Koyukuk River,2018,spruce beetle,166,14.94
190901,Koyukuk River,2018,spruce broom rust,494,44.46
190901,Koyukuk River,2018,unknown canker,182,16.38
190901,Koyukuk River,2018,unknown defoliator,11216,1009.44
190901,Koyukuk River,2018,willow leaf blotchminer,1411,126.99
190901,Koyukuk River,2021,aspen leafminer,6358,572.22
190901,Koyukuk River,2021,flooding-high water,65,5.85
190901,Koyukuk River,2021,spruce beetle,179,16.11
190901,Koyukuk River,2021,unknown defoliator,3136,282.24
190901,Koyukuk River,2021,willow leaf blotchminer,1728,155.52
190901,Koyukuk River,2022,aspen leafminer,3840,345.6
190901,Koyukuk River,2022,willow leaf blotchminer,541,48.69
190802,Chandalar-Christian River,1998,defoliators,1365,122.85
190802,Chandalar-Christian River,1998,fire,568,51.12
190802,Chandalar-Christian River,1998,foliage and shoot diseases,336,30.24
190802,Chandalar-Christian River,1998,mud-land slide,370,33.3
190802,Chandalar-Christian River,1998,northern spruce engraver,257,23.13
190802,Chandalar-Christian River,1998,spruce broom rust,112,10.08
190802,Chandalar-Christian River,1998,willow leaf blotchminer,159500,14355.0
190802,Chandalar-Christian River,1999,northern spruce engraver,384,34.56
190802,Chandalar-Christian River,1999,willow leaf blotchminer,186570,16791.3
190802,Chandalar-Christian River,2000,spruce budworm,180949,16285.41
190802,Chandalar-Christian River,2000,willow leafblotch miner,6091,548.19
190802,Chandalar-Christian River,2001,flooding-high water,320,28.8
190802,Chandalar-Christian River,2001,willow leafblotch miner,1955,175.95
190802,Chandalar-Christian River,2003,northern spruce engraver,1776,159.84
190802,Chandalar-Christian River,2005,aspen leafminer,175374,15783.66
190802,Chandalar-Christian River,2005,defoliators,69103,6219.27
190802,Chandalar-Christian River,2005,northern spruce engraver,346,31.14
190802,Chandalar-Christian River,2005,spruce budworm,30933,2783.97
190802,Chandalar-Christian River,2005,willow leaf blotchminer,52685,4741.65
190802,Chandalar-Christian River,2006,Lirula spruce needle blight,25032,2252.88
190802,Chandalar-Christian River,2006,aspen leafminer,97029,8732.61
190802,Chandalar-Christian River,2006,defoliators,19781,1780.29
190802,Chandalar-Christian River,2006,flooding-high water,452,40.68
190802,Chandalar-Christian River,2006,large aspen tortrix,11811,1062.99
190802,Chandalar-Christian River,2006,northern spruce engraver,25369,2283.21
190802,Chandalar-Christian River,2006,spear-marked black moth,7032,632.88
190802,Chandalar-Christian River,2006,spruce beetle,1577,141.93
190802,Chandalar-Christian River,2006,spruce broom rust,14,1.26
190802,Chandalar-Christian River,2006,spruce bud moth,10749,967.41
190802,Chandalar-Christian River,2006,willow leaf blotchminer,8421,757.89
190802,Chandalar-Christian River,2007,defoliators,11,0.99
190802,Chandalar-Christian River,2007,large aspen tortrix,111,9.99
190802,Chandalar-Christian River,2007,northern spruce engraver,16667,1500.03
190802,Chandalar-Christian River,2007,willow leaf blotchminer,10849,976.41
190802,Chandalar-Christian River,2008,aspen leafminer,2708,243.72
190802,Chandalar-Christian River,2008,defoliators,181,16.29
190802,Chandalar-Christian River,2008,northern spruce engraver,33009,2970.81
190802,Chandalar-Christian River,2008,spruce beetle,1408,126.72
190802,Chandalar-Christian River,2008,willow leaf blotchminer,18712,1684.08
190802,Chandalar-Christian River,2009,aspen leafminer,51502,4635.18
190802,Chandalar-Christian River,2009,northern spruce engraver,37269,3354.21
190802,Chandalar-Christian River,2009,willow leaf blotchminer,83149,7483.41
190802,Chandalar-Christian River,2010,aspen leafminer,138541,12468.69
190802,Chandalar-Christian River,2010,canker (general),4819,433.71
190802,Chandalar-Christian River,2010,cottonwood leafminers,80,7.2
190802,Chandalar-Christian River,2010,defoliators,14629,1316.61
190802,Chandalar-Christian River,2010,flooding-high water,54,4.86
190802,Chandalar-Christian River,2010,northern spruce engraver,22859,2057.31
190802,Chandalar-Christian River,2010,willow leaf blotchminer,209431,18848.79
190802,Chandalar-Christian River,2011,aspen leafminer,22098,1988.82
190802,Chandalar-Christian River,2011,defoliators,2447,220.23
190802,Chandalar-Christian River,2011,dieback,1175,105.75
190802,Chandalar-Christian River,2011,northern spruce engraver,12656,1139.04
190802,Chandalar-Christian River,2011,spruce beetle,485,43.65
190802,Chandalar-Christian River,2011,willow leaf blotchminer,8090,728.1
190802,Chandalar-Christian River,2013,aspen leafminer,2470,222.3
190802,Chandalar-Christian River,2013,decline complex,3968,357.12
190802,Chandalar-Christian River,2013,defoliators,94,8.46
190802,Chandalar-Christian River,2013,flooding-high water,36,3.24
190802,Chandalar-Christian River,2013,large aspen tortrix,657,59.13
190802,Chandalar-Christian River,2013,northern spruce engraver,8564,770.76
190802,Chandalar-Christian River,2013,spruce broom rust,3487,313.83
190802,Chandalar-Christian River,2013,spruce budworm,559,50.31
190802,Chandalar-Christian River,2013,willow leaf blotchminer,557,50.13
190802,Chandalar-Christian River,2014,aspen leafminer,35563,3200.67
190802,Chandalar-Christian River,2014,defoliators,401,36.09
190802,Chandalar-Christian River,2014,large aspen tortrix,1293,116.37
190802,Chandalar-Christian River,2014,northern spruce engraver,83,7.47
190802,Chandalar-Christian River,2014,spruce broom rust,771,69.39
190802,Chandalar-Christian River,2014,willow leaf blotchminer,15039,1353.51
190802,Chandalar-Christian River,2015,aspen leafminer,21,1.89
190802,Chandalar-Christian River,2015,northern spruce engraver,457,41.13
190802,Chandalar-Christian River,2015,unknown canker,248,22.32
190802,Chandalar-Christian River,2015,unknown defoliator,783,70.47
190802,Chandalar-Christian River,2015,willow leaf blotchminer,4054,364.86
190802,Chandalar-Christian River,2016,unknown canker,459,41.31
190802,Chandalar-Christian River,2016,willow leaf blotchminer,13938,1254.42
190802,Chandalar-Christian River,2017,aspen leafminer,92,8.28
190802,Chandalar-Christian River,2017,northern spruce engraver,319,28.71
190802,Chandalar-Christian River,2017,unknown defoliator,2462,221.58
190802,Chandalar-Christian River,2017,willow leaf blotchminer,25214,2269.26
190802,Chandalar-Christian River,2018,aspen leafminer,6132,551.88
190802,Chandalar-Christian River,2018,spruce broom rust,55,4.95
190802,Chandalar-Christian River,2018,unknown defoliator,1190,107.1
190802,Chandalar-Christian River,2018,willow leaf blotchminer,1721,154.89
190802,Chandalar-Christian River,2019,aspen leafminer,5738,516.42
190802,Chandalar-Christian River,2019,northern spruce engraver,21,1.89
190802,Chandalar-Christian River,2019,spruce beetle,15,1.35
190802,Chandalar-Christian River,2019,willow leaf blotchminer,2574,231.66
190802,Chandalar-Christian River,2024,flooding-high water,297,26.73
190802,Chandalar-Christian River,2024,spruce beetle,240,21.6
190802,Chandalar-Christian River,2024,willow leaf blotchminer,34062,3065.58
190804,Beaver Creek-Yukon River,1997,defoliators,5338,480.42
190804,Beaver Creek-Yukon River,1997,larch sawfly,1355,121.95
190804,Beaver Creek-Yukon River,1997,northern spruce engraver,9925,893.25
190804,Beaver Creek-Yukon River,1997,spruce budworm,3553,319.77
190804,Beaver Creek-Yukon River,1997,willow leaf blotchminer,709,63.81
190804,Beaver Creek-Yukon River,1998,defoliators,2429,218.61
190804,Beaver Creek-Yukon River,1998,fire,4869,438.21
190804,Beaver Creek-Yukon River,1998,foliage and shoot diseases,2027,182.43
190804,Beaver Creek-Yukon River,1998,larch sawfly,257,23.13
190804,Beaver Creek-Yukon River,1998,large aspen tortrix,2458,221.22
190804,Beaver Creek-Yukon River,1998,northern spruce engraver,372,33.48
190804,Beaver Creek-Yukon River,1998,spear-marked black moth,952,85.68
190804,Beaver Creek-Yukon River,1998,spruce broom rust,20,1.8
190804,Beaver Creek-Yukon River,1998,willow leaf blotchminer,110810,9972.9
190804,Beaver Creek-Yukon River,1999,defoliators,576,51.84
190804,Beaver Creek-Yukon River,1999,large aspen tortrix,761,68.49
190804,Beaver Creek-Yukon River,1999,northern spruce engraver,574,51.66
190804,Beaver Creek-Yukon River,1999,willow leaf blotchminer,154106,13869.54
190804,Beaver Creek-Yukon River,2000,larch sawfly,1552,139.68
190804,Beaver Creek-Yukon River,2000,large aspen tortrix,4567,411.03
190804,Beaver Creek-Yukon River,2000,northern spruce engraver,541,48.69
190804,Beaver Creek-Yukon River,2000,spruce budworm,3696,332.64
190804,Beaver Creek-Yukon River,2000,willow leafblotch miner,54388,4894.92
190804,Beaver Creek-Yukon River,2001,flooding-high water,1012,91.08
190804,Beaver Creek-Yukon River,2001,large aspen tortrix,4471,402.39
190804,Beaver Creek-Yukon River,2001,northern spruce engraver,31,2.79
190804,Beaver Creek-Yukon River,2001,spruce budworm,91,8.19
190804,Beaver Creek-Yukon River,2001,willow leafblotch miner,2346,211.14
190804,Beaver Creek-Yukon River,2002,defoliators,3624,326.16
190804,Beaver Creek-Yukon River,2002,northern spruce engraver,334,30.06
190804,Beaver Creek-Yukon River,2002,willow leaf blotchminer,276,24.84
190804,Beaver Creek-Yukon River,2003,aspen leafminer,50423,4538.07
190804,Beaver Creek-Yukon River,2003,large aspen tortrix,1490,134.1
190804,Beaver Creek-Yukon River,2004,aspen leafminer,574302,51687.18
190804,Beaver Creek-Yukon River,2004,defoliators,20485,1843.65
190804,Beaver Creek-Yukon River,2004,larch sawfly,19625,1766.25
190804,Beaver Creek-Yukon River,2004,northern spruce engraver,1733,155.97
190804,Beaver Creek-Yukon River,2004,spruce broom rust,2888,259.92
190804,Beaver Creek-Yukon River,2004,spruce budworm,229385,20644.65
190804,Beaver Creek-Yukon River,2004,willow leaf blotchminer,355886,32029.74
190804,Beaver Creek-Yukon River,2005,aspen leafminer,402857,36257.13
190804,Beaver Creek-Yukon River,2005,defoliators,2584,232.56
190804,Beaver Creek-Yukon River,2005,northern spruce engraver,710,63.9
190804,Beaver Creek-Yukon River,2005,spruce beetle,266,23.94
190804,Beaver Creek-Yukon River,2005,spruce budworm,1956,176.04
190804,Beaver Creek-Yukon River,2005,willow leaf blotchminer,8601,774.09
190804,Beaver Creek-Yukon River,2006,Lirula spruce needle blight,216,19.44
190804,Beaver Creek-Yukon River,2006,aspen leafminer,196099,17648.91
190804,Beaver Creek-Yukon River,2006,defoliators,65267,5874.03
190804,Beaver Creek-Yukon River,2006,flooding-high water,1954,175.86
190804,Beaver Creek-Yukon River,2006,large aspen tortrix,5607,504.63
190804,Beaver Creek-Yukon River,2006,northern spruce engraver,223,20.07
190804,Beaver Creek-Yukon River,2006,spruce budworm,2629,236.61
190804,Beaver Creek-Yukon River,2006,willow leaf blotchminer,81458,7331.22
190804,Beaver Creek-Yukon River,2007,aspen leafminer,173499,15614.91
190804,Beaver Creek-Yukon River,2007,defoliators,4782,430.38
190804,Beaver Creek-Yukon River,2007,large aspen tortrix,2906,261.54
190804,Beaver Creek-Yukon River,2007,northern spruce engraver,25215,2269.35
190804,Beaver Creek-Yukon River,2007,spruce beetle,14418,1297.62
190804,Beaver Creek-Yukon River,2007,willow leaf blotchminer,114231,10280.79
190804,Beaver Creek-Yukon River,2008,aspen leafminer,98694,8882.46
190804,Beaver Creek-Yukon River,2008,flooding-high water,42,3.78
190804,Beaver Creek-Yukon River,2008,northern spruce engraver,49916,4492.44
190804,Beaver Creek-Yukon River,2008,spruce beetle,1817,163.53
190804,Beaver Creek-Yukon River,2008,spruce budworm,1002,90.18
190804,Beaver Creek-Yukon River,2008,willow leaf blotchminer,72038,6483.42
190804,Beaver Creek-Yukon River,2009,aspen leafminer,9843,885.87
190804,Beaver Creek-Yukon River,2009,defoliators,734,66.06
190804,Beaver Creek-Yukon River,2009,northern spruce engraver,9543,858.87
190804,Beaver Creek-Yukon River,2009,willow leaf blotchminer,78550,7069.5
190804,Beaver Creek-Yukon River,2010,aspen leafminer,251213,22609.17
190804,Beaver Creek-Yukon River,2010,canker (general),1928,173.52
190804,Beaver Creek-Yukon River,2010,defoliators,5161,464.49
190804,Beaver Creek-Yukon River,2010,large-spored spruce-Labrador tea rust,207,18.63
190804,Beaver Creek-Yukon River,2010,northern spruce engraver,33479,3013.11
190804,Beaver Creek-Yukon River,2010,spruce beetle,109,9.81
190804,Beaver Creek-Yukon River,2010,willow leaf blotchminer,578468,52062.12
190804,Beaver Creek-Yukon River,2011,aspen leafminer,94371,8493.39
190804,Beaver Creek-Yukon River,2011,birch aphid,2028,182.52
190804,Beaver Creek-Yukon River,2011,defoliators,18491,1664.19
190804,Beaver Creek-Yukon River,2011,dieback,5550,499.5
190804,Beaver Creek-Yukon River,2011,larch sawfly,476,42.84
190804,Beaver Creek-Yukon River,2011,northern spruce engraver,2889,260.01
190804,Beaver Creek-Yukon River,2011,willow leaf blotchminer,70216,6319.44
190804,Beaver Creek-Yukon River,2012,aspen leafminer,15393,1385.37
190804,Beaver Creek-Yukon River,2012,birch aphid,3498,314.82
190804,Beaver Creek-Yukon River,2012,defoliators,2253,202.77
190804,Beaver Creek-Yukon River,2012,northern spruce engraver,6981,628.29
190804,Beaver Creek-Yukon River,2012,"other wilt, known (code pending)",12577,1131.93
190804,Beaver Creek-Yukon River,2012,spruce beetle,541,48.69
190804,Beaver Creek-Yukon River,2012,willow leaf blotchminer,20309,1827.81
190804,Beaver Creek-Yukon River,2012,wind-tornado/hurricane,118,10.62
190804,Beaver Creek-Yukon River,2013,aspen leafminer,129598,11663.82
190804,Beaver Creek-Yukon River,2013,decline complex,18038,1623.42
190804,Beaver Creek-Yukon River,2013,defoliators,18929,1703.61
190804,Beaver Creek-Yukon River,2013,flooding-high water,1977,177.93
190804,Beaver Creek-Yukon River,2013,large aspen tortrix,9013,811.17
190804,Beaver Creek-Yukon River,2013,northern spruce engraver,7472,672.48
190804,Beaver Creek-Yukon River,2013,spruce beetle,442,39.78
190804,Beaver Creek-Yukon River,2013,spruce budworm,2718,244.62
190804,Beaver Creek-Yukon River,2013,willow leaf blotchminer,11150,1003.5
190804,Beaver Creek-Yukon River,2014,Chrysomela leaf beetle,51,4.59
190804,Beaver Creek-Yukon River,2014,aspen leafminer,173781,15640.29
190804,Beaver Creek-Yukon River,2014,birch leafroller,1361,122.49
190804,Beaver Creek-Yukon River,2014,decline complex,1892,170.28
190804,Beaver Creek-Yukon River,2014,defoliators,16091,1448.19
190804,Beaver Creek-Yukon River,2014,dieback,1221,109.89
190804,Beaver Creek-Yukon River,2014,flooding-high water,5647,508.23
190804,Beaver Creek-Yukon River,2014,large aspen tortrix,873,78.57
190804,Beaver Creek-Yukon River,2014,northern spruce engraver,6950,625.5
190804,Beaver Creek-Yukon River,2014,spruce beetle,590,53.1
190804,Beaver Creek-Yukon River,2014,willow leaf blotchminer,48790,4391.1
190804,Beaver Creek-Yukon River,2015,aspen leafminer,56262,5063.58
190804,Beaver Creek-Yukon River,2015,birch aphid,468,42.12
190804,Beaver Creek-Yukon River,2015,birch leafroller,67,6.03
190804,Beaver Creek-Yukon River,2015,flooding-high water,492,44.28
190804,Beaver Creek-Yukon River,2015,northern spruce engraver,11666,1049.94
190804,Beaver Creek-Yukon River,2015,unknown,1362,122.58
190804,Beaver Creek-Yukon River,2015,unknown canker,10851,976.59
190804,Beaver Creek-Yukon River,2015,unknown defoliator,3225,290.25
190804,Beaver Creek-Yukon River,2015,willow leaf blotchminer,60745,5467.05
190804,Beaver Creek-Yukon River,2016,aspen leafminer,212381,19114.29
190804,Beaver Creek-Yukon River,2016,battered sallow,72,6.48
190804,Beaver Creek-Yukon River,2016,birch leafroller,4020,361.8
190804,Beaver Creek-Yukon River,2016,flooding-high water,485,43.65
190804,Beaver Creek-Yukon River,2016,large aspen tortrix,40,3.6
190804,Beaver Creek-Yukon River,2016,northern spruce engraver,8237,741.33
190804,Beaver Creek-Yukon River,2016,spruce broom rust,133,11.97
190804,Beaver Creek-Yukon River,2016,unknown canker,1122,100.98
190804,Beaver Creek-Yukon River,2016,unknown defoliator,14415,1297.35
190804,Beaver Creek-Yukon River,2016,willow leaf blotchminer,290357,26132.13
190804,Beaver Creek-Yukon River,2016,wind-tornado/hurricane,138,12.42
190804,Beaver Creek-Yukon River,2017,aspen leafminer,23475,2112.75
190804,Beaver Creek-Yukon River,2017,flooding-high water,22,1.98
190804,Beaver Creek-Yukon River,2017,northern spruce engraver,829,74.61
190804,Beaver Creek-Yukon River,2017,"other canker agent, known (code pending)",47,4.23
190804,Beaver Creek-Yukon River,2017,unknown defoliator,941,84.69
190804,Beaver Creek-Yukon River,2017,willow leaf blotchminer,75559,6800.31
190804,Beaver Creek-Yukon River,2018,aspen leafminer,96305,8667.45
190804,Beaver Creek-Yukon River,2018,flooding-high water,3744,336.96
190804,Beaver Creek-Yukon River,2018,northern spruce engraver,11,0.99
190804,Beaver Creek-Yukon River,2018,"other canker agent, known (code pending)",8,0.72
190804,Beaver Creek-Yukon River,2018,spruce beetle,71,6.39
190804,Beaver Creek-Yukon River,2018,unknown canker,50,4.5
190804,Beaver Creek-Yukon River,2018,unknown defoliator,47626,4286.34
190804,Beaver Creek-Yukon River,2018,willow leaf blotchminer,31533,2837.97
190804,Beaver Creek-Yukon River,2019,aspen leafminer,57745,5197.05
190804,Beaver Creek-Yukon River,2019,northern spruce engraver,5,0.45
190804,Beaver Creek-Yukon River,2019,spruce beetle,38,3.42
190804,Beaver Creek-Yukon River,2019,spruce broom rust,993,89.37
190804,Beaver Creek-Yukon River,2019,willow leaf blotchminer,30204,2718.36
190804,Beaver Creek-Yukon River,2021,aspen leafminer,191686,17251.74
190804,Beaver Creek-Yukon River,2021,flooding-high water,5244,471.96
190804,Beaver Creek-Yukon River,2021,spruce beetle,9768,879.12
190804,Beaver Creek-Yukon River,2021,willow leaf blotchminer,29810,2682.9
190804,Beaver Creek-Yukon River,2022,aspen leafminer,6087,547.83
190804,Beaver Creek-Yukon River,2022,flooding-high water,1832,164.88
190804,Beaver Creek-Yukon River,2022,northern spruce engraver,677,60.93
190804,Beaver Creek-Yukon River,2022,snow-ice,6814,613.26
190804,Beaver Creek-Yukon River,2022,spruce beetle,13941,1254.69
190804,Beaver Creek-Yukon River,2022,unknown defoliator,746,67.14
190804,Beaver Creek-Yukon River,2022,willow leaf blotchminer,63855,5746.95
190804,Beaver Creek-Yukon River,2024,aspen leafminer,61635,5547.15
190804,Beaver Creek-Yukon River,2024,mud-land slide,33,2.97
190804,Beaver Creek-Yukon River,2024,northern spruce engraver,1375,123.75
190804,Beaver Creek-Yukon River,2024,spruce beetle,8701,783.09
190804,Beaver Creek-Yukon River,2024,unknown defoliator,5213,469.17
190804,Beaver Creek-Yukon River,2024,willow leaf blotchminer,143822,12943.98
190902,Melozitna River-Yukon River,1997,larch sawfly,157633,14186.97
190902,Melozitna River-Yukon River,1997,northern spruce engraver,17443,1569.87
190902,Melozitna River-Yukon River,1997,spruce beetle,204,18.36
190902,Melozitna River-Yukon River,1997,spruce budworm,102692,9242.28
190902,Melozitna River-Yukon River,1997,willow leaf blotchminer,1752,157.68
190902,Melozitna River-Yukon River,1998,larch sawfly,39305,3537.45
190902,Melozitna River-Yukon River,1998,northern spruce engraver,17488,1573.92
190902,Melozitna River-Yukon River,1998,spruce beetle,47742,4296.78
190902,Melozitna River-Yukon River,1998,spruce budworm,390771,35169.39
190902,Melozitna River-Yukon River,1998,willow leaf blotchminer,5737,516.33
190902,Melozitna River-Yukon River,1999,defoliators,6674,600.66
190902,Melozitna River-Yukon River,1999,eastern larch beetle,345,31.05
190902,Melozitna River-Yukon River,1999,fire,11089,998.01
190902,Melozitna River-Yukon River,1999,larch sawfly,8397,755.73
190902,Melozitna River-Yukon River,1999,large aspen tortrix,24576,2211.84
190902,Melozitna River-Yukon River,1999,northern spruce engraver,3603,324.27
190902,Melozitna River-Yukon River,1999,spruce beetle,424,38.16
190902,Melozitna River-Yukon River,1999,spruce budworm,3199,287.91
190902,Melozitna River-Yukon River,1999,willow leaf blotchminer,15092,1358.28
190902,Melozitna River-Yukon River,2000,larch sawfly,4863,437.67
190902,Melozitna River-Yukon River,2000,spruce beetle,15731,1415.79
190902,Melozitna River-Yukon River,2000,willow leafblotch miner,43771,3939.39
190902,Melozitna River-Yukon River,2001,defoliators,7678,691.02
190902,Melozitna River-Yukon River,2001,flooding-high water,53804,4842.36
190902,Melozitna River-Yukon River,2001,spruce beetle,27,2.43
190902,Melozitna River-Yukon River,2003,aspen leafminer,25878,2329.02
190902,Melozitna River-Yukon River,2003,defoliators,563,50.67
190902,Melozitna River-Yukon River,2003,eastern larch beetle,101292,9116.28
190902,Melozitna River-Yukon River,2003,willow leaf blotchminer,17905,1611.45
190902,Melozitna River-Yukon River,2004,aspen leafminer,112971,10167.39
190902,Melozitna River-Yukon River,2004,larch sawfly,19,1.71
190902,Melozitna River-Yukon River,2004,large-spored spruce-Labrador tea rust,1064,95.76
190902,Melozitna River-Yukon River,2005,aspen leafminer,6378,574.02
190902,Melozitna River-Yukon River,2005,defoliators,7975,717.75
190902,Melozitna River-Yukon River,2005,larch sawfly,1651,148.59
190902,Melozitna River-Yukon River,2005,northern spruce engraver,169,15.21
190902,Melozitna River-Yukon River,2005,willow leaf blotchminer,33918,3052.62
190902,Melozitna River-Yukon River,2006,aspen leafminer,115972,10437.48
190902,Melozitna River-Yukon River,2006,defoliators,5821,523.89
190902,Melozitna River-Yukon River,2006,eastern larch beetle,144,12.96
190902,Melozitna River-Yukon River,2006,flooding-high water,83,7.47
190902,Melozitna River-Yukon River,2006,larch sawfly,41,3.69
190902,Melozitna River-Yukon River,2006,large aspen tortrix,269,24.21
190902,Melozitna River-Yukon River,2006,northern spruce engraver,533,47.97
190902,Melozitna River-Yukon River,2006,spruce beetle,19,1.71
190902,Melozitna River-Yukon River,2006,willow leaf blotchminer,8345,751.05
190902,Melozitna River-Yukon River,2007,aspen leafminer,130496,11744.64
190902,Melozitna River-Yukon River,2007,defoliators,9214,829.26
190902,Melozitna River-Yukon River,2007,flooding-high water,505,45.45
190902,Melozitna River-Yukon River,2007,larch sawfly,428,38.52
190902,Melozitna River-Yukon River,2007,large aspen tortrix,91,8.19
190902,Melozitna River-Yukon River,2007,mud-land slide,18,1.62
190902,Melozitna River-Yukon River,2007,northern spruce engraver,7099,638.91
190902,Melozitna River-Yukon River,2007,willow leaf blotchminer,30556,2750.04
190902,Melozitna River-Yukon River,2008,aspen leafminer,24208,2178.72
190902,Melozitna River-Yukon River,2008,defoliators,3467,312.03
190902,Melozitna River-Yukon River,2008,northern spruce engraver,2866,257.94
190902,Melozitna River-Yukon River,2008,spruce beetle,875,78.75
190902,Melozitna River-Yukon River,2008,willow leaf blotchminer,1327,119.43
190902,Melozitna River-Yukon River,2009,aspen leafminer,69804,6282.36
190902,Melozitna River-Yukon River,2009,defoliators,19567,1761.03
190902,Melozitna River-Yukon River,2009,eastern larch beetle,352,31.68
190902,Melozitna River-Yukon River,2009,flooding-high water,112,10.08
190902,Melozitna River-Yukon River,2009,northern spruce engraver,19484,1753.56
190902,Melozitna River-Yukon River,2009,willow leaf blotchminer,70297,6326.73
190902,Melozitna River-Yukon River,2010,aspen leafminer,57617,5185.53
190902,Melozitna River-Yukon River,2010,canker (general),59,5.31
190902,Melozitna River-Yukon River,2010,flooding-high water,1570,141.3
190902,Melozitna River-Yukon River,2010,large aspen tortrix,47,4.23
190902,Melozitna River-Yukon River,2010,large-spored spruce-Labrador tea rust,1798,161.82
190902,Melozitna River-Yukon River,2010,northern spruce engraver,4526,407.34
190902,Melozitna River-Yukon River,2010,willow leaf blotchminer,136977,12327.93
190902,Melozitna River-Yukon River,2011,aspen leafminer,34951,3145.59
190902,Melozitna River-Yukon River,2011,defoliators,141,12.69
190902,Melozitna River-Yukon River,2011,dieback,4826,434.34
190902,Melozitna River-Yukon River,2011,flooding-high water,111,9.99
190902,Melozitna River-Yukon River,2011,large aspen tortrix,12,1.08
190902,Melozitna River-Yukon River,2011,large-spored spruce-Labrador tea rust,36,3.24
190902,Melozitna River-Yukon River,2011,northern spruce engraver,654,58.86
190902,Melozitna River-Yukon River,2011,spruce broom rust,212,19.08
190902,Melozitna River-Yukon River,2011,willow leaf blotchminer,19199,1727.91
190902,Melozitna River-Yukon River,2011,winter injury,45668,4110.12
190902,Melozitna River-Yukon River,2012,aspen leafminer,3572,321.48
190902,Melozitna River-Yukon River,2012,birch leafminer,55,4.95
190902,Melozitna River-Yukon River,2012,defoliators,118,10.62
190902,Melozitna River-Yukon River,2012,large aspen tortrix,16478,1483.02
190902,Melozitna River-Yukon River,2012,spruce beetle,37636,3387.24
190902,Melozitna River-Yukon River,2012,spruce broom rust,41,3.69
190902,Melozitna River-Yukon River,2012,spruce budworm,20362,1832.58
190902,Melozitna River-Yukon River,2012,willow leaf blotchminer,642,57.78
190902,Melozitna River-Yukon River,2012,wind-tornado/hurricane,86,7.74
190902,Melozitna River-Yukon River,2013,aspen leafminer,26734,2406.06
190902,Melozitna River-Yukon River,2013,defoliators,7022,631.98
190902,Melozitna River-Yukon River,2013,flooding-high water,390,35.1
190902,Melozitna River-Yukon River,2013,large aspen tortrix,409,36.81
190902,Melozitna River-Yukon River,2013,northern spruce engraver,1010,90.9
190902,Melozitna River-Yukon River,2013,willow leaf blotchminer,3879,349.11
190902,Melozitna River-Yukon River,2014,aspen leafminer,9234,831.06
190902,Melozitna River-Yukon River,2014,birch leafroller,8565,770.85
190902,Melozitna River-Yukon River,2014,defoliators,4000,360.0
190902,Melozitna River-Yukon River,2014,flooding-high water,25653,2308.77
190902,Melozitna River-Yukon River,2014,large aspen tortrix,1217,109.53
190902,Melozitna River-Yukon River,2014,northern spruce engraver,234,21.06
190902,Melozitna River-Yukon River,2015,aspen leafminer,48565,4370.85
190902,Melozitna River-Yukon River,2015,flooding-high water,9429,848.61
190902,Melozitna River-Yukon River,2015,large aspen tortrix,7512,676.08
190902,Melozitna River-Yukon River,2015,northern spruce engraver,530,47.7
190902,Melozitna River-Yukon River,2015,spruce broom rust,571,51.39
190902,Melozitna River-Yukon River,2015,unknown defoliator,96,8.64
190902,Melozitna River-Yukon River,2015,willow leaf blotchminer,18,1.62
190902,Melozitna River-Yukon River,2016,aspen leafminer,1516,136.44
190902,Melozitna River-Yukon River,2016,birch leafroller,1350,121.5
190902,Melozitna River-Yukon River,2016,flooding-high water,62,5.58
190902,Melozitna River-Yukon River,2016,northern spruce engraver,962,86.58
190902,Melozitna River-Yukon River,2016,speckled green fruitworm,567,51.03
190902,Melozitna River-Yukon River,2016,spruce beetle,52,4.68
190902,Melozitna River-Yukon River,2016,unknown canker,541,48.69
190902,Melozitna River-Yukon River,2016,unknown defoliator,21723,1955.07
190902,Melozitna River-Yukon River,2016,willow leaf blotchminer,26943,2424.87
190902,Melozitna River-Yukon River,2017,flooding-high water,29,2.61
190902,Melozitna River-Yukon River,2017,northern spruce engraver,214,19.26
190902,Melozitna River-Yukon River,2017,spruce beetle,173,15.57
190902,Melozitna River-Yukon River,2017,spruce broom rust,45,4.05
190902,Melozitna River-Yukon River,2017,unknown canker,1726,155.34
190902,Melozitna River-Yukon River,2017,unknown defoliator,11933,1073.97
190902,Melozitna River-Yukon River,2017,willow leaf blotchminer,23987,2158.83
190902,Melozitna River-Yukon River,2018,aspen leafminer,1532,137.88
190902,Melozitna River-Yukon River,2018,flooding-high water,3750,337.5
190902,Melozitna River-Yukon River,2018,large aspen tortrix,1278,115.02
190902,Melozitna River-Yukon River,2018,northern spruce engraver,1367,123.03
190902,Melozitna River-Yukon River,2018,"other canker agent, known (code pending)",158,14.22
190902,Melozitna River-Yukon River,2018,spruce beetle,2332,209.88
190902,Melozitna River-Yukon River,2018,spruce broom rust,16,1.44
190902,Melozitna River-Yukon River,2018,unknown,1780,160.2
190902,Melozitna River-Yukon River,2018,unknown defoliator,29411,2646.99
190902,Melozitna River-Yukon River,2018,willow leaf blotchminer,44139,3972.51
190902,Melozitna River-Yukon River,2021,aspen leafminer,6022,541.98
190902,Melozitna River-Yukon River,2021,flooding-high water,28,2.52
190902,Melozitna River-Yukon River,2021,spruce beetle,96,8.64
190902,Melozitna River-Yukon River,2021,spruce broom rust,141,12.69
190902,Melozitna River-Yukon River,2021,willow leaf blotchminer,9,0.81
190902,Melozitna River-Yukon River,2022,aspen leafminer,105,9.45
190902,Melozitna River-Yukon River,2022,unknown defoliator,246,22.14
190902,Melozitna River-Yukon River,2022,willow leaf blotchminer,166,14.94
190902,Melozitna River-Yukon River,2024,aspen leafminer,3244,291.96
190902,Melozitna River-Yukon River,2024,flooding-high water,206895,18620.55
190902,Melozitna River-Yukon River,2024,large-spored spruce-Labrador tea rust,100,9.0
190902,Melozitna River-Yukon River,2024,unknown,1315,118.35
190902,Melozitna River-Yukon River,2024,unknown defoliator,7403,666.27
190902,Melozitna River-Yukon River,2024,willow leaf blotchminer,44110,3969.9
190903,Outlet Yukon River,1998,northern spruce engraver,20165,1814.85
190903,Outlet Yukon River,1999,defoliators,2130,191.7
190903,Outlet Yukon River,1999,flooding-high water,343,30.87
190903,Outlet Yukon River,1999,foliage and shoot diseases,975,87.75
190903,Outlet Yukon River,1999,larch sawfly,273073,24576.57
190903,Outlet Yukon River,1999,large aspen tortrix,1751,157.59
190903,Outlet Yukon River,1999,northern spruce engraver,1487,133.83
190903,Outlet Yukon River,1999,spruce beetle,194,17.46
190903,Outlet Yukon River,1999,willow leaf blotchminer,6581,592.29
190903,Outlet Yukon River,2000,larch sawfly,164121,14770.89
190903,Outlet Yukon River,2000,northern spruce engraver,57236,5151.24
190903,Outlet Yukon River,2000,spruce beetle,1211,108.99
190903,Outlet Yukon River,2001,larch sawfly,74874,6738.66
190903,Outlet Yukon River,2001,willow leaf blotchminer,387,34.83
190903,Outlet Yukon River,2002,defoliators,17104,1539.36
190903,Outlet Yukon River,2003,larch sawfly,1636,147.24
190903,Outlet Yukon River,2003,willow leaf blotchminer,148705,13383.45
190903,Outlet Yukon River,2004,northern spruce engraver,232,20.88
190903,Outlet Yukon River,2004,spruce beetle,19,1.71
190903,Outlet Yukon River,2004,willow leaf blotchminer,21225,1910.25
190903,Outlet Yukon River,2005,aspen leafminer,6576,591.84
190903,Outlet Yukon River,2005,flooding-high water,2690,242.1
190903,Outlet Yukon River,2005,larch sawfly,13617,1225.53
190903,Outlet Yukon River,2005,northern spruce engraver,860,77.4
190903,Outlet Yukon River,2005,spruce beetle,860,77.4
190903,Outlet Yukon River,2005,willow leaf blotchminer,12555,1129.95
190903,Outlet Yukon River,2006,defoliators,22160,1994.4
190903,Outlet Yukon River,2006,larch sawfly,19,1.71
190903,Outlet Yukon River,2006,northern spruce engraver,1239,111.51
190903,Outlet Yukon River,2006,spruce beetle,1330,119.7
190903,Outlet Yukon River,2006,willow leaf blotchminer,31168,2805.12
190903,Outlet Yukon River,2007,aspen leafminer,5911,531.99
190903,Outlet Yukon River,2007,defoliators,941,84.69
190903,Outlet Yukon River,2007,eastern larch beetle,45,4.05
190903,Outlet Yukon River,2007,flooding-high water,410,36.9
190903,Outlet Yukon River,2007,larch sawfly,52,4.68
190903,Outlet Yukon River,2007,large aspen tortrix,47530,4277.7
190903,Outlet Yukon River,2007,mud-land slide,141,12.69
190903,Outlet Yukon River,2007,northern spruce engraver,128,11.52
190903,Outlet Yukon River,2007,spruce beetle,32,2.88
190903,Outlet Yukon River,2007,willow leaf blotchminer,1395,125.55
190903,Outlet Yukon River,2008,aspen leafminer,6211,558.99
190903,Outlet Yukon River,2008,cottonwood leafminers,2968,267.12
190903,Outlet Yukon River,2008,defoliators,10264,923.76
190903,Outlet Yukon River,2008,flooding-high water,1417,127.53
190903,Outlet Yukon River,2008,larch sawfly,798,71.82
190903,Outlet Yukon River,2008,large aspen tortrix,86,7.74
190903,Outlet Yukon River,2008,northern spruce engraver,281,25.29
190903,Outlet Yukon River,2008,willow leaf blotchminer,5008,450.72
190903,Outlet Yukon River,2009,aspen leafminer,11200,1008.0
190903,Outlet Yukon River,2009,decline complex,57,5.13
190903,Outlet Yukon River,2009,defoliators,8166,734.94
190903,Outlet Yukon River,2009,flooding-high water,1026,92.34
190903,Outlet Yukon River,2009,northern spruce engraver,1866,167.94
190903,Outlet Yukon River,2009,spruce beetle,60,5.4
190903,Outlet Yukon River,2009,willow leaf blotchminer,17675,1590.75
190903,Outlet Yukon River,2010,aspen leafminer,16949,1525.41
190903,Outlet Yukon River,2010,canker (general),6323,569.07
190903,Outlet Yukon River,2010,flooding-high water,569,51.21
190903,Outlet Yukon River,2010,large aspen tortrix,1167,105.03
190903,Outlet Yukon River,2010,willow leaf blotchminer,38217,3439.53
190903,Outlet Yukon River,2011,aspen leafminer,5846,526.14
190903,Outlet Yukon River,2011,defoliators,77,6.93
190903,Outlet Yukon River,2011,dieback,1304,117.36
190903,Outlet Yukon River,2011,flooding-high water,221,19.89
190903,Outlet Yukon River,2011,large aspen tortrix,223,20.07
190903,Outlet Yukon River,2011,large-spored spruce-Labrador tea rust,60,5.4
190903,Outlet Yukon River,2011,northern spruce engraver,783,70.47
190903,Outlet Yukon River,2011,willow leaf blotchminer,337,30.33
190903,Outlet Yukon River,2012,decline complex,428,38.52
190903,Outlet Yukon River,2012,defoliators,428,38.52
190903,Outlet Yukon River,2012,"other wilt, known (code pending)",76,6.84
190903,Outlet Yukon River,2013,birch leafroller,592429,53318.61
190903,Outlet Yukon River,2013,defoliators,3330,299.7
190903,Outlet Yukon River,2013,northern spruce engraver,137,12.33
190903,Outlet Yukon River,2013,willow leaf blotchminer,12394,1115.46
190903,Outlet Yukon River,2014,birch leafroller,96412,8677.08
190903,Outlet Yukon River,2014,decline complex,97,8.73
190903,Outlet Yukon River,2014,defoliators,379615,34165.35
190903,Outlet Yukon River,2014,flooding-high water,2142,192.78
190903,Outlet Yukon River,2014,large aspen tortrix,1852,166.68
190903,Outlet Yukon River,2015,aspen leafminer,115,10.35
190903,Outlet Yukon River,2015,large aspen tortrix,8798,791.82
190903,Outlet Yukon River,2015,northern spruce engraver,192,17.28
190903,Outlet Yukon River,2015,spruce beetle,410,36.9
190903,Outlet Yukon River,2015,unknown defoliator,380989,34289.01
190903,Outlet Yukon River,2015,willow leaf blotchminer,9846,886.14
190903,Outlet Yukon River,2016,speckled green fruitworm,166870,15018.3
190903,Outlet Yukon River,2016,unknown defoliator,41737,3756.33
190903,Outlet Yukon River,2016,willow leaf blotchminer,12592,1133.28
190903,Outlet Yukon River,2017,flooding-high water,193,17.37
190903,Outlet Yukon River,2017,spruce broom rust,13,1.17
190903,Outlet Yukon River,2017,unknown defoliator,166382,14974.38
190903,Outlet Yukon River,2017,willow leaf blotchminer,5246,472.14
190903,Outlet Yukon River,2018,aspen leafminer,132,11.88
190903,Outlet Yukon River,2018,flooding-high water,724,65.16
190903,Outlet Yukon River,2018,large aspen tortrix,2147,193.23
190903,Outlet Yukon River,2018,northern spruce engraver,83,7.47
190903,Outlet Yukon River,2018,"other canker agent, known (code pending)",465,41.85
190903,Outlet Yukon River,2018,speckled green fruitworm,77,6.93
190903,Outlet Yukon River,2018,unknown,17,1.53
190903,Outlet Yukon River,2018,unknown defoliator,8427,758.43
190903,Outlet Yukon River,2018,willow leaf blotchminer,14,1.26
190803,Tanana River,1997,defoliators,7419,667.71
190803,Tanana River,1997,flooding-high water,3161,284.49
190803,Tanana River,1997,larch sawfly,340261,30623.49
190803,Tanana River,1997,large aspen tortrix,12541,1128.69
190803,Tanana River,1997,large-spored spruce-Labrador tea rust,43,3.87
190803,Tanana River,1997,northern spruce engraver,6857,617.13
190803,Tanana River,1997,spruce beetle,5196,467.64
190803,Tanana River,1997,spruce budworm,66552,5989.68
190803,Tanana River,1997,willow leaf blotchminer,11203,1008.27
190803,Tanana River,1998,defoliators,17527,1577.43
190803,Tanana River,1998,fire,41167,3705.03
190803,Tanana River,1998,flooding-high water,1690,152.1
190803,Tanana River,1998,foliage and shoot diseases,41,3.69
190803,Tanana River,1998,larch sawfly,63435,5709.15
190803,Tanana River,1998,large aspen tortrix,36641,3297.69
190803,Tanana River,1998,northern spruce engraver,2600,234.0
190803,Tanana River,1998,spruce beetle,153,13.77
190803,Tanana River,1998,spruce broom rust,3904,351.36
190803,Tanana River,1998,spruce budworm,4422,397.98
190803,Tanana River,1998,willow leaf blotchminer,51764,4658.76
190803,Tanana River,1999,defoliators,5047,454.23
190803,Tanana River,1999,eastern larch beetle,2456,221.04
190803,Tanana River,1999,fire,714,64.26
190803,Tanana River,1999,flooding-high water,1649,148.41
190803,Tanana River,1999,larch sawfly,29243,2631.87
190803,Tanana River,1999,large aspen tortrix,20771,1869.39
190803,Tanana River,1999,northern spruce engraver,4029,362.61
190803,Tanana River,1999,spear-marked black moth,45,4.05
190803,Tanana River,1999,spruce beetle,1326,119.34
190803,Tanana River,1999,spruce broom rust,72,6.48
190803,Tanana River,1999,willow leaf blotchminer,111924,10073.16
190803,Tanana River,2000,defoliators,5907,531.63
190803,Tanana River,2000,larch sawfly,5173,465.57
190803,Tanana River,2000,large aspen tortrix,19253,1732.77
190803,Tanana River,2000,northern spruce engraver,574,51.66
190803,Tanana River,2000,willow leafblotch miner,36728,3305.52
190803,Tanana River,2001,defoliators,1613,145.17
190803,Tanana River,2001,fire,138744,12486.96
190803,Tanana River,2001,flooding-high water,510134,45912.06
190803,Tanana River,2001,larch sawfly,3272,294.48
190803,Tanana River,2001,northern spruce engraver,81,7.29
190803,Tanana River,2001,spruce beetle,1296,116.64
190803,Tanana River,2001,spruce budworm,114638,10317.42
190803,Tanana River,2001,willow leaf blotchminer,157,14.13
190803,Tanana River,2001,willow leafblotch miner,1884,169.56
190803,Tanana River,2002,aspen leafminer,126820,11413.8
190803,Tanana River,2002,defoliators,27089,2438.01
190803,Tanana River,2002,flooding-high water,214,19.26
190803,Tanana River,2002,larch sawfly,2174,195.66
190803,Tanana River,2002,large aspen tortrix,11145,1003.05
190803,Tanana River,2002,northern spruce engraver,817,73.53
190803,Tanana River,2003,aspen leafminer,451352,40621.68
190803,Tanana River,2003,defoliators,4349,391.41
190803,Tanana River,2003,northern spruce engraver,190,17.1
190803,Tanana River,2003,spruce bud moth,1492,134.28
190803,Tanana River,2003,spruce budworm,138870,12498.3
190803,Tanana River,2004,aspen leafminer,1708685,153781.65
190803,Tanana River,2004,birch leafroller,887,79.83
190803,Tanana River,2004,defoliators,76609,6894.81
190803,Tanana River,2004,eastern larch beetle,53183,4786.47
190803,Tanana River,2004,flooding-high water,100,9.0
190803,Tanana River,2004,large aspen tortrix,20160,1814.4
190803,Tanana River,2004,northern spruce engraver,64006,5760.54
190803,Tanana River,2004,spruce beetle,641,57.69
190803,Tanana River,2004,spruce broom rust,145,13.05
190803,Tanana River,2004,spruce budworm,148220,13339.8
190803,Tanana River,2004,willow leaf blotchminer,48924,4403.16
190803,Tanana River,2005,aspen leafminer,1020781,91870.29
190803,Tanana River,2005,defoliators,19224,1730.16
190803,Tanana River,2005,northern spruce engraver,963,86.67
190803,Tanana River,2005,spruce beetle,342,30.78
190803,Tanana River,2005,spruce budworm,38151,3433.59
190803,Tanana River,2005,willow leaf blotchminer,17753,1597.77
190803,Tanana River,2006,aspen leafminer,1258413,113257.17
190803,Tanana River,2006,cottonwood leafminers,15019,1351.71
190803,Tanana River,2006,defoliators,69906,6291.54
190803,Tanana River,2006,flooding-high water,6474,582.66
190803,Tanana River,2006,larch sawfly,11191,1007.19
190803,Tanana River,2006,large aspen tortrix,112010,10080.9
190803,Tanana River,2006,northern spruce engraver,14154,1273.86
190803,Tanana River,2006,spear-marked black moth,18022,1621.98
190803,Tanana River,2006,spruce beetle,6845,616.05
190803,Tanana River,2006,spruce bud moth,1811,162.99
190803,Tanana River,2006,spruce budworm,234740,21126.6
190803,Tanana River,2006,willow leaf blotchminer,32212,2899.08
190803,Tanana River,2007,aspen leafminer,2289118,206020.62
190803,Tanana River,2007,defoliators,31208,2808.72
190803,Tanana River,2007,flooding-high water,437,39.33
190803,Tanana River,2007,large aspen tortrix,40860,3677.4
190803,Tanana River,2007,northern spruce engraver,5756,518.04
190803,Tanana River,2007,spruce beetle,2536,228.24
190803,Tanana River,2007,spruce budworm,167612,15085.08
190803,Tanana River,2007,willow leaf blotchminer,143200,12888.0
190803,Tanana River,2008,aspen leafminer,659629,59366.61
190803,Tanana River,2008,cottonwood leafminers,341,30.69
190803,Tanana River,2008,defoliators,14937,1344.33
190803,Tanana River,2008,eastern larch beetle,558,50.22
190803,Tanana River,2008,flooding-high water,1383,124.47
190803,Tanana River,2008,large aspen tortrix,101,9.09
190803,Tanana River,2008,northern spruce engraver,45023,4052.07
190803,Tanana River,2008,spear-marked black moth,242,21.78
190803,Tanana River,2008,spruce beetle,2505,225.45
190803,Tanana River,2008,spruce budworm,25774,2319.66
190803,Tanana River,2008,willow leaf blotchminer,88991,8009.19
190803,Tanana River,2009,aspen leafminer,772301,69507.09
190803,Tanana River,2009,defoliators,11278,1015.02
190803,Tanana River,2009,eastern larch beetle,42,3.78
190803,Tanana River,2009,flooding-high water,1068,96.12
190803,Tanana River,2009,northern spruce engraver,5985,538.65
190803,Tanana River,2009,willow leaf blotchminer,96774,8709.66
190803,Tanana River,2010,aspen leafminer,1173508,105615.72
190803,Tanana River,2010,canker (general),4868,438.12
190803,Tanana River,2010,cottonwood leafminers,955,85.95
190803,Tanana River,2010,defoliators,59837,5385.33
190803,Tanana River,2010,flooding-high water,29024,2612.16
190803,Tanana River,2010,large aspen tortrix,2436,219.24
190803,Tanana River,2010,northern spruce engraver,8831,794.79
190803,Tanana River,2010,willow leaf blotchminer,520039,46803.51
190803,Tanana River,2010,wind-tornado/hurricane,3296,296.64
190803,Tanana River,2011,aspen leafminer,363540,32718.6
190803,Tanana River,2011,birch aphid,4382,394.38
190803,Tanana River,2011,defoliators,46491,4184.19
190803,Tanana River,2011,dieback,40765,3668.85
190803,Tanana River,2011,large aspen tortrix,192,17.28
190803,Tanana River,2011,northern spruce engraver,7491,674.19
190803,Tanana River,2011,spruce broom rust,178,16.02
190803,Tanana River,2011,willow leaf blotchminer,111721,10054.89
190803,Tanana River,2011,winter injury,894,80.46
190803,Tanana River,2012,Chrysomela leaf beetle,884,79.56
190803,Tanana River,2012,Lirula spruce needle blight,420,37.8
190803,Tanana River,2012,aspen leafminer,252493,22724.37
190803,Tanana River,2012,birch aphid,38581,3472.29
190803,Tanana River,2012,birch leafminer,617,55.53
190803,Tanana River,2012,defoliators,82732,7445.88
190803,Tanana River,2012,flooding-high water,678,61.02
190803,Tanana River,2012,large aspen tortrix,34389,3095.01
190803,Tanana River,2012,large-spored spruce-Labrador tea rust,119,10.71
190803,Tanana River,2012,northern spruce engraver,19311,1737.99
190803,Tanana River,2012,"other wilt, known (code pending)",29952,2695.68
190803,Tanana River,2012,spruce beetle,193,17.37
190803,Tanana River,2012,spruce broom rust,97,8.73
190803,Tanana River,2012,willow leaf blotchminer,88848,7996.32
190803,Tanana River,2012,wind-tornado/hurricane,71,6.39
190803,Tanana River,2013,aspen leafminer,152066,13685.94
190803,Tanana River,2013,birch aphid,1026,92.34
190803,Tanana River,2013,decline complex,29194,2627.46
190803,Tanana River,2013,defoliators,33889,3050.01
190803,Tanana River,2013,flooding-high water,1702,153.18
190803,Tanana River,2013,large aspen tortrix,3845,346.05
190803,Tanana River,2013,northern spruce engraver,3728,335.52
190803,Tanana River,2013,willow leaf blotchminer,10900,981.0
190803,Tanana River,2013,wind-tornado/hurricane,13294,1196.46
190803,Tanana River,2014,aspen leafminer,180400,16236.0
190803,Tanana River,2014,birch aphid,6661,599.49
190803,Tanana River,2014,birch leafminer,86,7.74
190803,Tanana River,2014,birch leafroller,22551,2029.59
190803,Tanana River,2014,decline complex,6242,561.78
190803,Tanana River,2014,defoliators,43594,3923.46
190803,Tanana River,2014,dieback,420,37.8
190803,Tanana River,2014,flooding-high water,4017,361.53
190803,Tanana River,2014,large aspen tortrix,3745,337.05
190803,Tanana River,2014,northern spruce engraver,14635,1317.15
190803,Tanana River,2014,spruce beetle,326,29.34
190803,Tanana River,2014,willow leaf blotchminer,5768,519.12
190803,Tanana River,2014,wind-tornado/hurricane,365,32.85
190803,Tanana River,2015,aspen leafminer,109866,9887.94
190803,Tanana River,2015,birch aphid,1943,174.87
190803,Tanana River,2015,birch leafroller,1442,129.78
190803,Tanana River,2015,flooding-high water,5910,531.9
190803,Tanana River,2015,large aspen tortrix,4025,362.25
190803,Tanana River,2015,northern spruce engraver,10952,985.68
190803,Tanana River,2015,spruce broom rust,33,2.97
190803,Tanana River,2015,unknown,2039,183.51
190803,Tanana River,2015,unknown canker,4163,374.67
190803,Tanana River,2015,unknown defoliator,19747,1777.23
190803,Tanana River,2015,willow leaf blotchminer,9514,856.26
190803,Tanana River,2016,aspen leafminer,388060,34925.4
190803,Tanana River,2016,birch leafminer,6216,559.44
190803,Tanana River,2016,birch leafroller,78492,7064.28
190803,Tanana River,2016,flooding-high water,1559,140.31
190803,Tanana River,2016,large aspen tortrix,2097,188.73
190803,Tanana River,2016,northern spruce engraver,50791,4571.19
190803,Tanana River,2016,spear-marked black moth,7055,634.95
190803,Tanana River,2016,unknown canker,3525,317.25
190803,Tanana River,2016,unknown defoliator,5120,460.8
190803,Tanana River,2016,willow leaf blotchminer,15089,1358.01
190803,Tanana River,2016,wind-tornado/hurricane,117,10.53
190803,Tanana River,2017,aspen leafminer,543381,48904.29
190803,Tanana River,2017,birch leafroller,1296,116.64
190803,Tanana River,2017,common porcupine,56,5.04
190803,Tanana River,2017,flooding-high water,1777,159.93
190803,Tanana River,2017,large aspen tortrix,1011,90.99
190803,Tanana River,2017,northern spruce engraver,5750,517.5
190803,Tanana River,2017,"other canker agent, known (code pending)",109,9.81
190803,Tanana River,2017,spruce beetle,374,33.66
190803,Tanana River,2017,unknown,5581,502.29
190803,Tanana River,2017,unknown canker,131,11.79
190803,Tanana River,2017,unknown defoliator,7123,641.07
190803,Tanana River,2017,willow leaf blotchminer,85386,7684.74
190803,Tanana River,2018,aspen leafminer,823261,74093.49
190803,Tanana River,2018,birch leafroller,275,24.75
190803,Tanana River,2018,flooding-high water,1099,98.91
190803,Tanana River,2018,large aspen tortrix,5295,476.55
190803,Tanana River,2018,northern spruce engraver,326,29.34
190803,Tanana River,2018,"other canker agent, known (code pending)",5790,521.1
190803,Tanana River,2018,spruce beetle,28163,2534.67
190803,Tanana River,2018,unknown,556,50.04
190803,Tanana River,2018,unknown canker,24009,2160.81
190803,Tanana River,2018,unknown defoliator,16901,1521.09
190803,Tanana River,2018,willow leaf blotchminer,63411,5706.99
190803,Tanana River,2019,aspen leafminer,467332,42059.88
190803,Tanana River,2019,birch leafminer,76930,6923.7
190803,Tanana River,2019,flooding-high water,260,23.4
190803,Tanana River,2019,large-spored spruce-Labrador tea rust,219,19.71
190803,Tanana River,2019,northern spruce engraver,2516,226.44
190803,Tanana River,2019,"other canker agent, known (code pending)",1701,153.09
190803,Tanana River,2019,spruce beetle,8044,723.96
190803,Tanana River,2019,spruce broom rust,237,21.33
190803,Tanana River,2019,unknown,12764,1148.76
190803,Tanana River,2019,unknown canker,1086,97.74
190803,Tanana River,2019,unknown defoliator,6264,563.76
190803,Tanana River,2019,willow leaf blotchminer,58239,5241.51
190803,Tanana River,2020,aspen leafminer,142076,12786.84
190803,Tanana River,2020,birch leafminer,4748,427.32
190803,Tanana River,2020,birch leafroller,23,2.07
190803,Tanana River,2020,flooding-high water,15,1.35
190803,Tanana River,2020,large-spored spruce-Labrador tea rust,2090,188.1
190803,Tanana River,2020,"other rust, known (code pending)",81,7.29
190803,Tanana River,2020,spruce beetle,5427,488.43
190803,Tanana River,2020,unknown defoliator,4649,418.41
190803,Tanana River,2020,willow leaf blotchminer,465,41.85
190803,Tanana River,2021,aspen leafminer,450539,40548.51
190803,Tanana River,2021,aspen running canker,250,22.5
190803,Tanana River,2021,birch aphid,356,32.04
190803,Tanana River,2021,birch leafminer,122132,10991.88
190803,Tanana River,2021,flooding-high water,54358,4892.22
190803,Tanana River,2021,large-spored spruce-Labrador tea rust,460,41.4
190803,Tanana River,2021,northern spruce engraver,10,0.9
190803,Tanana River,2021,rusty tussock moth,10474,942.66
190803,Tanana River,2021,spruce beetle,138755,12487.95
190803,Tanana River,2021,unknown defoliator,26758,2408.22
190803,Tanana River,2021,willow leaf blotchminer,12557,1130.13
190803,Tanana River,2022,aspen leafminer,161186,14506.74
190803,Tanana River,2022,aspen running canker,228,20.52
190803,Tanana River,2022,birch leafminer,96777,8709.93
190803,Tanana River,2022,flooding-high water,1187,106.83
190803,Tanana River,2022,northern spruce engraver,2433,218.97
190803,Tanana River,2022,snow-ice,2690,242.1
190803,Tanana River,2022,spruce beetle,67387,6064.83
190803,Tanana River,2022,unknown,2660,239.4
190803,Tanana River,2022,unknown defoliator,10783,970.47
190803,Tanana River,2022,willow leaf blotchminer,4218,379.62
190803,Tanana River,2022,wind-tornado/hurricane,17,1.53
190803,Tanana River,2023,aspen leafminer,361175,32505.75
190803,Tanana River,2023,aspen running canker,282,25.38
190803,Tanana River,2023,birch leafroller,57,5.13
190803,Tanana River,2023,fire,264,23.76
190803,Tanana River,2023,flooding-high water,2861,257.49
190803,Tanana River,2023,mud-land slide,85,7.65
190803,Tanana River,2023,northern spruce engraver,311,27.99
190803,Tanana River,2023,"other canker agent, known (code pending)",543,48.87
190803,Tanana River,2023,spruce beetle,199589,17963.01
190803,Tanana River,2023,unknown,16,1.44
190803,Tanana River,2023,unknown canker,246,22.14
190803,Tanana River,2023,unknown defoliator,35492,3194.28
190803,Tanana River,2023,willow leaf blotchminer,33122,2980.98
190803,Tanana River,2024,aspen leafminer,730081,65707.29
190803,Tanana River,2024,birch leafminer,68514,6166.26
190803,Tanana River,2024,flooding-high water,12412,1117.08
190803,Tanana River,2024,large-spored spruce-Labrador tea rust,679,61.11
190803,Tanana River,2024,northern spruce engraver,671,60.39
190803,Tanana River,2024,"other canker agent, known (code pending)",22,1.98
190803,Tanana River,2024,spruce beetle,68581,6172.29
190803,Tanana River,2024,unknown,8761,788.49
190803,Tanana River,2024,unknown defoliator,117410,10566.9
190803,Tanana River,2024,willow leaf blotchminer,14130,1271.7
190803,Tanana River,2024,wind-tornado/hurricane,2279,205.11
190803,Tanana River,2025,Chrysomela leaf beetle,94,8.46
190803,Tanana River,2025,aspen leafminer,214716,19324.44
190803,Tanana River,2025,birch leafminer,128460,11561.4
190803,Tanana River,2025,flooding-high water,4254,382.86
190803,Tanana River,2025,mud-land slide,85,7.65
190803,Tanana River,2025,northern spruce engraver,2662,239.58
190803,Tanana River,2025,"other canker agent, known (code pending)",45,4.05
190803,Tanana River,2025,snow-ice,7588,682.92
190803,Tanana River,2025,spruce beetle,32129,2891.61
190803,Tanana River,2025,unknown,843,75.87
190803,Tanana River,2025,unknown defoliator,31919,2872.71
190803,Tanana River,2025,willow leaf blotchminer,15793,1421.37
190801,Porcupine River,1998,defoliators,57,5.13
190801,Porcupine River,1998,spruce broom rust,2862,257.58
190801,Porcupine River,1998,willow leaf blotchminer,219845,19786.05
190801,Porcupine River,1999,fire,603737,54336.33
190801,Porcupine River,1999,willow leaf blotchminer,292533,26327.97
190801,Porcupine River,2000,willow leafblotch miner,9902,891.18
190801,Porcupine River,2001,Chrysomela leaf beetle,337,30.33
190801,Porcupine River,2001,defoliators,129,11.61
190801,Porcupine River,2001,fire,87,7.83
190801,Porcupine River,2001,willow leafblotch miner,34567,3111.03
190801,Porcupine River,2002,aspen leafminer,1058999,95309.91
190801,Porcupine River,2002,northern spruce engraver,181,16.29
190801,Porcupine River,2003,aspen leafminer,1022083,91987.47
190801,Porcupine River,2003,northern spruce engraver,80,7.2
190801,Porcupine River,2003,willow leaf blotchminer,74,6.66
190801,Porcupine River,2004,aspen leafminer,78443,7059.87
190801,Porcupine River,2005,aspen leafminer,1119969,100797.21
190801,Porcupine River,2005,defoliators,1211,108.99
190801,Porcupine River,2005,northern spruce engraver,2006,180.54
190801,Porcupine River,2005,spruce beetle,67,6.03
190801,Porcupine River,2005,spruce budworm,706,63.54
190801,Porcupine River,2005,willow leaf blotchminer,44367,3993.03
190801,Porcupine River,2006,aspen leafminer,59565,5360.85
190801,Porcupine River,2006,cottonwood leafminers,1131,101.79
190801,Porcupine River,2006,defoliators,1848,166.32
190801,Porcupine River,2006,flooding-high water,256,23.04
190801,Porcupine River,2006,large aspen tortrix,152,13.68
190801,Porcupine River,2006,northern spruce engraver,1311,117.99
190801,Porcupine River,2006,spear-marked black moth,1346,121.14
190801,Porcupine River,2006,spruce broom rust,367,33.03
190801,Porcupine River,2006,willow leaf blotchminer,7641,687.69
190801,Porcupine River,2007,aspen leafminer,59752,5377.68
190801,Porcupine River,2007,defoliators,419,37.71
190801,Porcupine River,2007,large aspen tortrix,4711,423.99
190801,Porcupine River,2007,northern spruce engraver,35622,3205.98
190801,Porcupine River,2007,willow leaf blotchminer,75728,6815.52
190801,Porcupine River,2008,aspen leafminer,103146,9283.14
190801,Porcupine River,2008,defoliators,502,45.18
190801,Porcupine River,2008,northern spruce engraver,25803,2322.27
190801,Porcupine River,2008,spruce beetle,157,14.13
190801,Porcupine River,2008,willow leaf blotchminer,113980,10258.2
190801,Porcupine River,2009,aspen leafminer,339700,30573.0
190801,Porcupine River,2009,northern spruce engraver,47251,4252.59
190801,Porcupine River,2009,spruce beetle,182,16.38
190801,Porcupine River,2009,willow leaf blotchminer,192183,17296.47
190801,Porcupine River,2010,aspen leafminer,222030,19982.7
190801,Porcupine River,2010,canker (general),19011,1710.99
190801,Porcupine River,2010,defoliators,104,9.36
190801,Porcupine River,2010,northern spruce engraver,21243,1911.87
190801,Porcupine River,2010,willow leaf blotchminer,655326,58979.34
190801,Porcupine River,2011,aspen leafminer,12185,1096.65
190801,Porcupine River,2011,defoliators,6218,559.62
190801,Porcupine River,2011,flooding-high water,1062,95.58
190801,Porcupine River,2011,northern spruce engraver,57,5.13
190801,Porcupine River,2011,willow leaf blotchminer,10475,942.75
190801,Porcupine River,2012,aspen leafminer,9014,811.26
190801,Porcupine River,2012,birch aphid,851,76.59
190801,Porcupine River,2012,decline complex,380,34.2
190801,Porcupine River,2012,defoliators,43655,3928.95
190801,Porcupine River,2012,northern spruce engraver,11326,1019.34
190801,Porcupine River,2012,"other wilt, known (code pending)",21528,1937.52
190801,Porcupine River,2012,spruce budworm,156,14.04
190801,Porcupine River,2012,willow leaf blotchminer,28996,2609.64
190801,Porcupine River,2013,aspen leafminer,86380,7774.2
190801,Porcupine River,2013,decline complex,4509,405.81
190801,Porcupine River,2013,defoliators,6596,593.64
190801,Porcupine River,2013,flooding-high water,15,1.35
190801,Porcupine River,2013,large aspen tortrix,584,52.56
190801,Porcupine River,2013,northern spruce engraver,444,39.96
190801,Porcupine River,2013,spruce broom rust,176,15.84
190801,Porcupine River,2013,spruce budworm,996,89.64
190801,Porcupine River,2013,willow leaf blotchminer,3025,272.25
190801,Porcupine River,2014,aspen leafminer,121999,10979.91
190801,Porcupine River,2014,decline complex,16958,1526.22
190801,Porcupine River,2014,defoliators,26974,2427.66
190801,Porcupine River,2014,dieback,1224,110.16
190801,Porcupine River,2014,flooding-high water,1743,156.87
190801,Porcupine River,2014,large aspen tortrix,5101,459.09
190801,Porcupine River,2014,northern spruce engraver,5103,459.27
190801,Porcupine River,2014,willow leaf blotchminer,18837,1695.33
190801,Porcupine River,2015,aspen leafminer,9982,898.38
190801,Porcupine River,2015,flooding-high water,1352,121.68
190801,Porcupine River,2015,northern spruce engraver,878,79.02
190801,Porcupine River,2015,unknown,1380,124.2
190801,Porcupine River,2015,unknown canker,1015,91.35
190801,Porcupine River,2015,unknown defoliator,21101,1899.09
190801,Porcupine River,2015,willow leaf blotchminer,46462,4181.58
190801,Porcupine River,2016,aspen leafminer,109098,9818.82
190801,Porcupine River,2016,flooding-high water,942,84.78
190801,Porcupine River,2016,northern spruce engraver,1183,106.47
190801,Porcupine River,2016,unknown canker,3276,294.84
190801,Porcupine River,2016,unknown defoliator,3295,296.55
190801,Porcupine River,2016,willow leaf blotchminer,224590,20213.1
190801,Porcupine River,2017,willow leaf blotchminer,23528,2117.52
190801,Porcupine River,2018,unknown defoliator,8,0.72
190801,Porcupine River,2018,willow leaf blotchminer,489,44.01
190801,Porcupine River,2019,aspen leafminer,9211,828.99
190801,Porcupine River,2019,spruce broom rust,8,0.72
190801,Porcupine River,2019,willow leaf blotchminer,36008,3240.72
190801,Porcupine River,2024,flooding-high water,381,34.29
190801,Porcupine River,2024,northern spruce engraver,65,5.85
190801,Porcupine River,2024,spruce beetle,3209,288.81
190801,Porcupine River,2024,willow leaf blotchminer,62190,5597.1
190705,Fortymile River-Yukon River,1998,fire,3734,336.06
190705,Fortymile River-Yukon River,1998,willow leaf blotchminer,1312,118.08
190705,Fortymile River-Yukon River,1999,northern spruce engraver,1355,121.95
190705,Fortymile River-Yukon River,1999,willow leaf blotchminer,24353,2191.77
190705,Fortymile River-Yukon River,2000,aspen leafminer,26957,2426.13
190705,Fortymile River-Yukon River,2000,large aspen tortrix,457,41.13
190705,Fortymile River-Yukon River,2000,northern spruce engraver,1903,171.27
190705,Fortymile River-Yukon River,2000,spruce beetle,91,8.19
190705,Fortymile River-Yukon River,2000,willow leafblotch miner,6170,555.3
190705,Fortymile River-Yukon River,2001,flooding-high water,2712,244.08
190705,Fortymile River-Yukon River,2001,northern spruce engraver,70,6.3
190705,Fortymile River-Yukon River,2001,willow leafblotch miner,594,53.46
190705,Fortymile River-Yukon River,2002,Chrysomela leaf beetle,422,37.98
190705,Fortymile River-Yukon River,2002,aspen leafminer,160697,14462.73
190705,Fortymile River-Yukon River,2002,northern spruce engraver,3281,295.29
190705,Fortymile River-Yukon River,2003,aspen leafminer,20926,1883.34
190705,Fortymile River-Yukon River,2003,birch leafroller,464,41.76
190705,Fortymile River-Yukon River,2004,aspen leafminer,73548,6619.32
190705,Fortymile River-Yukon River,2004,defoliators,631,56.79
190705,Fortymile River-Yukon River,2004,northern spruce engraver,5248,472.32
190705,Fortymile River-Yukon River,2005,aspen leafminer,130394,11735.46
190705,Fortymile River-Yukon River,2005,defoliators,673,60.57
190705,Fortymile River-Yukon River,2005,flooding-high water,212,19.08
190705,Fortymile River-Yukon River,2005,northern spruce engraver,196,17.64
190705,Fortymile River-Yukon River,2005,spruce beetle,56,5.04
190705,Fortymile River-Yukon River,2005,willow leaf blotchminer,1880,169.2
190705,Fortymile River-Yukon River,2006,aspen leafminer,33370,3003.3
190705,Fortymile River-Yukon River,2006,cottonwood leafminers,1148,103.32
190705,Fortymile River-Yukon River,2006,defoliators,7113,640.17
190705,Fortymile River-Yukon River,2006,flooding-high water,665,59.85
190705,Fortymile River-Yukon River,2006,large aspen tortrix,6949,625.41
190705,Fortymile River-Yukon River,2006,mud-land slide,64,5.76
190705,Fortymile River-Yukon River,2006,northern spruce engraver,767,69.03
190705,Fortymile River-Yukon River,2006,spear-marked black moth,1530,137.7
190705,Fortymile River-Yukon River,2006,spruce broom rust,57,5.13
190705,Fortymile River-Yukon River,2006,willow leaf blotchminer,1930,173.7
190705,Fortymile River-Yukon River,2007,aspen leafminer,29390,2645.1
190705,Fortymile River-Yukon River,2007,defoliators,182,16.38
190705,Fortymile River-Yukon River,2007,flooding-high water,108,9.72
190705,Fortymile River-Yukon River,2007,large aspen tortrix,5180,466.2
190705,Fortymile River-Yukon River,2007,northern spruce engraver,16569,1491.21
190705,Fortymile River-Yukon River,2007,spruce beetle,50244,4521.96
190705,Fortymile River-Yukon River,2007,willow leaf blotchminer,34728,3125.52
190705,Fortymile River-Yukon River,2008,aspen leafminer,1841,165.69
190705,Fortymile River-Yukon River,2008,defoliators,882,79.38
190705,Fortymile River-Yukon River,2008,northern spruce engraver,670,60.3
190705,Fortymile River-Yukon River,2008,spruce beetle,871,78.39
190705,Fortymile River-Yukon River,2008,willow leaf blotchminer,22137,1992.33
190705,Fortymile River-Yukon River,2009,aspen leafminer,26972,2427.48
190705,Fortymile River-Yukon River,2009,defoliators,572,51.48
190705,Fortymile River-Yukon River,2009,northern spruce engraver,8661,779.49
190705,Fortymile River-Yukon River,2009,willow leaf blotchminer,28153,2533.77
190705,Fortymile River-Yukon River,2010,aspen leafminer,20481,1843.29
190705,Fortymile River-Yukon River,2010,defoliators,2181,196.29
190705,Fortymile River-Yukon River,2010,northern spruce engraver,6390,575.1
190705,Fortymile River-Yukon River,2010,spruce beetle,7,0.63
190705,Fortymile River-Yukon River,2010,willow leaf blotchminer,98193,8837.37
190705,Fortymile River-Yukon River,2011,aspen leafminer,1703,153.27
190705,Fortymile River-Yukon River,2011,defoliators,1056,95.04
190705,Fortymile River-Yukon River,2012,aspen leafminer,1572,141.48
190705,Fortymile River-Yukon River,2012,birch aphid,5365,482.85
190705,Fortymile River-Yukon River,2012,defoliators,18390,1655.1
190705,Fortymile River-Yukon River,2012,northern spruce engraver,4676,420.84
190705,Fortymile River-Yukon River,2012,"other wilt, known (code pending)",1224,110.16
190705,Fortymile River-Yukon River,2012,spruce budworm,351,31.59
190705,Fortymile River-Yukon River,2012,willow leaf blotchminer,10212,919.08
190705,Fortymile River-Yukon River,2013,aspen leafminer,22458,2021.22
190705,Fortymile River-Yukon River,2013,decline complex,3986,358.74
190705,Fortymile River-Yukon River,2013,defoliators,2208,198.72
190705,Fortymile River-Yukon River,2013,flooding-high water,7198,647.82
190705,Fortymile River-Yukon River,2013,northern spruce engraver,1042,93.78
190705,Fortymile River-Yukon River,2013,spruce beetle,95,8.55
190705,Fortymile River-Yukon River,2013,willow leaf blotchminer,2216,199.44
190705,Fortymile River-Yukon River,2014,decline complex,1113,100.17
190705,Fortymile River-Yukon River,2014,defoliators,5079,457.11
190705,Fortymile River-Yukon River,2014,dieback,431,38.79
190705,Fortymile River-Yukon River,2014,flooding-high water,572,51.48
190705,Fortymile River-Yukon River,2014,mud-land slide,272,24.48
190705,Fortymile River-Yukon River,2014,northern spruce engraver,658,59.22
190705,Fortymile River-Yukon River,2014,willow leaf blotchminer,425,38.25
190705,Fortymile River-Yukon River,2015,aspen leafminer,1974,177.66
190705,Fortymile River-Yukon River,2015,birch leafroller,105,9.45
190705,Fortymile River-Yukon River,2015,flooding-high water,65,5.85
190705,Fortymile River-Yukon River,2015,northern spruce engraver,1553,139.77
190705,Fortymile River-Yukon River,2015,unknown,472,42.48
190705,Fortymile River-Yukon River,2015,unknown canker,964,86.76
190705,Fortymile River-Yukon River,2015,unknown defoliator,225,20.25
190705,Fortymile River-Yukon River,2015,willow leaf blotchminer,8043,723.87
190705,Fortymile River-Yukon River,2016,aspen leafminer,5585,502.65
190705,Fortymile River-Yukon River,2016,birch leafminer,1596,143.64
190705,Fortymile River-Yukon River,2016,birch leafroller,2921,262.89
190705,Fortymile River-Yukon River,2016,cottonwood leaf beetle,29,2.61
190705,Fortymile River-Yukon River,2016,flooding-high water,289,26.01
190705,Fortymile River-Yukon River,2016,mud-land slide,10,0.9
190705,Fortymile River-Yukon River,2016,northern spruce engraver,447,40.23
190705,Fortymile River-Yukon River,2016,spruce budworm,3532,317.88
190705,Fortymile River-Yukon River,2016,unknown canker,6142,552.78
190705,Fortymile River-Yukon River,2016,unknown defoliator,3140,282.6
190705,Fortymile River-Yukon River,2016,willow leaf blotchminer,44158,3974.22
190705,Fortymile River-Yukon River,2016,wind-tornado/hurricane,46,4.14
190705,Fortymile River-Yukon River,2017,aspen leafminer,31880,2869.2
190705,Fortymile River-Yukon River,2017,birch leafroller,1287,115.83
190705,Fortymile River-Yukon River,2017,flooding-high water,897,80.73
190705,Fortymile River-Yukon River,2017,northern spruce engraver,172,15.48
190705,Fortymile River-Yukon River,2017,"other canker agent, known (code pending)",6,0.54
190705,Fortymile River-Yukon River,2017,spruce budworm,1186,106.74
190705,Fortymile River-Yukon River,2017,unknown canker,2752,247.68
190705,Fortymile River-Yukon River,2017,unknown defoliator,451,40.59
190705,Fortymile River-Yukon River,2017,willow leaf blotchminer,68727,6185.43
190705,Fortymile River-Yukon River,2018,aspen leafminer,31540,2838.6
190705,Fortymile River-Yukon River,2018,flooding-high water,2118,190.62
190705,Fortymile River-Yukon River,2018,unknown canker,1175,105.75
190705,Fortymile River-Yukon River,2018,unknown defoliator,5220,469.8
190705,Fortymile River-Yukon River,2018,willow leaf blotchminer,17763,1598.67
190705,Fortymile River-Yukon River,2019,aspen leafminer,19751,1777.59
190705,Fortymile River-Yukon River,2019,large-spored spruce-Labrador tea rust,18,1.62
190705,Fortymile River-Yukon River,2019,spruce broom rust,33,2.97
190705,Fortymile River-Yukon River,2019,unknown defoliator,164,14.76
190705,Fortymile River-Yukon River,2019,willow leaf blotchminer,12829,1154.61
190705,Fortymile River-Yukon River,2020,aspen leafminer,19087,1717.83
190705,Fortymile River-Yukon River,2020,willow leaf blotchminer,1355,121.95
190705,Fortymile River-Yukon River,2021,aspen leafminer,2302,207.18
190705,Fortymile River-Yukon River,2021,willow leaf blotchminer,19688,1771.92
190705,Fortymile River-Yukon River,2022,northern spruce engraver,610,54.9
190705,Fortymile River-Yukon River,2022,unknown defoliator,4014,361.26
190705,Fortymile River-Yukon River,2022,willow leaf blotchminer,3584,322.56
190705,Fortymile River-Yukon River,2024,aspen leafminer,26471,2382.39
190705,Fortymile River-Yukon River,2024,flooding-high water,661,59.49
190705,Fortymile River-Yukon River,2024,northern spruce engraver,1930,173.7
190705,Fortymile River-Yukon River,2024,spruce beetle,1265,113.85
190705,Fortymile River-Yukon River,2024,unknown,1678,151.02
190705,Fortymile River-Yukon River,2024,unknown defoliator,4351,391.59
190705,Fortymile River-Yukon River,2024,willow leaf blotchminer,9699,872.91
190102,Central Southeast Alaska,1997,common porcupine,2859,257.31
190102,Central Southeast Alaska,1997,flooding-high water,664,59.76
190102,Central Southeast Alaska,1997,hemlock sawfly,13658,1229.22
190102,Central Southeast Alaska,1997,mud-land slide,606,54.54
190102,Central Southeast Alaska,1997,spruce aphid,41,3.69
190102,Central Southeast Alaska,1997,spruce beetle,4612,415.08
190102,Central Southeast Alaska,1997,western blackheaded budworm,5444,489.96
190102,Central Southeast Alaska,1997,wind-tornado/hurricane,3274,294.66
190102,Central Southeast Alaska,1998,common porcupine,46,4.14
190102,Central Southeast Alaska,1998,flooding-high water,299,26.91
190102,Central Southeast Alaska,1998,hemlock sawfly,15571,1401.39
190102,Central Southeast Alaska,1998,mud-land slide,27,2.43
190102,Central Southeast Alaska,1998,spruce aphid,141122,12700.98
190102,Central Southeast Alaska,1998,spruce beetle,157,14.13
190102,Central Southeast Alaska,1998,wind-tornado/hurricane,149,13.41
190102,Central Southeast Alaska,1999,common porcupine,1100,99.0
190102,Central Southeast Alaska,1999,flooding-high water,135,12.15
190102,Central Southeast Alaska,1999,mud-land slide,208,18.72
190102,Central Southeast Alaska,1999,spruce aphid,14845,1336.05
190102,Central Southeast Alaska,1999,spruce beetle,219,19.71
190102,Central Southeast Alaska,1999,wind-tornado/hurricane,830,74.7
190102,Central Southeast Alaska,2000,common porcupine,1707,153.63
190102,Central Southeast Alaska,2000,defoliators,917,82.53
190102,Central Southeast Alaska,2000,flooding-high water,72,6.48
190102,Central Southeast Alaska,2000,hemlock sawfly,8079,727.11
190102,Central Southeast Alaska,2000,large-spored spruce-Labrador tea rust,9604,864.36
190102,Central Southeast Alaska,2000,mud-land slide,788,70.92
190102,Central Southeast Alaska,2000,spruce aphid,70584,6352.56
190102,Central Southeast Alaska,2000,wind-tornado/hurricane,1007,90.63
190102,Central Southeast Alaska,2001,birch leafroller,59,5.31
190102,Central Southeast Alaska,2001,common porcupine,127,11.43
190102,Central Southeast Alaska,2001,flooding-high water,273,24.57
190102,Central Southeast Alaska,2001,hemlock canker,34,3.06
190102,Central Southeast Alaska,2001,hemlock sawfly,1690,152.1
190102,Central Southeast Alaska,2001,mud-land slide,383,34.47
190102,Central Southeast Alaska,2001,spruce aphid,47827,4304.43
190102,Central Southeast Alaska,2001,spruce beetle,11,0.99
190102,Central Southeast Alaska,2001,wind-tornado/hurricane,256,23.04
190102,Central Southeast Alaska,2001,yellow-cedar decline,3227,290.43
190102,Central Southeast Alaska,2002,Chrysomela leaf beetle,1021,91.89
190102,Central Southeast Alaska,2002,common porcupine,435,39.15
190102,Central Southeast Alaska,2002,hemlock canker,152,13.68
190102,Central Southeast Alaska,2002,hemlock sawfly,74,6.66
190102,Central Southeast Alaska,2002,mud-land slide,261,23.49
190102,Central Southeast Alaska,2002,spruce aphid,2171,195.39
190102,Central Southeast Alaska,2002,western blackheaded budworm,1568,141.12
190102,Central Southeast Alaska,2002,wind-tornado/hurricane,659,59.31
190102,Central Southeast Alaska,2002,yellow-cedar decline,8823,794.07
190102,Central Southeast Alaska,2003,birch leafroller,371,33.39
190102,Central Southeast Alaska,2003,defoliators,498,44.82
190102,Central Southeast Alaska,2003,flooding-high water,355,31.95
190102,Central Southeast Alaska,2003,hemlock sawfly,686,61.74
190102,Central Southeast Alaska,2003,mud-land slide,2609,234.81
190102,Central Southeast Alaska,2003,spruce aphid,29913,2692.17
190102,Central Southeast Alaska,2003,spruce beetle,40,3.6
190102,Central Southeast Alaska,2003,western blackheaded budworm,2292,206.28
190102,Central Southeast Alaska,2003,wind-tornado/hurricane,1631,146.79
190102,Central Southeast Alaska,2003,yellow-cedar decline,29842,2685.78
190102,Central Southeast Alaska,2004,common porcupine,6541,588.69
190102,Central Southeast Alaska,2004,flooding-high water,1239,111.51
190102,Central Southeast Alaska,2004,hemlock sawfly,2043,183.87
190102,Central Southeast Alaska,2004,mud-land slide,697,62.73
190102,Central Southeast Alaska,2004,spruce aphid,14529,1307.61
190102,Central Southeast Alaska,2004,western blackheaded budworm,1193,107.37
190102,Central Southeast Alaska,2004,wind-tornado/hurricane,1375,123.75
190102,Central Southeast Alaska,2004,yellow-cedar decline,42170,3795.3
190102,Central Southeast Alaska,2005,<Dryocoetes autographus>,854,76.86
190102,Central Southeast Alaska,2005,common porcupine,3090,278.1
190102,Central Southeast Alaska,2005,defoliators,616,55.44
190102,Central Southeast Alaska,2005,flooding-high water,257,23.13
190102,Central Southeast Alaska,2005,mud-land slide,2593,233.37
190102,Central Southeast Alaska,2005,spruce aphid,17448,1570.32
190102,Central Southeast Alaska,2005,spruce beetle,66,5.94
190102,Central Southeast Alaska,2005,willow leaf blotchminer,285,25.65
190102,Central Southeast Alaska,2005,wind-tornado/hurricane,1399,125.91
190102,Central Southeast Alaska,2005,yellow-cedar decline,95493,8594.37
190102,Central Southeast Alaska,2006,common porcupine,220,19.8
190102,Central Southeast Alaska,2006,flooding-high water,1120,100.8
190102,Central Southeast Alaska,2006,mud-land slide,4641,417.69
190102,Central Southeast Alaska,2006,spruce aphid,13269,1194.21
190102,Central Southeast Alaska,2006,spruce beetle,1459,131.31
190102,Central Southeast Alaska,2006,western blackheaded budworm,2795,251.55
190102,Central Southeast Alaska,2006,wind-tornado/hurricane,54,4.86
190102,Central Southeast Alaska,2006,yellow-cedar decline,115882,10429.38
190102,Central Southeast Alaska,2007,common porcupine,425,38.25
190102,Central Southeast Alaska,2007,flooding-high water,10284,925.56
190102,Central Southeast Alaska,2007,mud-land slide,2924,263.16
190102,Central Southeast Alaska,2007,spruce aphid,6899,620.91
190102,Central Southeast Alaska,2007,western blackheaded budworm,9511,855.99
190102,Central Southeast Alaska,2007,wind-tornado/hurricane,731,65.79
190102,Central Southeast Alaska,2007,yellow-cedar decline,81560,7340.4
190102,Central Southeast Alaska,2008,common porcupine,4283,385.47
190102,Central Southeast Alaska,2008,flooding-high water,332,29.88
190102,Central Southeast Alaska,2008,mortality,8147,733.23
190102,Central Southeast Alaska,2008,mud-land slide,1757,158.13
190102,Central Southeast Alaska,2008,skeletonizer,304,27.36
190102,Central Southeast Alaska,2008,spruce beetle,351,31.59
190102,Central Southeast Alaska,2008,western blackheaded budworm,2508,225.72
190102,Central Southeast Alaska,2008,western gall rust,160,14.4
190102,Central Southeast Alaska,2008,wind-tornado/hurricane,498,44.82
190102,Central Southeast Alaska,2008,yellow-cedar decline,34553,3109.77
190102,Central Southeast Alaska,2009,common porcupine,2713,244.17
190102,Central Southeast Alaska,2009,flooding-high water,78,7.02
190102,Central Southeast Alaska,2009,hemlock sawfly,8824,794.16
190102,Central Southeast Alaska,2009,mortality,7658,689.22
190102,Central Southeast Alaska,2009,mud-land slide,849,76.41
190102,Central Southeast Alaska,2009,spruce beetle,206,18.54
190102,Central Southeast Alaska,2009,western blackheaded budworm,2164,194.76
190102,Central Southeast Alaska,2009,yellow-cedar decline,50260,4523.4
190102,Central Southeast Alaska,2010,common porcupine,4136,372.24
190102,Central Southeast Alaska,2010,defoliators,3893,350.37
190102,Central Southeast Alaska,2010,flooding-high water,1313,118.17
190102,Central Southeast Alaska,2010,hemlock canker,927,83.43
190102,Central Southeast Alaska,2010,hemlock sawfly,34669,3120.21
190102,Central Southeast Alaska,2010,large-spored spruce-Labrador tea rust,271,24.39
190102,Central Southeast Alaska,2010,mud-land slide,453,40.77
190102,Central Southeast Alaska,2010,spruce aphid,81069,7296.21
190102,Central Southeast Alaska,2010,spruce beetle,538,48.42
190102,Central Southeast Alaska,2010,wind-tornado/hurricane,67,6.03
190102,Central Southeast Alaska,2010,yellow-cedar decline,87196,7847.64
190102,Central Southeast Alaska,2011,common porcupine,742,66.78
190102,Central Southeast Alaska,2011,hemlock sawfly,46812,4213.08
190102,Central Southeast Alaska,2011,mud-land slide,1145,103.05
190102,Central Southeast Alaska,2011,spruce aphid,11796,1061.64
190102,Central Southeast Alaska,2011,spruce beetle,54,4.86
190102,Central Southeast Alaska,2011,unknown,596,53.64
190102,Central Southeast Alaska,2011,wind-tornado/hurricane,5408,486.72
190102,Central Southeast Alaska,2011,yellow-cedar decline,40641,3657.69
190102,Central Southeast Alaska,2012,common porcupine,110,9.9
190102,Central Southeast Alaska,2012,defoliators,11935,1074.15
190102,Central Southeast Alaska,2012,flooding-high water,1562,140.58
190102,Central Southeast Alaska,2012,hemlock sawfly,18773,1689.57
190102,Central Southeast Alaska,2012,mud-land slide,455,40.95
190102,Central Southeast Alaska,2012,"other wilt, known (code pending)",16,1.44
190102,Central Southeast Alaska,2012,spruce aphid,2272,204.48
190102,Central Southeast Alaska,2012,spruce beetle,7333,659.97
190102,Central Southeast Alaska,2012,spruce budworm,518,46.62
190102,Central Southeast Alaska,2012,western blackheaded budworm,362,32.58
190102,Central Southeast Alaska,2012,western gall rust,886,79.74
190102,Central Southeast Alaska,2012,willow leaf blotchminer,117,10.53
190102,Central Southeast Alaska,2012,wind-tornado/hurricane,2077,186.93
190102,Central Southeast Alaska,2012,yellow-cedar decline,44403,3996.27
190102,Central Southeast Alaska,2013,Lirula spruce needle blight,209,18.81
190102,Central Southeast Alaska,2013,decline complex,821,73.89
190102,Central Southeast Alaska,2013,defoliators,6927,623.43
190102,Central Southeast Alaska,2013,flooding-high water,967,87.03
190102,Central Southeast Alaska,2013,hemlock sawfly,23333,2099.97
190102,Central Southeast Alaska,2013,spruce aphid,630,56.7
190102,Central Southeast Alaska,2013,spruce beetle,8225,740.25
190102,Central Southeast Alaska,2013,western blackheaded budworm,196,17.64
190102,Central Southeast Alaska,2013,western gall rust,89,8.01
190102,Central Southeast Alaska,2013,wind-tornado/hurricane,354,31.86
190102,Central Southeast Alaska,2013,yellow-cedar decline,31634,2847.06
190102,Central Southeast Alaska,2014,common porcupine,13885,1249.65
190102,Central Southeast Alaska,2014,decline complex,279,25.11
190102,Central Southeast Alaska,2014,defoliators,7560,680.4
190102,Central Southeast Alaska,2014,flooding-high water,597,53.73
190102,Central Southeast Alaska,2014,hemlock sawfly,3173,285.57
190102,Central Southeast Alaska,2014,mud-land slide,266,23.94
190102,Central Southeast Alaska,2014,spruce beetle,1268,114.12
190102,Central Southeast Alaska,2014,western gall rust,1511,135.99
190102,Central Southeast Alaska,2014,wind-tornado/hurricane,730,65.7
190102,Central Southeast Alaska,2014,yellow-cedar decline,58579,5272.11
190102,Central Southeast Alaska,2015,common porcupine,4592,413.28
190102,Central Southeast Alaska,2015,flooding-high water,814,73.26
190102,Central Southeast Alaska,2015,hemlock canker,853,76.77
190102,Central Southeast Alaska,2015,mud-land slide,95,8.55
190102,Central Southeast Alaska,2015,spruce aphid,2258,203.22
190102,Central Southeast Alaska,2015,spruce beetle,205,18.45
190102,Central Southeast Alaska,2015,unknown,4519,406.71
190102,Central Southeast Alaska,2015,unknown canker,146,13.14
190102,Central Southeast Alaska,2015,unknown defoliator,12510,1125.9
190102,Central Southeast Alaska,2015,wind-tornado/hurricane,571,51.39
190102,Central Southeast Alaska,2015,yellow-cedar decline,49252,4432.68
190102,Central Southeast Alaska,2016,Dothistroma needle blight (D. septosporum),49,4.41
190102,Central Southeast Alaska,2016,common porcupine,4316,388.44
190102,Central Southeast Alaska,2016,flooding-high water,428,38.52
190102,Central Southeast Alaska,2016,mud-land slide,160,14.4
190102,Central Southeast Alaska,2016,spruce aphid,50649,4558.41
190102,Central Southeast Alaska,2016,spruce beetle,1260,113.4
190102,Central Southeast Alaska,2016,unknown defoliator,10292,926.28
190102,Central Southeast Alaska,2016,wind-tornado/hurricane,233,20.97
190102,Central Southeast Alaska,2016,yellow-cedar decline,108841,9795.69
190102,Central Southeast Alaska,2017,common porcupine,6330,569.7
190102,Central Southeast Alaska,2017,flooding-high water,577,51.93
190102,Central Southeast Alaska,2017,hemlock canker,11339,1020.51
190102,Central Southeast Alaska,2017,mud-land slide,390,35.1
190102,Central Southeast Alaska,2017,spruce aphid,605,54.45
190102,Central Southeast Alaska,2017,spruce beetle,612,55.08
190102,Central Southeast Alaska,2017,unknown,438,39.42
190102,Central Southeast Alaska,2017,unknown defoliator,3146,283.14
190102,Central Southeast Alaska,2017,wind-tornado/hurricane,390,35.1
190102,Central Southeast Alaska,2017,yellow-cedar decline,128069,11526.21
190102,Central Southeast Alaska,2018,Dothistroma needle blight (D. septosporum),1324,119.16
190102,Central Southeast Alaska,2018,common porcupine,10033,902.97
190102,Central Southeast Alaska,2018,flooding-high water,1515,136.35
190102,Central Southeast Alaska,2018,hemlock canker,156,14.04
190102,Central Southeast Alaska,2018,hemlock sawfly,181986,16378.74
190102,Central Southeast Alaska,2018,mud-land slide,529,47.61
190102,Central Southeast Alaska,2018,"other canker agent, known (code pending)",713,64.17
190102,Central Southeast Alaska,2018,spruce aphid,326,29.34
190102,Central Southeast Alaska,2018,spruce beetle,523,47.07
190102,Central Southeast Alaska,2018,unknown,93,8.37
190102,Central Southeast Alaska,2018,unknown defoliator,13988,1258.92
190102,Central Southeast Alaska,2018,western gall rust,236,21.24
190102,Central Southeast Alaska,2018,wind-tornado/hurricane,259,23.31
190102,Central Southeast Alaska,2018,yellow-cedar decline,53708,4833.72
190102,Central Southeast Alaska,2019,common porcupine,8065,725.85
190102,Central Southeast Alaska,2019,fire,150,13.5
190102,Central Southeast Alaska,2019,flooding-high water,104,9.36
190102,Central Southeast Alaska,2019,hemlock sawfly,1316585,118492.65
190102,Central Southeast Alaska,2019,large-spored spruce-Labrador tea rust,343,30.87
190102,Central Southeast Alaska,2019,spruce aphid,2739,246.51
190102,Central Southeast Alaska,2019,spruce beetle,218,19.62
190102,Central Southeast Alaska,2019,unknown,1389,125.01
190102,Central Southeast Alaska,2019,unknown defoliator,672,60.48
190102,Central Southeast Alaska,2019,wind-tornado/hurricane,822,73.98
190102,Central Southeast Alaska,2019,yellow-cedar decline,43705,3933.45
190102,Central Southeast Alaska,2020,common porcupine,311,27.99
190102,Central Southeast Alaska,2020,hemlock sawfly,90648,8158.32
190102,Central Southeast Alaska,2020,spruce aphid,273,24.57
190102,Central Southeast Alaska,2020,wind-tornado/hurricane,44,3.96
190102,Central Southeast Alaska,2020,yellow-cedar decline,1691,152.19
190102,Central Southeast Alaska,2021,common porcupine,430,38.7
190102,Central Southeast Alaska,2021,flooding-high water,146,13.14
190102,Central Southeast Alaska,2021,hemlock sawfly,840221,75619.89
190102,Central Southeast Alaska,2021,mud-land slide,924,83.16
190102,Central Southeast Alaska,2021,unknown,23,2.07
190102,Central Southeast Alaska,2021,unknown defoliator,590,53.1
190102,Central Southeast Alaska,2021,western blackheaded budworm,1981254,178312.86
190102,Central Southeast Alaska,2021,western gall rust,185,16.65
190102,Central Southeast Alaska,2021,wind-tornado/hurricane,7060,635.4
190102,Central Southeast Alaska,2021,yellow-cedar decline,19395,1745.55
190102,Central Southeast Alaska,2022,flooding-high water,120,10.8
190102,Central Southeast Alaska,2022,hemlock sawfly,1817,163.53
190102,Central Southeast Alaska,2022,mud-land slide,27,2.43
190102,Central Southeast Alaska,2022,"other canker agent, known (code pending)",33,2.97
190102,Central Southeast Alaska,2022,unknown defoliator,273269,24594.21
190102,Central Southeast Alaska,2022,western blackheaded budworm,1914744,172326.96
190102,Central Southeast Alaska,2022,western gall rust,269,24.21
190102,Central Southeast Alaska,2022,wind-tornado/hurricane,1131,101.79
190102,Central Southeast Alaska,2022,yellow-cedar decline,29223,2630.07
190102,Central Southeast Alaska,2023,common porcupine,85,7.65
190102,Central Southeast Alaska,2023,flooding-high water,156,14.04
190102,Central Southeast Alaska,2023,mud-land slide,600,54.0
190102,Central Southeast Alaska,2023,unknown,101406,9126.54
190102,Central Southeast Alaska,2023,unknown defoliator,3567,321.03
190102,Central Southeast Alaska,2023,western blackheaded budworm,61941,5574.69
190102,Central Southeast Alaska,2023,western gall rust,48,4.32
190102,Central Southeast Alaska,2023,wind-tornado/hurricane,4159,374.31
190102,Central Southeast Alaska,2023,yellow-cedar decline,72653,6538.77
190102,Central Southeast Alaska,2024,flooding-high water,418,37.62
190102,Central Southeast Alaska,2024,mud-land slide,1244,111.96
190102,Central Southeast Alaska,2024,spruce beetle,59,5.31
190102,Central Southeast Alaska,2024,unknown,61963,5576.67
190102,Central Southeast Alaska,2024,wind-tornado/hurricane,2790,251.1
190102,Central Southeast Alaska,2024,yellow-cedar decline,32008,2880.72
190102,Central Southeast Alaska,2025,spruce aphid,1640,147.6
190102,Central Southeast Alaska,2025,unknown,1473,132.57
190102,Central Southeast Alaska,2025,unknown defoliator,2673,240.57
190102,Central Southeast Alaska,2025,western blackheaded budworm,38,3.42
190102,Central Southeast Alaska,2025,yellow-cedar decline,531,47.79
190101,Southern Southeast Alaska,1997,Chrysomela leaf beetle,476,42.84
190101,Southern Southeast Alaska,1997,common porcupine,2241,201.69
190101,Southern Southeast Alaska,1997,fire,234,21.06
190101,Southern Southeast Alaska,1997,flooding-high water,190,17.1
190101,Southern Southeast Alaska,1997,hemlock sawfly,16181,1456.29
190101,Southern Southeast Alaska,1997,mud-land slide,233,20.97
190101,Southern Southeast Alaska,1997,spruce aphid,1843,165.87
190101,Southern Southeast Alaska,1997,spruce beetle,2137,192.33
190101,Southern Southeast Alaska,1998,common porcupine,183,16.47
190101,Southern Southeast Alaska,1998,fire,102,9.18
190101,Southern Southeast Alaska,1998,flooding-high water,328,29.52
190101,Southern Southeast Alaska,1998,hemlock sawfly,2052,184.68
190101,Southern Southeast Alaska,1998,mud-land slide,63,5.67
190101,Southern Southeast Alaska,1998,spruce aphid,22626,2036.34
190101,Southern Southeast Alaska,1998,spruce beetle,3840,345.6
190101,Southern Southeast Alaska,1998,wind-tornado/hurricane,110,9.9
190101,Southern Southeast Alaska,1999,common porcupine,394,35.46
190101,Southern Southeast Alaska,1999,flooding-high water,512,46.08
190101,Southern Southeast Alaska,1999,hemlock canker,1159,104.31
190101,Southern Southeast Alaska,1999,hemlock sawfly,411,36.99
190101,Southern Southeast Alaska,1999,spruce aphid,6561,590.49
190101,Southern Southeast Alaska,1999,spruce beetle,994,89.46
190101,Southern Southeast Alaska,1999,wind-tornado/hurricane,586,52.74
190101,Southern Southeast Alaska,2000,common porcupine,129,11.61
190101,Southern Southeast Alaska,2000,fire,95,8.55
190101,Southern Southeast Alaska,2000,flooding-high water,203,18.27
190101,Southern Southeast Alaska,2000,hemlock sawfly,15327,1379.43
190101,Southern Southeast Alaska,2000,mud-land slide,684,61.56
190101,Southern Southeast Alaska,2000,spruce aphid,1874,168.66
190101,Southern Southeast Alaska,2000,spruce beetle,483,43.47
190101,Southern Southeast Alaska,2000,wind-tornado/hurricane,270,24.3
190101,Southern Southeast Alaska,2001,common porcupine,56,5.04
190101,Southern Southeast Alaska,2001,defoliators,57,5.13
190101,Southern Southeast Alaska,2001,flooding-high water,1998,179.82
190101,Southern Southeast Alaska,2001,hemlock canker,314,28.26
190101,Southern Southeast Alaska,2001,hemlock sawfly,3807,342.63
190101,Southern Southeast Alaska,2001,large-spored spruce-Labrador tea rust,295,26.55
190101,Southern Southeast Alaska,2001,mud-land slide,196,17.64
190101,Southern Southeast Alaska,2001,spruce aphid,5765,518.85
190101,Southern Southeast Alaska,2001,yellow-cedar decline,2800,252.0
190101,Southern Southeast Alaska,2002,common porcupine,74,6.66
190101,Southern Southeast Alaska,2002,flooding-high water,104,9.36
190101,Southern Southeast Alaska,2002,hemlock canker,914,82.26
190101,Southern Southeast Alaska,2002,hemlock sawfly,6033,542.97
190101,Southern Southeast Alaska,2002,mud-land slide,84,7.56
190101,Southern Southeast Alaska,2002,spruce aphid,3982,358.38
190101,Southern Southeast Alaska,2002,spruce beetle,141,12.69
190101,Southern Southeast Alaska,2002,yellow-cedar decline,4814,433.26
190101,Southern Southeast Alaska,2003,birch leafroller,780,70.2
190101,Southern Southeast Alaska,2003,common porcupine,380,34.2
190101,Southern Southeast Alaska,2003,flooding-high water,494,44.46
190101,Southern Southeast Alaska,2003,mud-land slide,2112,190.08
190101,Southern Southeast Alaska,2003,spruce aphid,35188,3166.92
190101,Southern Southeast Alaska,2003,spruce beetle,78,7.02
190101,Southern Southeast Alaska,2003,western blackheaded budworm,8315,748.35
190101,Southern Southeast Alaska,2003,wind-tornado/hurricane,186,16.74
190101,Southern Southeast Alaska,2003,yellow-cedar decline,11138,1002.42
190101,Southern Southeast Alaska,2004,common porcupine,97,8.73
190101,Southern Southeast Alaska,2004,flooding-high water,945,85.05
190101,Southern Southeast Alaska,2004,hemlock sawfly,369,33.21
190101,Southern Southeast Alaska,2004,mud-land slide,759,68.31
190101,Southern Southeast Alaska,2004,spruce aphid,14458,1301.22
190101,Southern Southeast Alaska,2004,western blackheaded budworm,5013,451.17
190101,Southern Southeast Alaska,2004,yellow-cedar decline,19215,1729.35
190101,Southern Southeast Alaska,2005,common porcupine,407,36.63
190101,Southern Southeast Alaska,2005,flooding-high water,375,33.75
190101,Southern Southeast Alaska,2005,hemlock canker,61,5.49
190101,Southern Southeast Alaska,2005,hemlock sawfly,695,62.55
190101,Southern Southeast Alaska,2005,mud-land slide,1352,121.68
190101,Southern Southeast Alaska,2005,spruce aphid,26651,2398.59
190101,Southern Southeast Alaska,2005,yellow-cedar decline,53671,4830.39
190101,Southern Southeast Alaska,2006,flooding-high water,289,26.01
190101,Southern Southeast Alaska,2006,mud-land slide,990,89.1
190101,Southern Southeast Alaska,2006,spruce aphid,20469,1842.21
190101,Southern Southeast Alaska,2006,yellow-cedar decline,29092,2618.28
190101,Southern Southeast Alaska,2007,common porcupine,89,8.01
190101,Southern Southeast Alaska,2007,flooding-high water,3703,333.27
190101,Southern Southeast Alaska,2007,mud-land slide,724,65.16
190101,Southern Southeast Alaska,2007,spruce aphid,2778,250.02
190101,Southern Southeast Alaska,2007,spruce beetle,108,9.72
190101,Southern Southeast Alaska,2007,western blackheaded budworm,285,25.65
190101,Southern Southeast Alaska,2007,wind-tornado/hurricane,196,17.64
190101,Southern Southeast Alaska,2007,yellow-cedar decline,36207,3258.63
190101,Southern Southeast Alaska,2008,common porcupine,78,7.02
190101,Southern Southeast Alaska,2008,flooding-high water,218,19.62
190101,Southern Southeast Alaska,2008,spruce beetle,40,3.6
190101,Southern Southeast Alaska,2008,wind-tornado/hurricane,173,15.57
190101,Southern Southeast Alaska,2008,yellow-cedar decline,6344,570.96
190101,Southern Southeast Alaska,2009,common porcupine,237,21.33
190101,Southern Southeast Alaska,2009,flooding-high water,46,4.14
190101,Southern Southeast Alaska,2009,hemlock sawfly,7171,645.39
190101,Southern Southeast Alaska,2009,mortality,1409,126.81
190101,Southern Southeast Alaska,2009,mud-land slide,1111,99.99
190101,Southern Southeast Alaska,2009,spruce beetle,104,9.36
190101,Southern Southeast Alaska,2009,unknown,1342,120.78
190101,Southern Southeast Alaska,2009,yellow-cedar decline,23010,2070.9
190101,Southern Southeast Alaska,2010,defoliators,5195,467.55
190101,Southern Southeast Alaska,2010,flooding-high water,1083,97.47
190101,Southern Southeast Alaska,2010,hemlock canker,863,77.67
190101,Southern Southeast Alaska,2010,hemlock sawfly,5559,500.31
190101,Southern Southeast Alaska,2010,mud-land slide,185,16.65
190101,Southern Southeast Alaska,2010,spruce aphid,8405,756.45
190101,Southern Southeast Alaska,2010,spruce beetle,2933,263.97
190101,Southern Southeast Alaska,2010,wind-tornado/hurricane,401,36.09
190101,Southern Southeast Alaska,2010,yellow-cedar decline,49972,4497.48
190101,Southern Southeast Alaska,2011,flooding-high water,69,6.21
190101,Southern Southeast Alaska,2011,hemlock sawfly,2790,251.1
190101,Southern Southeast Alaska,2011,mud-land slide,3811,342.99
190101,Southern Southeast Alaska,2011,spruce aphid,3417,307.53
190101,Southern Southeast Alaska,2011,spruce beetle,49,4.41
190101,Southern Southeast Alaska,2011,wind-tornado/hurricane,7610,684.9
190101,Southern Southeast Alaska,2011,yellow-cedar decline,79569,7161.21
190101,Southern Southeast Alaska,2012,defoliators,430,38.7
190101,Southern Southeast Alaska,2012,flooding-high water,1515,136.35
190101,Southern Southeast Alaska,2012,hemlock sawfly,5612,505.08
190101,Southern Southeast Alaska,2012,spruce aphid,1274,114.66
190101,Southern Southeast Alaska,2012,spruce beetle,1495,134.55
190101,Southern Southeast Alaska,2012,western gall rust,6251,562.59
190101,Southern Southeast Alaska,2012,yellow-cedar decline,33345,3001.05
190101,Southern Southeast Alaska,2013,defoliators,1739,156.51
190101,Southern Southeast Alaska,2013,flooding-high water,1008,90.72
190101,Southern Southeast Alaska,2013,hemlock sawfly,30159,2714.31
190101,Southern Southeast Alaska,2013,spruce beetle,547,49.23
190101,Southern Southeast Alaska,2013,western gall rust,344,30.96
190101,Southern Southeast Alaska,2013,wind-tornado/hurricane,1688,151.92
190101,Southern Southeast Alaska,2013,yellow-cedar decline,28358,2552.22
190101,Southern Southeast Alaska,2014,common porcupine,526,47.34
190101,Southern Southeast Alaska,2014,defoliators,6775,609.75
190101,Southern Southeast Alaska,2014,flooding-high water,27,2.43
190101,Southern Southeast Alaska,2014,hemlock canker,36,3.24
190101,Southern Southeast Alaska,2014,hemlock sawfly,14313,1288.17
190101,Southern Southeast Alaska,2014,mud-land slide,218,19.62
190101,Southern Southeast Alaska,2014,western blackheaded budworm,444,39.96
190101,Southern Southeast Alaska,2014,western gall rust,33,2.97
190101,Southern Southeast Alaska,2014,wind-tornado/hurricane,344,30.96
190101,Southern Southeast Alaska,2014,yellow-cedar decline,30942,2784.78
190101,Southern Southeast Alaska,2015,Dothistroma needle blight (D. septosporum),48,4.32
190101,Southern Southeast Alaska,2015,flooding-high water,1518,136.62
190101,Southern Southeast Alaska,2015,hemlock canker,48,4.32
190101,Southern Southeast Alaska,2015,mud-land slide,327,29.43
190101,Southern Southeast Alaska,2015,spruce aphid,16778,1510.02
190101,Southern Southeast Alaska,2015,spruce beetle,6095,548.55
190101,Southern Southeast Alaska,2015,unknown,6698,602.82
190101,Southern Southeast Alaska,2015,unknown defoliator,324,29.16
190101,Southern Southeast Alaska,2015,wind-tornado/hurricane,2860,257.4
190101,Southern Southeast Alaska,2015,yellow-cedar decline,127874,11508.66
190101,Southern Southeast Alaska,2016,Dothistroma needle blight (D. septosporum),1512,136.08
190101,Southern Southeast Alaska,2016,flooding-high water,644,57.96
190101,Southern Southeast Alaska,2016,mud-land slide,303,27.27
190101,Southern Southeast Alaska,2016,spruce aphid,9959,896.31
190101,Southern Southeast Alaska,2016,spruce beetle,46,4.14
190101,Southern Southeast Alaska,2016,unknown canker,14,1.26
190101,Southern Southeast Alaska,2016,unknown defoliator,741,66.69
190101,Southern Southeast Alaska,2016,yellow-cedar decline,68091,6128.19
190101,Southern Southeast Alaska,2017,common porcupine,10,0.9
190101,Southern Southeast Alaska,2017,flooding-high water,357,32.13
190101,Southern Southeast Alaska,2017,hemlock canker,492,44.28
190101,Southern Southeast Alaska,2017,spruce beetle,480,43.2
190101,Southern Southeast Alaska,2017,unknown defoliator,2243,201.87
190101,Southern Southeast Alaska,2017,yellow-cedar decline,84997,7649.73
190101,Southern Southeast Alaska,2018,Dothistroma needle blight (D. septosporum),677,60.93
190101,Southern Southeast Alaska,2018,flooding-high water,730,65.7
190101,Southern Southeast Alaska,2018,hemlock canker,11,0.99
190101,Southern Southeast Alaska,2018,hemlock sawfly,36396,3275.64
190101,Southern Southeast Alaska,2018,mud-land slide,535,48.15
190101,Southern Southeast Alaska,2018,spruce aphid,243,21.87
190101,Southern Southeast Alaska,2018,unknown defoliator,6351,571.59
190101,Southern Southeast Alaska,2018,wind-tornado/hurricane,131,11.79
190101,Southern Southeast Alaska,2018,yellow-cedar decline,25962,2336.58
190101,Southern Southeast Alaska,2019,Dothistroma needle blight (D. septosporum),711,63.99
190101,Southern Southeast Alaska,2019,fire,4,0.36
190101,Southern Southeast Alaska,2019,flooding-high water,163,14.67
190101,Southern Southeast Alaska,2019,hemlock sawfly,280046,25204.14
190101,Southern Southeast Alaska,2019,spruce aphid,142,12.78
190101,Southern Southeast Alaska,2019,unknown,156,14.04
190101,Southern Southeast Alaska,2019,unknown defoliator,1124,101.16
190101,Southern Southeast Alaska,2019,wind-tornado/hurricane,6,0.54
190101,Southern Southeast Alaska,2019,yellow-cedar decline,46005,4140.45
190101,Southern Southeast Alaska,2020,flooding-high water,105,9.45
190101,Southern Southeast Alaska,2020,hemlock sawfly,444236,39981.24
190101,Southern Southeast Alaska,2020,spruce beetle,34,3.06
190101,Southern Southeast Alaska,2020,unknown defoliator,2278,205.02
190101,Southern Southeast Alaska,2020,yellow-cedar decline,44603,4014.27
190101,Southern Southeast Alaska,2021,common porcupine,146,13.14
190101,Southern Southeast Alaska,2021,flooding-high water,450,40.5
190101,Southern Southeast Alaska,2021,hemlock sawfly,63525,5717.25
190101,Southern Southeast Alaska,2021,mud-land slide,1834,165.06
190101,Southern Southeast Alaska,2021,western blackheaded budworm,164832,14834.88
190101,Southern Southeast Alaska,2021,western gall rust,94,8.46
190101,Southern Southeast Alaska,2021,yellow-cedar decline,17051,1534.59
190101,Southern Southeast Alaska,2022,flooding-high water,313,28.17
190101,Southern Southeast Alaska,2022,hemlock sawfly,1541,138.69
190101,Southern Southeast Alaska,2022,unknown defoliator,51132,4601.88
190101,Southern Southeast Alaska,2022,western blackheaded budworm,771243,69411.87
190101,Southern Southeast Alaska,2022,western gall rust,1093,98.37
190101,Southern Southeast Alaska,2022,yellow-cedar decline,23083,2077.47
190101,Southern Southeast Alaska,2023,flooding-high water,293,26.37
190101,Southern Southeast Alaska,2023,mud-land slide,254,22.86
190101,Southern Southeast Alaska,2023,unknown,5533,497.97
190101,Southern Southeast Alaska,2023,western blackheaded budworm,4537,408.33
190101,Southern Southeast Alaska,2023,western gall rust,44,3.96
190101,Southern Southeast Alaska,2023,yellow-cedar decline,17663,1589.67
190101,Southern Southeast Alaska,2024,Dothistroma needle blight (D. septosporum),32,2.88
190101,Southern Southeast Alaska,2024,flooding-high water,197,17.73
190101,Southern Southeast Alaska,2024,mud-land slide,117,10.53
190101,Southern Southeast Alaska,2024,unknown,36658,3299.22
190101,Southern Southeast Alaska,2024,unknown defoliator,45,4.05
190101,Southern Southeast Alaska,2024,western blackheaded budworm,11999,1079.91
190101,Southern Southeast Alaska,2024,wind-tornado/hurricane,17,1.53
190101,Southern Southeast Alaska,2024,yellow-cedar decline,32617,2935.53
190101,Southern Southeast Alaska,2025,Dothistroma needle blight (D. septosporum),23,2.07
190101,Southern Southeast Alaska,2025,flooding-high water,116,10.44
190101,Southern Southeast Alaska,2025,mud-land slide,14,1.26
190101,Southern Southeast Alaska,2025,spruce aphid,32,2.88
190101,Southern Southeast Alaska,2025,spruce beetle,9,0.81
190101,Southern Southeast Alaska,2025,unknown,8580,772.2
190101,Southern Southeast Alaska,2025,unknown defoliator,219,19.71
190101,Southern Southeast Alaska,2025,western blackheaded budworm,410,36.9
190101,Southern Southeast Alaska,2025,western gall rust,311,27.99
190101,Southern Southeast Alaska,2025,wind-tornado/hurricane,45,4.05
190101,Southern Southeast Alaska,2025,yellow-cedar decline,10562,950.58
190103,Northern Southeast Alaska,1997,Chrysomela leaf beetle,112,10.08
190103,Northern Southeast Alaska,1997,common porcupine,130,11.7
190103,Northern Southeast Alaska,1997,fire,336,30.24
190103,Northern Southeast Alaska,1997,flooding-high water,450,40.5
190103,Northern Southeast Alaska,1997,mud-land slide,166,14.94
190103,Northern Southeast Alaska,1997,spruce aphid,90,8.1
190103,Northern Southeast Alaska,1997,spruce beetle,80170,7215.3
190103,Northern Southeast Alaska,1997,wind-tornado/hurricane,59,5.31
190103,Northern Southeast Alaska,1997,winter injury,13269,1194.21
190103,Northern Southeast Alaska,1998,Chrysomela leaf beetle,1542,138.78
190103,Northern Southeast Alaska,1998,common porcupine,110,9.9
190103,Northern Southeast Alaska,1998,fire,279,25.11
190103,Northern Southeast Alaska,1998,flooding-high water,34,3.06
190103,Northern Southeast Alaska,1998,spruce aphid,29051,2614.59
190103,Northern Southeast Alaska,1998,spruce beetle,15523,1397.07
190103,Northern Southeast Alaska,1998,striped alder sawfly,2975,267.75
190103,Northern Southeast Alaska,1999,common porcupine,81,7.29
190103,Northern Southeast Alaska,1999,defoliators,8206,738.54
190103,Northern Southeast Alaska,1999,fire,44,3.96
190103,Northern Southeast Alaska,1999,flooding-high water,54,4.86
190103,Northern Southeast Alaska,1999,spruce aphid,296,26.64
190103,Northern Southeast Alaska,1999,spruce beetle,24591,2213.19
190103,Northern Southeast Alaska,2000,defoliators,1837,165.33
190103,Northern Southeast Alaska,2000,large-spored spruce-Labrador tea rust,716,64.44
190103,Northern Southeast Alaska,2000,mud-land slide,114,10.26
190103,Northern Southeast Alaska,2000,spruce aphid,100851,9076.59
190103,Northern Southeast Alaska,2000,spruce beetle,6289,566.01
190103,Northern Southeast Alaska,2000,wind-tornado/hurricane,169,15.21
190103,Northern Southeast Alaska,2001,Chrysomela leaf beetle,1346,121.14
190103,Northern Southeast Alaska,2001,common porcupine,374,33.66
190103,Northern Southeast Alaska,2001,flooding-high water,126,11.34
190103,Northern Southeast Alaska,2001,large-spored spruce-Labrador tea rust,388,34.92
190103,Northern Southeast Alaska,2001,mud-land slide,396,35.64
190103,Northern Southeast Alaska,2001,northern spruce engraver,5,0.45
190103,Northern Southeast Alaska,2001,spruce aphid,32290,2906.1
190103,Northern Southeast Alaska,2001,spruce beetle,3776,339.84
190103,Northern Southeast Alaska,2001,western balsam bark beetle,256,23.04
190103,Northern Southeast Alaska,2001,wind-tornado/hurricane,579,52.11
190103,Northern Southeast Alaska,2001,yellow-cedar decline,31,2.79
190103,Northern Southeast Alaska,2002,Chrysomela leaf beetle,4894,440.46
190103,Northern Southeast Alaska,2002,birch leafroller,39781,3580.29
190103,Northern Southeast Alaska,2002,common porcupine,700,63.0
190103,Northern Southeast Alaska,2002,defoliators,403,36.27
190103,Northern Southeast Alaska,2002,flooding-high water,268,24.12
190103,Northern Southeast Alaska,2002,mud-land slide,1048,94.32
190103,Northern Southeast Alaska,2002,northern spruce engraver,343,30.87
190103,Northern Southeast Alaska,2002,spruce aphid,4305,387.45
190103,Northern Southeast Alaska,2002,spruce beetle,1318,118.62
190103,Northern Southeast Alaska,2002,subalpine fir mortality complex,952,85.68
190103,Northern Southeast Alaska,2002,wind-tornado/hurricane,533,47.97
190103,Northern Southeast Alaska,2003,Chrysomela leaf beetle,387,34.83
190103,Northern Southeast Alaska,2003,defoliators,3098,278.82
190103,Northern Southeast Alaska,2003,flooding-high water,1,0.09
190103,Northern Southeast Alaska,2003,mud-land slide,73,6.57
190103,Northern Southeast Alaska,2003,spruce aphid,5157,464.13
190103,Northern Southeast Alaska,2003,spruce beetle,687,61.83
190103,Northern Southeast Alaska,2003,subalpine fir mortality complex,19,1.71
190103,Northern Southeast Alaska,2004,Chrysomela leaf beetle,1780,160.2
190103,Northern Southeast Alaska,2004,aspen leafminer,8760,788.4
190103,Northern Southeast Alaska,2004,common porcupine,3999,359.91
190103,Northern Southeast Alaska,2004,defoliators,3943,354.87
190103,Northern Southeast Alaska,2004,flooding-high water,41,3.69
190103,Northern Southeast Alaska,2004,mud-land slide,174,15.66
190103,Northern Southeast Alaska,2004,spruce aphid,851,76.59
190103,Northern Southeast Alaska,2004,spruce beetle,198,17.82
190103,Northern Southeast Alaska,2004,subalpine fir mortality complex,850,76.5
190103,Northern Southeast Alaska,2004,wind-tornado/hurricane,1138,102.42
190103,Northern Southeast Alaska,2005,<Dryocoetes autographus>,2671,240.39
190103,Northern Southeast Alaska,2005,Chrysomela leaf beetle,1273,114.57
190103,Northern Southeast Alaska,2005,birch leafminer,4362,392.58
190103,Northern Southeast Alaska,2005,common porcupine,411,36.99
190103,Northern Southeast Alaska,2005,defoliators,1181,106.29
190103,Northern Southeast Alaska,2005,flooding-high water,562,50.58
190103,Northern Southeast Alaska,2005,mud-land slide,270,24.3
190103,Northern Southeast Alaska,2005,spruce aphid,510,45.9
190103,Northern Southeast Alaska,2005,spruce beetle,6043,543.87
190103,Northern Southeast Alaska,2006,<Dryocoetes autographus>,2240,201.6
190103,Northern Southeast Alaska,2006,common porcupine,483,43.47
190103,Northern Southeast Alaska,2006,flooding-high water,596,53.64
190103,Northern Southeast Alaska,2006,mud-land slide,512,46.08
190103,Northern Southeast Alaska,2006,spruce aphid,7281,655.29
190103,Northern Southeast Alaska,2006,spruce beetle,12732,1145.88
190103,Northern Southeast Alaska,2006,spruce budworm,1262,113.58
190103,Northern Southeast Alaska,2006,western blackheaded budworm,1438,129.42
190103,Northern Southeast Alaska,2006,willow leaf blotchminer,45,4.05
190103,Northern Southeast Alaska,2006,wind-tornado/hurricane,106,9.54
190103,Northern Southeast Alaska,2007,<Dryocoetes autographus>,413,37.17
190103,Northern Southeast Alaska,2007,common porcupine,171,15.39
190103,Northern Southeast Alaska,2007,flooding-high water,11222,1009.98
190103,Northern Southeast Alaska,2007,hemlock sawfly,588,52.92
190103,Northern Southeast Alaska,2007,large-spored spruce-Labrador tea rust,4380,394.2
190103,Northern Southeast Alaska,2007,mud-land slide,1344,120.96
190103,Northern Southeast Alaska,2007,northern spruce engraver,224,20.16
190103,Northern Southeast Alaska,2007,spruce aphid,2302,207.18
190103,Northern Southeast Alaska,2007,spruce beetle,8120,730.8
190103,Northern Southeast Alaska,2007,western blackheaded budworm,6070,546.3
190103,Northern Southeast Alaska,2007,willow leaf blotchminer,252,22.68
190103,Northern Southeast Alaska,2007,wind-tornado/hurricane,59,5.31
190103,Northern Southeast Alaska,2007,winter injury,1294,116.46
190103,Northern Southeast Alaska,2008,<Dryocoetes autographus>,26,2.34
190103,Northern Southeast Alaska,2008,common porcupine,722,64.98
190103,Northern Southeast Alaska,2008,flooding-high water,198,17.82
190103,Northern Southeast Alaska,2008,large-spored spruce-Labrador tea rust,2103,189.27
190103,Northern Southeast Alaska,2008,mortality,998,89.82
190103,Northern Southeast Alaska,2008,mud-land slide,1144,102.96
190103,Northern Southeast Alaska,2008,spruce aphid,1024,92.16
190103,Northern Southeast Alaska,2008,spruce beetle,2962,266.58
190103,Northern Southeast Alaska,2008,western gall rust,18374,1653.66
190103,Northern Southeast Alaska,2008,wind-tornado/hurricane,165,14.85
190103,Northern Southeast Alaska,2009,<Dryocoetes autographus>,19,1.71
190103,Northern Southeast Alaska,2009,common porcupine,666,59.94
190103,Northern Southeast Alaska,2009,defoliators,4049,364.41
190103,Northern Southeast Alaska,2009,flooding-high water,1425,128.25
190103,Northern Southeast Alaska,2009,mortality,538,48.42
190103,Northern Southeast Alaska,2009,mud-land slide,42,3.78
190103,Northern Southeast Alaska,2009,spruce beetle,424,38.16
190103,Northern Southeast Alaska,2009,unknown,2137,192.33
190103,Northern Southeast Alaska,2010,defoliators,14302,1287.18
190103,Northern Southeast Alaska,2010,flooding-high water,318,28.62
190103,Northern Southeast Alaska,2010,hemlock sawfly,494,44.46
190103,Northern Southeast Alaska,2010,mud-land slide,70,6.3
190103,Northern Southeast Alaska,2010,spruce aphid,42164,3794.76
190103,Northern Southeast Alaska,2010,spruce beetle,3860,347.4
190103,Northern Southeast Alaska,2011,birch leafroller,4514,406.26
190103,Northern Southeast Alaska,2011,common porcupine,127,11.43
190103,Northern Southeast Alaska,2011,defoliators,17019,1531.71
190103,Northern Southeast Alaska,2011,flooding-high water,274,24.66
190103,Northern Southeast Alaska,2011,hemlock sawfly,546,49.14
190103,Northern Southeast Alaska,2011,mud-land slide,2592,233.28
190103,Northern Southeast Alaska,2011,spruce aphid,3328,299.52
190103,Northern Southeast Alaska,2011,unknown,1472,132.48
190103,Northern Southeast Alaska,2011,western balsam bark beetle,12,1.08
190103,Northern Southeast Alaska,2011,wind-tornado/hurricane,2484,223.56
190103,Northern Southeast Alaska,2011,yellow-cedar decline,319,28.71
190103,Northern Southeast Alaska,2012,Chrysomela leaf beetle,1409,126.81
190103,Northern Southeast Alaska,2012,common porcupine,23,2.07
190103,Northern Southeast Alaska,2012,defoliators,795,71.55
190103,Northern Southeast Alaska,2012,fire,57,5.13
190103,Northern Southeast Alaska,2012,flooding-high water,331,29.79
190103,Northern Southeast Alaska,2012,hemlock sawfly,829,74.61
190103,Northern Southeast Alaska,2012,mud-land slide,7941,714.69
190103,Northern Southeast Alaska,2012,spruce aphid,383,34.47
190103,Northern Southeast Alaska,2012,spruce beetle,100,9.0
190103,Northern Southeast Alaska,2012,spruce bud moth,45,4.05
190103,Northern Southeast Alaska,2012,unknown foliage or shoot disease,5406,486.54
190103,Northern Southeast Alaska,2012,western gall rust,34,3.06
190103,Northern Southeast Alaska,2012,wind-tornado/hurricane,217,19.53
190103,Northern Southeast Alaska,2013,Chrysomela leaf beetle,524,47.16
190103,Northern Southeast Alaska,2013,common porcupine,2196,197.64
190103,Northern Southeast Alaska,2013,decline complex,1437,129.33
190103,Northern Southeast Alaska,2013,defoliators,31495,2834.55
190103,Northern Southeast Alaska,2013,fire,243,21.87
190103,Northern Southeast Alaska,2013,flooding-high water,8587,772.83
190103,Northern Southeast Alaska,2013,hemlock sawfly,6369,573.21
190103,Northern Southeast Alaska,2013,spruce aphid,80,7.2
190103,Northern Southeast Alaska,2013,spruce beetle,21218,1909.62
190103,Northern Southeast Alaska,2013,western gall rust,21276,1914.84
190103,Northern Southeast Alaska,2013,willow leaf blotchminer,5055,454.95
190103,Northern Southeast Alaska,2014,Chrysomela leaf beetle,66,5.94
190103,Northern Southeast Alaska,2014,Dothistroma needle blight (D. septosporum),18657,1679.13
190103,Northern Southeast Alaska,2014,birch leafroller,687,61.83
190103,Northern Southeast Alaska,2014,common porcupine,3004,270.36
190103,Northern Southeast Alaska,2014,decline complex,10100,909.0
190103,Northern Southeast Alaska,2014,defoliators,20884,1879.56
190103,Northern Southeast Alaska,2014,dieback,168,15.12
190103,Northern Southeast Alaska,2014,flooding-high water,3608,324.72
190103,Northern Southeast Alaska,2014,hemlock sawfly,243,21.87
190103,Northern Southeast Alaska,2014,mud-land slide,643,57.87
190103,Northern Southeast Alaska,2014,spruce aphid,1899,170.91
190103,Northern Southeast Alaska,2014,spruce beetle,6283,565.47
190103,Northern Southeast Alaska,2014,unknown,5133,461.97
190103,Northern Southeast Alaska,2014,western balsam bark beetle,844,75.96
190103,Northern Southeast Alaska,2014,western gall rust,224,20.16
190103,Northern Southeast Alaska,2014,wind-tornado/hurricane,142,12.78
190103,Northern Southeast Alaska,2015,Dothistroma needle blight (D. septosporum),11783,1060.47
190103,Northern Southeast Alaska,2015,common porcupine,10,0.9
190103,Northern Southeast Alaska,2015,flooding-high water,580,52.2
190103,Northern Southeast Alaska,2015,mud-land slide,92,8.28
190103,Northern Southeast Alaska,2015,spruce aphid,249,22.41
190103,Northern Southeast Alaska,2015,spruce beetle,9255,832.95
190103,Northern Southeast Alaska,2015,unknown,1149,103.41
190103,Northern Southeast Alaska,2015,unknown defoliator,4012,361.08
190103,Northern Southeast Alaska,2015,western balsam bark beetle,106,9.54
190103,Northern Southeast Alaska,2015,wind-tornado/hurricane,81,7.29
190103,Northern Southeast Alaska,2016,Dothistroma needle blight (D. septosporum),20135,1812.15
190103,Northern Southeast Alaska,2016,common porcupine,776,69.84
190103,Northern Southeast Alaska,2016,flooding-high water,21,1.89
190103,Northern Southeast Alaska,2016,mud-land slide,376,33.84
190103,Northern Southeast Alaska,2016,spruce aphid,12304,1107.36
190103,Northern Southeast Alaska,2016,spruce beetle,757,68.13
190103,Northern Southeast Alaska,2016,unknown defoliator,430,38.7
190103,Northern Southeast Alaska,2016,western balsam bark beetle,118,10.62
190103,Northern Southeast Alaska,2016,wind-tornado/hurricane,65,5.85
190103,Northern Southeast Alaska,2017,Dothistroma needle blight (D. septosporum),856,77.04
190103,Northern Southeast Alaska,2017,common porcupine,475,42.75
190103,Northern Southeast Alaska,2017,flooding-high water,1621,145.89
190103,Northern Southeast Alaska,2017,hemlock canker,9,0.81
190103,Northern Southeast Alaska,2017,large-spored spruce-Labrador tea rust,342,30.78
190103,Northern Southeast Alaska,2017,spruce aphid,1231,110.79
190103,Northern Southeast Alaska,2017,spruce beetle,8021,721.89
190103,Northern Southeast Alaska,2017,striped alder sawfly,9,0.81
190103,Northern Southeast Alaska,2017,unknown defoliator,3133,281.97
190103,Northern Southeast Alaska,2017,western balsam bark beetle,179,16.11
190103,Northern Southeast Alaska,2017,yellow-cedar decline,109,9.81
190103,Northern Southeast Alaska,2018,Dothistroma needle blight (D. septosporum),14205,1278.45
190103,Northern Southeast Alaska,2018,common porcupine,1176,105.84
190103,Northern Southeast Alaska,2018,flooding-high water,1464,131.76
190103,Northern Southeast Alaska,2018,hemlock canker,32,2.88
190103,Northern Southeast Alaska,2018,"other canker agent, known (code pending)",63,5.67
190103,Northern Southeast Alaska,2018,spruce beetle,13747,1237.23
190103,Northern Southeast Alaska,2018,unknown,24,2.16
190103,Northern Southeast Alaska,2018,unknown defoliator,17771,1599.39
190103,Northern Southeast Alaska,2018,western balsam bark beetle,511,45.99
190103,Northern Southeast Alaska,2018,western gall rust,25,2.25
190103,Northern Southeast Alaska,2018,wind-tornado/hurricane,1848,166.32
190103,Northern Southeast Alaska,2019,Dothistroma needle blight (D. septosporum),844,75.96
190103,Northern Southeast Alaska,2019,common porcupine,289,26.01
190103,Northern Southeast Alaska,2019,flooding-high water,6150,553.5
190103,Northern Southeast Alaska,2019,hemlock sawfly,115073,10356.57
190103,Northern Southeast Alaska,2019,"other canker agent, known (code pending)",95,8.55
190103,Northern Southeast Alaska,2019,spruce aphid,1402,126.18
190103,Northern Southeast Alaska,2019,spruce beetle,841,75.69
190103,Northern Southeast Alaska,2019,unknown defoliator,20246,1822.14
190103,Northern Southeast Alaska,2019,western balsam bark beetle,416,37.44
190103,Northern Southeast Alaska,2019,wind-tornado/hurricane,922,82.98
190103,Northern Southeast Alaska,2019,winter injury,8403,756.27
190103,Northern Southeast Alaska,2020,Lirula spruce needle blight,160,14.4
190103,Northern Southeast Alaska,2020,common porcupine,232,20.88
190103,Northern Southeast Alaska,2020,hemlock sawfly,96421,8677.89
190103,Northern Southeast Alaska,2020,spruce aphid,11,0.99
190103,Northern Southeast Alaska,2020,spruce beetle,8808,792.72
190103,Northern Southeast Alaska,2021,Dothistroma needle blight (D. septosporum),1927,173.43
190103,Northern Southeast Alaska,2021,flooding-high water,523,47.07
190103,Northern Southeast Alaska,2021,hemlock sawfly,27867,2508.03
190103,Northern Southeast Alaska,2021,mud-land slide,1103,99.27
190103,Northern Southeast Alaska,2021,spruce beetle,232,20.88
190103,Northern Southeast Alaska,2021,unknown defoliator,241,21.69
190103,Northern Southeast Alaska,2021,western balsam bark beetle,408,36.72
190103,Northern Southeast Alaska,2021,western blackheaded budworm,191807,17262.63
190103,Northern Southeast Alaska,2021,western gall rust,42,3.78
190103,Northern Southeast Alaska,2021,wind-tornado/hurricane,220,19.8
190103,Northern Southeast Alaska,2022,Dothistroma needle blight (D. septosporum),1092,98.28
190103,Northern Southeast Alaska,2022,cottonwood leafblotch miner,3172,285.48
190103,Northern Southeast Alaska,2022,flooding-high water,181,16.29
190103,Northern Southeast Alaska,2022,hemlock sawfly,2645,238.05
190103,Northern Southeast Alaska,2022,"other canker agent, known (code pending)",151,13.59
190103,Northern Southeast Alaska,2022,unknown defoliator,17862,1607.58
190103,Northern Southeast Alaska,2022,western blackheaded budworm,397506,35775.54
190103,Northern Southeast Alaska,2022,western gall rust,209,18.81
190103,Northern Southeast Alaska,2023,common porcupine,1041,93.69
190103,Northern Southeast Alaska,2023,flooding-high water,241,21.69
190103,Northern Southeast Alaska,2023,leaf rusts of hardwoods,272,24.48
190103,Northern Southeast Alaska,2023,"other canker agent, known (code pending)",998,89.82
190103,Northern Southeast Alaska,2023,unknown,22180,1996.2
190103,Northern Southeast Alaska,2023,unknown defoliator,1323,119.07
190103,Northern Southeast Alaska,2023,western balsam bark beetle,44,3.96
190103,Northern Southeast Alaska,2023,western blackheaded budworm,216870,19518.3
190103,Northern Southeast Alaska,2023,wind-tornado/hurricane,2035,183.15
190103,Northern Southeast Alaska,2024,Dothistroma needle blight (D. septosporum),1227,110.43
190103,Northern Southeast Alaska,2024,common porcupine,143,12.87
190103,Northern Southeast Alaska,2024,flooding-high water,479,43.11
190103,Northern Southeast Alaska,2024,mud-land slide,50,4.5
190103,Northern Southeast Alaska,2024,unknown,1812,163.08
190103,Northern Southeast Alaska,2024,unknown defoliator,126,11.34
190103,Northern Southeast Alaska,2024,western balsam bark beetle,209,18.81
190103,Northern Southeast Alaska,2024,wind-tornado/hurricane,217,19.53
190103,Northern Southeast Alaska,2025,Dothistroma needle blight (D. septosporum),208,18.72
190103,Northern Southeast Alaska,2025,common porcupine,10,0.9
190103,Northern Southeast Alaska,2025,flooding-high water,5204,468.36
190103,Northern Southeast Alaska,2025,"other canker agent, known (code pending)",339,30.51
190103,Northern Southeast Alaska,2025,snow-ice,94,8.46
190103,Northern Southeast Alaska,2025,spruce aphid,8,0.72
190103,Northern Southeast Alaska,2025,spruce beetle,217,19.53
190103,Northern Southeast Alaska,2025,unknown,12545,1129.05
190103,Northern Southeast Alaska,2025,unknown defoliator,14905,1341.45
190103,Northern Southeast Alaska,2025,western balsam bark beetle,15,1.35
190103,Northern Southeast Alaska,2025,western blackheaded budworm,566,50.94
190103,Northern Southeast Alaska,2025,western gall rust,39,3.51
190103,Northern Southeast Alaska,2025,wind-tornado/hurricane,965,86.85
