subregion,subregion_name,year,native_class,pixel_count,area_ha
190202,Prince William Sound,1997,Defoliation,78031,7022.79
190202,Prince William Sound,1997,Main stem Broken or Uprooted,444,39.96
190202,Prince William Sound,1997,Mortality,3167,285.03
190202,Prince William Sound,1998,Defoliation,555,49.95
190202,Prince William Sound,1998,Mortality,943,84.87
190202,Prince William Sound,1999,Defoliation,261,23.49
190202,Prince William Sound,1999,Mortality,2364,212.76
190202,Prince William Sound,2001,Defoliation,56752,5107.68
190202,Prince William Sound,2001,Mortality,613,55.17
190202,Prince William Sound,2002,Defoliation,13574,1221.66
190202,Prince William Sound,2002,Mortality,3,0.27
190202,Prince William Sound,2003,Defoliation,6004,540.36
190202,Prince William Sound,2003,Main stem Broken or Uprooted,20,1.8
190202,Prince William Sound,2004,Defoliation,468,42.12
190202,Prince William Sound,2004,Mortality,938,84.42
190202,Prince William Sound,2005,Defoliation,37551,3379.59
190202,Prince William Sound,2005,Mortality,1899,170.91
190202,Prince William Sound,2006,Defoliation,2358,212.22
190202,Prince William Sound,2006,Mortality,1866,167.94
190202,Prince William Sound,2007,Defoliation,33527,3017.43
190202,Prince William Sound,2007,Mortality,1229,110.61
190202,Prince William Sound,2008,Defoliation,8893,800.37
190202,Prince William Sound,2008,Main stem Broken or Uprooted,46,4.14
190202,Prince William Sound,2008,Mortality,641,57.69
190202,Prince William Sound,2009,Crown Dieback,908,81.72
190202,Prince William Sound,2009,Defoliation,2898,260.82
190202,Prince William Sound,2010,Crown Dieback,201,18.09
190202,Prince William Sound,2010,Mortality,282,25.38
190202,Prince William Sound,2011,Crown Dieback,13407,1206.63
190202,Prince William Sound,2011,Defoliation,11692,1052.28
190202,Prince William Sound,2011,Mortality,31958,2876.22
190202,Prince William Sound,2012,Crown Dieback,31,2.79
190202,Prince William Sound,2012,Defoliation,15722,1414.98
190202,Prince William Sound,2012,Mortality,73,6.57
190202,Prince William Sound,2013,Crown Dieback,127,11.43
190202,Prince William Sound,2013,Defoliation,1952,175.68
190202,Prince William Sound,2013,Mortality,20,1.8
190202,Prince William Sound,2014,Crown Dieback,6078,547.02
190202,Prince William Sound,2014,Defoliation,41,3.69
190202,Prince William Sound,2014,Mortality,344,30.96
190202,Prince William Sound,2015,Crown Dieback,181,16.29
190202,Prince William Sound,2015,Defoliation,4273,384.57
190202,Prince William Sound,2015,Mortality,686,61.74
190202,Prince William Sound,2016,Crown Dieback,549,49.41
190202,Prince William Sound,2016,Defoliation 50-75% of leaves defoliated,4554,409.86
190202,Prince William Sound,2016,Defoliation > 75% of leaves defoliated,203,18.27
190202,Prince William Sound,2016,Mortality,1471,132.39
190202,Prince William Sound,2017,Branch flagging,4790,431.1
190202,Prince William Sound,2017,Defoliation 50-75% of leaves defoliated,54,4.86
190202,Prince William Sound,2017,Mortality,41,3.69
190202,Prince William Sound,2018,Branch flagging,122,10.98
190202,Prince William Sound,2018,Crown Dieback,76,6.84
190202,Prince William Sound,2018,Defoliation 50-75% of leaves defoliated,304,27.36
190202,Prince William Sound,2018,Mortality,1532,137.88
190202,Prince William Sound,2020,Mortality,8400,756.0
190202,Prince William Sound,2021,Mortality,305,27.45
190202,Prince William Sound,2021,Mortality - Previously Undocumented,24,2.16
190202,Prince William Sound,2022,Defoliation 50-75% of leaves defoliated,82,7.38
190202,Prince William Sound,2022,Defoliation > 75% of leaves defoliated,333,29.97
190202,Prince William Sound,2022,Mortality - Previously Undocumented,80,7.2
190202,Prince William Sound,2023,Defoliation 50-75% of leaves defoliated,254,22.86
190202,Prince William Sound,2023,Defoliation > 75% of leaves defoliated,413,37.17
190202,Prince William Sound,2023,Mortality,272,24.48
190202,Prince William Sound,2023,Mortality - Previously Undocumented,1082,97.38
190202,Prince William Sound,2024,Crown Dieback,347,31.23
190202,Prince William Sound,2024,Mortality,277,24.93
190202,Prince William Sound,2024,Mortality - Previously Undocumented,70,6.3
190202,Prince William Sound,2025,Defoliation 50-75% of leaves defoliated,211663,19049.67
190202,Prince William Sound,2025,Mortality,106,9.54
190203,Kenai Peninsula,1997,Crown Discoloration,48418,4357.62
190203,Kenai Peninsula,1997,Defoliation,4374,393.66
190203,Kenai Peninsula,1997,Main stem Broken or Uprooted,3521,316.89
190203,Kenai Peninsula,1997,Mortality,1238956,111506.04
190203,Kenai Peninsula,1998,Crown Discoloration,451,40.59
190203,Kenai Peninsula,1998,Defoliation,66679,6001.11
190203,Kenai Peninsula,1998,Mortality,741752,66757.68
190203,Kenai Peninsula,1999,Defoliation,2620,235.8
190203,Kenai Peninsula,1999,Mortality,299972,26997.48
190203,Kenai Peninsula,2000,Defoliation,3520,316.8
190203,Kenai Peninsula,2000,Mortality,234979,21148.11
190203,Kenai Peninsula,2001,Defoliation,6527,587.43
190203,Kenai Peninsula,2001,Mortality,146284,13165.56
190203,Kenai Peninsula,2002,Defoliation,4564,410.76
190203,Kenai Peninsula,2002,Main stem Broken or Uprooted,2,0.18
190203,Kenai Peninsula,2002,Mortality,43355,3901.95
190203,Kenai Peninsula,2003,Defoliation,6255,562.95
190203,Kenai Peninsula,2003,Mortality,78524,7067.16
190203,Kenai Peninsula,2004,Defoliation,7531,677.79
190203,Kenai Peninsula,2004,Mortality,28827,2594.43
190203,Kenai Peninsula,2005,Defoliation,12507,1125.63
190203,Kenai Peninsula,2005,Main stem Broken or Uprooted,200,18.0
190203,Kenai Peninsula,2005,Mortality,75128,6761.52
190203,Kenai Peninsula,2006,Crown Discoloration,50,4.5
190203,Kenai Peninsula,2006,Defoliation,14619,1315.71
190203,Kenai Peninsula,2006,Mortality,60797,5471.73
190203,Kenai Peninsula,2007,Defoliation,3276,294.84
190203,Kenai Peninsula,2007,Mortality,94329,8489.61
190203,Kenai Peninsula,2009,Crown Dieback,108,9.72
190203,Kenai Peninsula,2009,Defoliation,83316,7498.44
190203,Kenai Peninsula,2009,Mortality,38078,3427.02
190203,Kenai Peninsula,2010,Crown Dieback,5066,455.94
190203,Kenai Peninsula,2010,Crown Discoloration,61,5.49
190203,Kenai Peninsula,2010,Defoliation,21400,1926.0
190203,Kenai Peninsula,2010,Mortality,16240,1461.6
190203,Kenai Peninsula,2011,Crown Dieback,31682,2851.38
190203,Kenai Peninsula,2011,Crown Discoloration,115,10.35
190203,Kenai Peninsula,2011,Defoliation,53342,4800.78
190203,Kenai Peninsula,2011,Mortality,22735,2046.15
190203,Kenai Peninsula,2012,Crown Dieback,83,7.47
190203,Kenai Peninsula,2012,Defoliation,55246,4972.14
190203,Kenai Peninsula,2012,Mortality,5657,509.13
190203,Kenai Peninsula,2013,Crown Dieback,15213,1369.17
190203,Kenai Peninsula,2013,Defoliation,197770,17799.3
190203,Kenai Peninsula,2013,Mortality,1038,93.42
190203,Kenai Peninsula,2014,Crown Dieback,9766,878.94
190203,Kenai Peninsula,2014,Defoliation,15444,1389.96
190203,Kenai Peninsula,2014,Mortality,991,89.19
190203,Kenai Peninsula,2015,Crown Dieback,1505,135.45
190203,Kenai Peninsula,2015,Defoliation,57790,5201.1
190203,Kenai Peninsula,2015,Mortality,33478,3013.02
190203,Kenai Peninsula,2016,Branch flagging,256,23.04
190203,Kenai Peninsula,2016,Crown Dieback,1372,123.48
190203,Kenai Peninsula,2016,Defoliation 50-75% of leaves defoliated,37772,3399.48
190203,Kenai Peninsula,2016,Defoliation < 50% of leaves defoliated,15078,1357.02
190203,Kenai Peninsula,2016,Defoliation > 75% of leaves defoliated,64886,5839.74
190203,Kenai Peninsula,2016,Mortality,73211,6588.99
190203,Kenai Peninsula,2017,Crown Dieback,26407,2376.63
190203,Kenai Peninsula,2017,Defoliation 50-75% of leaves defoliated,1110,99.9
190203,Kenai Peninsula,2017,Defoliation > 75% of leaves defoliated,913,82.17
190203,Kenai Peninsula,2017,Mortality,249179,22426.11
190203,Kenai Peninsula,2018,Branch flagging,510,45.9
190203,Kenai Peninsula,2018,Crown Dieback,23,2.07
190203,Kenai Peninsula,2018,Crown Discoloration,1368,123.12
190203,Kenai Peninsula,2018,Defoliation 50-75% of leaves defoliated,58753,5287.77
190203,Kenai Peninsula,2018,Defoliation > 75% of leaves defoliated,312,28.08
190203,Kenai Peninsula,2018,Mortality,215056,19355.04
190203,Kenai Peninsula,2019,Branch flagging,114,10.26
190203,Kenai Peninsula,2019,Crown Dieback,50,4.5
190203,Kenai Peninsula,2019,Crown Discoloration,4,0.36
190203,Kenai Peninsula,2019,Defoliation 50-75% of leaves defoliated,37057,3335.13
190203,Kenai Peninsula,2019,Defoliation > 75% of leaves defoliated,347330,31259.7
190203,Kenai Peninsula,2019,Mortality,27449,2470.41
190203,Kenai Peninsula,2020,Crown Dieback,10,0.9
190203,Kenai Peninsula,2020,Defoliation 50-75% of leaves defoliated,822,73.98
190203,Kenai Peninsula,2020,Defoliation > 75% of leaves defoliated,2903,261.27
190203,Kenai Peninsula,2020,Mortality,96262,8663.58
190203,Kenai Peninsula,2020,Mortality - Previously Undocumented,2222,199.98
190203,Kenai Peninsula,2021,Branch flagging,130,11.7
190203,Kenai Peninsula,2021,Crown Dieback,455,40.95
190203,Kenai Peninsula,2021,Crown Discoloration,602,54.18
190203,Kenai Peninsula,2021,Defoliation 50-75% of leaves defoliated,1770,159.3
190203,Kenai Peninsula,2021,Defoliation > 75% of leaves defoliated,2943,264.87
190203,Kenai Peninsula,2021,Mortality,108236,9741.24
190203,Kenai Peninsula,2021,Mortality - Previously Undocumented,85441,7689.69
190203,Kenai Peninsula,2022,Branch flagging,6,0.54
190203,Kenai Peninsula,2022,Crown Dieback,1369,123.21
190203,Kenai Peninsula,2022,Defoliation 50-75% of leaves defoliated,14223,1280.07
190203,Kenai Peninsula,2022,Defoliation > 75% of leaves defoliated,26224,2360.16
190203,Kenai Peninsula,2022,Mortality,131062,11795.58
190203,Kenai Peninsula,2022,Mortality - Previously Undocumented,184767,16629.03
190203,Kenai Peninsula,2023,Branch flagging,149,13.41
190203,Kenai Peninsula,2023,Crown Dieback,57,5.13
190203,Kenai Peninsula,2023,Crown Discoloration,921,82.89
190203,Kenai Peninsula,2023,Defoliation 50-75% of leaves defoliated,5052,454.68
190203,Kenai Peninsula,2023,Defoliation > 75% of leaves defoliated,15139,1362.51
190203,Kenai Peninsula,2023,Mortality,113529,10217.61
190203,Kenai Peninsula,2023,Mortality - Previously Undocumented,358074,32226.66
190203,Kenai Peninsula,2024,Crown Dieback,59,5.31
190203,Kenai Peninsula,2024,Crown Discoloration,525,47.25
190203,Kenai Peninsula,2024,Defoliation 50-75% of leaves defoliated,5907,531.63
190203,Kenai Peninsula,2024,Defoliation > 75% of leaves defoliated,20,1.8
190203,Kenai Peninsula,2024,Mortality,9784,880.56
190203,Kenai Peninsula,2024,Mortality - Previously Undocumented,39244,3531.96
190203,Kenai Peninsula,2024,Other Damage (known),478,43.02
190203,Kenai Peninsula,2025,Defoliation 50-75% of leaves defoliated,92410,8316.9
190203,Kenai Peninsula,2025,Defoliation > 75% of leaves defoliated,269362,24242.58
190203,Kenai Peninsula,2025,Mortality,895,80.55
190203,Kenai Peninsula,2025,Mortality - Previously Undocumented,11695,1052.55
190303,Nushagak River,1999,Mortality,276,24.84
190303,Nushagak River,2000,Mortality,198,17.82
190303,Nushagak River,2001,Defoliation,134312,12088.08
190303,Nushagak River,2001,Mortality,8774,789.66
190303,Nushagak River,2002,Defoliation,165166,14864.94
190303,Nushagak River,2003,Defoliation,110401,9936.09
190303,Nushagak River,2003,Mortality,25023,2252.07
190303,Nushagak River,2004,Defoliation,6619,595.71
190303,Nushagak River,2004,Mortality,1035,93.15
190303,Nushagak River,2005,Defoliation,20839,1875.51
190303,Nushagak River,2005,Mortality,1700,153.0
190303,Nushagak River,2006,Defoliation,15696,1412.64
190303,Nushagak River,2006,Mortality,16416,1477.44
190303,Nushagak River,2007,Defoliation,3702,333.18
190303,Nushagak River,2007,Mortality,1696,152.64
190303,Nushagak River,2008,Mortality,864,77.76
190303,Nushagak River,2009,Crown Dieback,564,50.76
190303,Nushagak River,2009,Defoliation,770,69.3
190303,Nushagak River,2009,Mortality,965,86.85
190303,Nushagak River,2010,Crown Dieback,300,27.0
190303,Nushagak River,2010,Defoliation,135675,12210.75
190303,Nushagak River,2010,Mortality,1229,110.61
190303,Nushagak River,2011,Crown Dieback,51468,4632.12
190303,Nushagak River,2011,Defoliation,80237,7221.33
190303,Nushagak River,2012,Crown Dieback,1243,111.87
190303,Nushagak River,2012,Defoliation,316255,28462.95
190303,Nushagak River,2012,Mortality,649,58.41
190303,Nushagak River,2013,Crown Dieback,7099,638.91
190303,Nushagak River,2013,Defoliation,610237,54921.33
190303,Nushagak River,2013,Mortality,219,19.71
190303,Nushagak River,2014,Crown Dieback,17401,1566.09
190303,Nushagak River,2014,Defoliation,190057,17105.13
190303,Nushagak River,2014,Mortality,1194,107.46
190303,Nushagak River,2015,Crown Dieback,965,86.85
190303,Nushagak River,2015,Defoliation,75943,6834.87
190303,Nushagak River,2016,Crown Dieback,194,17.46
190303,Nushagak River,2016,Defoliation 50-75% of leaves defoliated,38342,3450.78
190303,Nushagak River,2016,Defoliation < 50% of leaves defoliated,154,13.86
190303,Nushagak River,2016,Defoliation > 75% of leaves defoliated,45260,4073.4
190303,Nushagak River,2017,Crown Dieback,91,8.19
190303,Nushagak River,2017,Defoliation 50-75% of leaves defoliated,27603,2484.27
190303,Nushagak River,2017,Defoliation > 75% of leaves defoliated,136977,12327.93
190303,Nushagak River,2017,Mortality,37,3.33
190303,Nushagak River,2018,Crown Dieback,156,14.04
190303,Nushagak River,2018,Defoliation 50-75% of leaves defoliated,24238,2181.42
190303,Nushagak River,2018,Defoliation > 75% of leaves defoliated,14001,1260.09
190303,Nushagak River,2018,Mortality,8109,729.81
190303,Nushagak River,2019,Branch flagging,690,62.1
190303,Nushagak River,2019,Crown Dieback,4,0.36
190303,Nushagak River,2019,Crown Discoloration,364631,32816.79
190303,Nushagak River,2019,Defoliation 50-75% of leaves defoliated,3487,313.83
190303,Nushagak River,2019,Defoliation > 75% of leaves defoliated,617,55.53
190303,Nushagak River,2019,Mortality,1005,90.45
190503,Kobuk-Selawik Rivers,1999,Defoliation,1219,109.71
190503,Kobuk-Selawik Rivers,1999,Mortality,543,48.87
190503,Kobuk-Selawik Rivers,2000,Mortality,1668,150.12
190503,Kobuk-Selawik Rivers,2002,Mortality,22043,1983.87
190503,Kobuk-Selawik Rivers,2004,Defoliation,61407,5526.63
190503,Kobuk-Selawik Rivers,2005,Defoliation,19509,1755.81
190503,Kobuk-Selawik Rivers,2005,Mortality,1210,108.9
190503,Kobuk-Selawik Rivers,2006,Defoliation,672,60.48
190503,Kobuk-Selawik Rivers,2006,Mortality,40,3.6
190503,Kobuk-Selawik Rivers,2007,Defoliation,11888,1069.92
190503,Kobuk-Selawik Rivers,2007,Mortality,384,34.56
190503,Kobuk-Selawik Rivers,2008,Crown Discoloration,224,20.16
190503,Kobuk-Selawik Rivers,2008,Defoliation,1198,107.82
190503,Kobuk-Selawik Rivers,2008,Mortality,975,87.75
190503,Kobuk-Selawik Rivers,2009,Defoliation,41984,3778.56
190503,Kobuk-Selawik Rivers,2009,Mortality,6018,541.62
190503,Kobuk-Selawik Rivers,2010,Crown Dieback,1052,94.68
190503,Kobuk-Selawik Rivers,2010,Crown Discoloration,231,20.79
190503,Kobuk-Selawik Rivers,2010,Defoliation,41999,3779.91
190503,Kobuk-Selawik Rivers,2010,Mortality,2055,184.95
190503,Kobuk-Selawik Rivers,2011,Crown Dieback,4079,367.11
190503,Kobuk-Selawik Rivers,2011,Crown Discoloration,42,3.78
190503,Kobuk-Selawik Rivers,2011,Defoliation,381,34.29
190503,Kobuk-Selawik Rivers,2011,Mortality,305,27.45
190503,Kobuk-Selawik Rivers,2012,Crown Dieback,271,24.39
190503,Kobuk-Selawik Rivers,2012,Defoliation,5788,520.92
190503,Kobuk-Selawik Rivers,2012,Mortality,677,60.93
190503,Kobuk-Selawik Rivers,2013,Crown Dieback,17,1.53
190503,Kobuk-Selawik Rivers,2013,Defoliation,18785,1690.65
190503,Kobuk-Selawik Rivers,2013,Mortality,1554,139.86
190503,Kobuk-Selawik Rivers,2014,Crown Discoloration,2,0.18
190503,Kobuk-Selawik Rivers,2014,Defoliation,14198,1277.82
190503,Kobuk-Selawik Rivers,2014,Mortality,2900,261.0
190503,Kobuk-Selawik Rivers,2015,Defoliation,7154,643.86
190503,Kobuk-Selawik Rivers,2015,Mortality,6590,593.1
190503,Kobuk-Selawik Rivers,2016,Defoliation 50-75% of leaves defoliated,60200,5418.0
190503,Kobuk-Selawik Rivers,2016,Defoliation > 75% of leaves defoliated,25924,2333.16
190503,Kobuk-Selawik Rivers,2016,Mortality,5862,527.58
190503,Kobuk-Selawik Rivers,2017,Defoliation 50-75% of leaves defoliated,45477,4092.93
190503,Kobuk-Selawik Rivers,2017,Defoliation > 75% of leaves defoliated,21197,1907.73
190503,Kobuk-Selawik Rivers,2017,Mortality,3480,313.2
190503,Kobuk-Selawik Rivers,2018,Defoliation 50-75% of leaves defoliated,22147,1993.23
190503,Kobuk-Selawik Rivers,2018,Defoliation > 75% of leaves defoliated,484,43.56
190503,Kobuk-Selawik Rivers,2018,Mortality,433,38.97
190205,Susitna River,1997,Crown Discoloration,1198048,107824.32
190205,Susitna River,1997,Defoliation,4895,440.55
190205,Susitna River,1997,Mortality,105485,9493.65
190205,Susitna River,1998,Crown Discoloration,27,2.43
190205,Susitna River,1998,Defoliation,222,19.98
190205,Susitna River,1998,Mortality,2805,252.45
190205,Susitna River,1999,Defoliation,11083,997.47
190205,Susitna River,1999,Mortality,18480,1663.2
190205,Susitna River,2000,Defoliation,570,51.3
190205,Susitna River,2000,Mortality,10110,909.9
190205,Susitna River,2001,Defoliation,39532,3557.88
190205,Susitna River,2001,Mortality,211,18.99
190205,Susitna River,2002,Defoliation,69844,6285.96
190205,Susitna River,2002,Mortality,171,15.39
190205,Susitna River,2003,Defoliation,762548,68629.32
190205,Susitna River,2003,Mortality,13459,1211.31
190205,Susitna River,2004,Defoliation,2106,189.54
190205,Susitna River,2004,Mortality,4197,377.73
190205,Susitna River,2005,Defoliation,34874,3138.66
190205,Susitna River,2005,Mortality,27884,2509.56
190205,Susitna River,2006,Defoliation,8177,735.93
190205,Susitna River,2006,Mortality,53017,4771.53
190205,Susitna River,2007,Defoliation,12393,1115.37
190205,Susitna River,2007,Mortality,95302,8577.18
190205,Susitna River,2008,Defoliation,37252,3352.68
190205,Susitna River,2008,Mortality,98089,8828.01
190205,Susitna River,2009,Defoliation,12075,1086.75
190205,Susitna River,2009,Mortality,2567,231.03
190205,Susitna River,2010,Crown Dieback,685,61.65
190205,Susitna River,2010,Defoliation,15882,1429.38
190205,Susitna River,2010,Mortality,37129,3341.61
190205,Susitna River,2011,Defoliation,97551,8779.59
190205,Susitna River,2011,Mortality,12366,1112.94
190205,Susitna River,2012,Crown Dieback,3974,357.66
190205,Susitna River,2012,Defoliation,26734,2406.06
190205,Susitna River,2012,Mortality,7526,677.34
190205,Susitna River,2013,Crown Dieback,4676,420.84
190205,Susitna River,2013,Defoliation,136051,12244.59
190205,Susitna River,2013,Mortality,1555,139.95
190205,Susitna River,2014,Crown Dieback,8095,728.55
190205,Susitna River,2014,Defoliation,95411,8586.99
190205,Susitna River,2014,Mortality,4047,364.23
190205,Susitna River,2015,Crown Dieback,3924,353.16
190205,Susitna River,2015,Defoliation,247107,22239.63
190205,Susitna River,2015,Mortality,55786,5020.74
190205,Susitna River,2016,Branch flagging,244,21.96
190205,Susitna River,2016,Crown Dieback,11680,1051.2
190205,Susitna River,2016,Defoliation 50-75% of leaves defoliated,270028,24302.52
190205,Susitna River,2016,Defoliation < 50% of leaves defoliated,8327,749.43
190205,Susitna River,2016,Defoliation > 75% of leaves defoliated,137729,12395.61
190205,Susitna River,2016,Mortality,555753,50017.77
190205,Susitna River,2017,Defoliation 50-75% of leaves defoliated,3300,297.0
190205,Susitna River,2017,Defoliation < 50% of leaves defoliated,14236,1281.24
190205,Susitna River,2017,Defoliation > 75% of leaves defoliated,11594,1043.46
190205,Susitna River,2017,Mortality,1325926,119333.34
190205,Susitna River,2018,Defoliation 50-75% of leaves defoliated,18228,1640.52
190205,Susitna River,2018,Defoliation > 75% of leaves defoliated,125064,11255.76
190205,Susitna River,2018,Mortality,2144706,193023.54
190205,Susitna River,2019,Crown Dieback,1888,169.92
190205,Susitna River,2019,Defoliation 50-75% of leaves defoliated,119182,10726.38
190205,Susitna River,2019,Defoliation > 75% of leaves defoliated,269967,24297.03
190205,Susitna River,2019,Mortality,450531,40547.79
190205,Susitna River,2020,Crown Discoloration,499,44.91
190205,Susitna River,2020,Defoliation 50-75% of leaves defoliated,7204,648.36
190205,Susitna River,2020,Defoliation < 50% of leaves defoliated,166,14.94
190205,Susitna River,2020,Defoliation > 75% of leaves defoliated,1913,172.17
190205,Susitna River,2020,Mortality,68361,6152.49
190205,Susitna River,2021,Crown Dieback,124,11.16
190205,Susitna River,2021,Crown Discoloration,24395,2195.55
190205,Susitna River,2021,Defoliation 50-75% of leaves defoliated,229631,20666.79
190205,Susitna River,2021,Defoliation > 75% of leaves defoliated,25284,2275.56
190205,Susitna River,2021,Mortality,538754,48487.86
190205,Susitna River,2021,Mortality - Previously Undocumented,1566632,140996.88
190205,Susitna River,2022,Defoliation 50-75% of leaves defoliated,1049,94.41
190205,Susitna River,2022,Mortality,11941,1074.69
190205,Susitna River,2022,Mortality - Previously Undocumented,780220,70219.8
190205,Susitna River,2023,Crown Dieback,122,10.98
190205,Susitna River,2023,Defoliation 50-75% of leaves defoliated,24222,2179.98
190205,Susitna River,2023,Defoliation > 75% of leaves defoliated,72,6.48
190205,Susitna River,2023,Main stem Broken or Uprooted,241,21.69
190205,Susitna River,2023,Mortality,98597,8873.73
190205,Susitna River,2023,Mortality - Previously Undocumented,694029,62462.61
190205,Susitna River,2024,Branch flagging,2024,182.16
190205,Susitna River,2024,Crown Dieback,924,83.16
190205,Susitna River,2024,Defoliation 50-75% of leaves defoliated,540,48.6
190205,Susitna River,2024,Mortality,65683,5911.47
190205,Susitna River,2024,Mortality - Previously Undocumented,229467,20652.03
190205,Susitna River,2025,Branch Breakage,3397,305.73
190205,Susitna River,2025,Crown Dieback,4,0.36
190205,Susitna River,2025,Defoliation 50-75% of leaves defoliated,33566,3020.94
190205,Susitna River,2025,Defoliation > 75% of leaves defoliated,32999,2969.91
190205,Susitna River,2025,Mortality,6721,604.89
190205,Susitna River,2025,Mortality - Previously Undocumented,7741,696.69
190205,Susitna River,2025,Other Damage (known),9,0.81
190304,Upper Kuskokwim River,1997,Defoliation,704190,63377.1
190304,Upper Kuskokwim River,1997,Mortality,2280,205.2
190304,Upper Kuskokwim River,1998,Defoliation,1973463,177611.67
190304,Upper Kuskokwim River,1998,Mortality,349697,31472.73
190304,Upper Kuskokwim River,1999,Crown Discoloration,1429,128.61
190304,Upper Kuskokwim River,1999,Defoliation,415039,37353.51
190304,Upper Kuskokwim River,1999,Mortality,163288,14695.92
190304,Upper Kuskokwim River,2000,Defoliation,76682,6901.38
190304,Upper Kuskokwim River,2000,Mortality,45020,4051.8
190304,Upper Kuskokwim River,2001,Defoliation,16069,1446.21
190304,Upper Kuskokwim River,2001,Mortality,23470,2112.3
190304,Upper Kuskokwim River,2002,Mortality,3664,329.76
190304,Upper Kuskokwim River,2003,Defoliation,161077,14496.93
190304,Upper Kuskokwim River,2003,Mortality,134621,12115.89
190304,Upper Kuskokwim River,2004,Defoliation,53760,4838.4
190304,Upper Kuskokwim River,2004,Mortality,74451,6700.59
190304,Upper Kuskokwim River,2005,Defoliation,106899,9620.91
190304,Upper Kuskokwim River,2005,Mortality,140130,12611.7
190304,Upper Kuskokwim River,2006,Defoliation,707,63.63
190304,Upper Kuskokwim River,2006,Mortality,8155,733.95
190304,Upper Kuskokwim River,2007,Defoliation,321754,28957.86
190304,Upper Kuskokwim River,2007,Mortality,122826,11054.34
190304,Upper Kuskokwim River,2008,Defoliation,43262,3893.58
190304,Upper Kuskokwim River,2008,Mortality,91905,8271.45
190304,Upper Kuskokwim River,2009,Crown Dieback,2966,266.94
190304,Upper Kuskokwim River,2009,Defoliation,5993,539.37
190304,Upper Kuskokwim River,2009,Mortality,9378,844.02
190304,Upper Kuskokwim River,2010,Crown Dieback,35358,3182.22
190304,Upper Kuskokwim River,2010,Crown Discoloration,130,11.7
190304,Upper Kuskokwim River,2010,Defoliation,58087,5227.83
190304,Upper Kuskokwim River,2010,Mortality,8523,767.07
190304,Upper Kuskokwim River,2011,Crown Dieback,21126,1901.34
190304,Upper Kuskokwim River,2011,Crown Discoloration,96,8.64
190304,Upper Kuskokwim River,2011,Defoliation,66679,6001.11
190304,Upper Kuskokwim River,2011,Mortality,961,86.49
190304,Upper Kuskokwim River,2012,Crown Dieback,654,58.86
190304,Upper Kuskokwim River,2012,Crown Discoloration,38,3.42
190304,Upper Kuskokwim River,2012,Defoliation,7611,684.99
190304,Upper Kuskokwim River,2012,Mortality,4646,418.14
190304,Upper Kuskokwim River,2013,Crown Dieback,1663,149.67
190304,Upper Kuskokwim River,2013,Defoliation,78245,7042.05
190304,Upper Kuskokwim River,2013,Mortality,237,21.33
190304,Upper Kuskokwim River,2014,Crown Dieback,4630,416.7
190304,Upper Kuskokwim River,2014,Defoliation,104720,9424.8
190304,Upper Kuskokwim River,2014,Mortality,5305,477.45
190304,Upper Kuskokwim River,2015,Defoliation,77339,6960.51
190304,Upper Kuskokwim River,2015,Mortality,9088,817.92
190304,Upper Kuskokwim River,2016,Branch flagging,39,3.51
190304,Upper Kuskokwim River,2016,Crown Dieback,395,35.55
190304,Upper Kuskokwim River,2016,Defoliation 50-75% of leaves defoliated,23662,2129.58
190304,Upper Kuskokwim River,2016,Defoliation > 75% of leaves defoliated,23954,2155.86
190304,Upper Kuskokwim River,2016,Mortality,1088,97.92
190304,Upper Kuskokwim River,2017,Branch flagging,398,35.82
190304,Upper Kuskokwim River,2017,Defoliation 50-75% of leaves defoliated,2766,248.94
190304,Upper Kuskokwim River,2017,Defoliation > 75% of leaves defoliated,657,59.13
190304,Upper Kuskokwim River,2017,Mortality,19327,1739.43
190304,Upper Kuskokwim River,2018,Crown Dieback,333,29.97
190304,Upper Kuskokwim River,2018,Defoliation 50-75% of leaves defoliated,6995,629.55
190304,Upper Kuskokwim River,2018,Defoliation > 75% of leaves defoliated,6157,554.13
190304,Upper Kuskokwim River,2018,Mortality,6064,545.76
190304,Upper Kuskokwim River,2019,Crown Dieback,828,74.52
190304,Upper Kuskokwim River,2019,Crown Discoloration,174234,15681.06
190304,Upper Kuskokwim River,2019,Defoliation 50-75% of leaves defoliated,129,11.61
190304,Upper Kuskokwim River,2019,Defoliation > 75% of leaves defoliated,2003,180.27
190304,Upper Kuskokwim River,2019,Mortality,2496,224.64
190304,Upper Kuskokwim River,2021,Crown Discoloration,195,17.55
190304,Upper Kuskokwim River,2021,Defoliation 50-75% of leaves defoliated,1460,131.4
190304,Upper Kuskokwim River,2021,Mortality,109,9.81
190304,Upper Kuskokwim River,2023,Crown Dieback,8,0.72
190304,Upper Kuskokwim River,2023,Defoliation 50-75% of leaves defoliated,1163,104.67
190304,Upper Kuskokwim River,2023,Defoliation > 75% of leaves defoliated,48,4.32
190304,Upper Kuskokwim River,2023,Mortality,388,34.92
190204,Knik Arm,1997,Defoliation,24981,2248.29
190204,Knik Arm,1997,Mortality,245045,22054.05
190204,Knik Arm,1998,Defoliation,91,8.19
190204,Knik Arm,1998,Mortality,73485,6613.65
190204,Knik Arm,1999,Defoliation,4385,394.65
190204,Knik Arm,1999,Mortality,57943,5214.87
190204,Knik Arm,2000,Mortality,73399,6605.91
190204,Knik Arm,2001,Defoliation,19050,1714.5
190204,Knik Arm,2001,Mortality,86383,7774.47
190204,Knik Arm,2002,Defoliation,132050,11884.5
190204,Knik Arm,2002,Mortality,6507,585.63
190204,Knik Arm,2003,Defoliation,156275,14064.75
190204,Knik Arm,2003,Main stem Broken or Uprooted,175,15.75
190204,Knik Arm,2003,Mortality,115,10.35
190204,Knik Arm,2004,Defoliation,627348,56461.32
190204,Knik Arm,2004,Mortality,40092,3608.28
190204,Knik Arm,2005,Crown Dieback,4081,367.29
190204,Knik Arm,2005,Defoliation,211050,18994.5
190204,Knik Arm,2005,Main stem Broken or Uprooted,569,51.21
190204,Knik Arm,2005,Mortality,7980,718.2
190204,Knik Arm,2006,Defoliation,42730,3845.7
190204,Knik Arm,2006,Mortality,3286,295.74
190204,Knik Arm,2007,Defoliation,64372,5793.48
190204,Knik Arm,2007,Mortality,904,81.36
190204,Knik Arm,2008,Mortality,542,48.78
190204,Knik Arm,2009,Defoliation,3081,277.29
190204,Knik Arm,2009,Mortality,163,14.67
190204,Knik Arm,2010,Crown Dieback,77931,7013.79
190204,Knik Arm,2010,Defoliation,6324,569.16
190204,Knik Arm,2010,Mortality,23,2.07
190204,Knik Arm,2011,Crown Dieback,33611,3024.99
190204,Knik Arm,2011,Defoliation,89024,8012.16
190204,Knik Arm,2012,Defoliation,28786,2590.74
190204,Knik Arm,2013,Crown Dieback,22071,1986.39
190204,Knik Arm,2013,Defoliation,38102,3429.18
190204,Knik Arm,2013,Mortality,959,86.31
190204,Knik Arm,2014,Crown Dieback,2360,212.4
190204,Knik Arm,2014,Defoliation,26050,2344.5
190204,Knik Arm,2014,Mortality,640,57.6
190204,Knik Arm,2015,Crown Dieback,4967,447.03
190204,Knik Arm,2015,Crown Discoloration,1449,130.41
190204,Knik Arm,2015,Defoliation,51782,4660.38
190204,Knik Arm,2015,Mortality,4718,424.62
190204,Knik Arm,2016,Crown Dieback,5149,463.41
190204,Knik Arm,2016,Defoliation 50-75% of leaves defoliated,71562,6440.58
190204,Knik Arm,2016,Defoliation < 50% of leaves defoliated,180,16.2
190204,Knik Arm,2016,Defoliation > 75% of leaves defoliated,6060,545.4
190204,Knik Arm,2016,Mortality,11401,1026.09
190204,Knik Arm,2017,Crown Dieback,33,2.97
190204,Knik Arm,2017,Crown Discoloration,84,7.56
190204,Knik Arm,2017,Defoliation 50-75% of leaves defoliated,1247,112.23
190204,Knik Arm,2017,Defoliation > 75% of leaves defoliated,956,86.04
190204,Knik Arm,2017,Mortality,46263,4163.67
190204,Knik Arm,2018,Crown Dieback,17,1.53
190204,Knik Arm,2018,Defoliation 50-75% of leaves defoliated,73449,6610.41
190204,Knik Arm,2018,Defoliation > 75% of leaves defoliated,309815,27883.35
190204,Knik Arm,2018,Mortality,41602,3744.18
190204,Knik Arm,2019,Branch flagging,21,1.89
190204,Knik Arm,2019,Crown Dieback,324,29.16
190204,Knik Arm,2019,Crown Discoloration,998,89.82
190204,Knik Arm,2019,Defoliation 50-75% of leaves defoliated,53313,4798.17
190204,Knik Arm,2019,Defoliation > 75% of leaves defoliated,377306,33957.54
190204,Knik Arm,2019,Mortality,36835,3315.15
190204,Knik Arm,2019,Other Damage (known),263,23.67
190204,Knik Arm,2020,Crown Dieback,14,1.26
190204,Knik Arm,2020,Defoliation 50-75% of leaves defoliated,1348,121.32
190204,Knik Arm,2020,Defoliation > 75% of leaves defoliated,21,1.89
190204,Knik Arm,2020,Main stem Broken or Uprooted,7,0.63
190204,Knik Arm,2020,Mortality,330795,29771.55
190204,Knik Arm,2020,Mortality - Previously Undocumented,21142,1902.78
190204,Knik Arm,2021,Crown Dieback,104,9.36
190204,Knik Arm,2021,Crown Discoloration,4113,370.17
190204,Knik Arm,2021,Defoliation 50-75% of leaves defoliated,4331,389.79
190204,Knik Arm,2021,Mortality,72927,6563.43
190204,Knik Arm,2021,Mortality - Previously Undocumented,16331,1469.79
190204,Knik Arm,2022,Branch flagging,30,2.7
190204,Knik Arm,2022,Crown Dieback,1006,90.54
190204,Knik Arm,2022,Defoliation 50-75% of leaves defoliated,110,9.9
190204,Knik Arm,2022,Defoliation > 75% of leaves defoliated,5,0.45
190204,Knik Arm,2022,Mortality,8282,745.38
190204,Knik Arm,2022,Mortality - Previously Undocumented,79910,7191.9
190204,Knik Arm,2023,Branch flagging,344,30.96
190204,Knik Arm,2023,Crown Discoloration,10239,921.51
190204,Knik Arm,2023,Defoliation 50-75% of leaves defoliated,527,47.43
190204,Knik Arm,2023,Defoliation > 75% of leaves defoliated,206,18.54
190204,Knik Arm,2023,Mortality,4506,405.54
190204,Knik Arm,2023,Mortality - Previously Undocumented,27039,2433.51
190204,Knik Arm,2024,Defoliation 50-75% of leaves defoliated,97,8.73
190204,Knik Arm,2024,Mortality,601,54.09
190204,Knik Arm,2024,Mortality - Previously Undocumented,7134,642.06
190204,Knik Arm,2024,Other Damage (known),29,2.61
190204,Knik Arm,2025,Branch Breakage,88,7.92
190204,Knik Arm,2025,Branch flagging,16,1.44
190204,Knik Arm,2025,Defoliation 50-75% of leaves defoliated,5609,504.81
190204,Knik Arm,2025,Defoliation > 75% of leaves defoliated,11036,993.24
190204,Knik Arm,2025,Mortality,819,73.71
190305,Lower Kuskokwim River,1998,Mortality,493,44.37
190305,Lower Kuskokwim River,1999,Defoliation,1186,106.74
190305,Lower Kuskokwim River,1999,Mortality,2434,219.06
190305,Lower Kuskokwim River,2000,Defoliation,41406,3726.54
190305,Lower Kuskokwim River,2000,Mortality,24157,2174.13
190305,Lower Kuskokwim River,2001,Mortality,2131,191.79
190305,Lower Kuskokwim River,2002,Mortality,3838,345.42
190305,Lower Kuskokwim River,2003,Defoliation,9396,845.64
190305,Lower Kuskokwim River,2003,Mortality,8502,765.18
190305,Lower Kuskokwim River,2004,Defoliation,1041,93.69
190305,Lower Kuskokwim River,2004,Mortality,1253,112.77
190305,Lower Kuskokwim River,2005,Defoliation,38632,3476.88
190305,Lower Kuskokwim River,2005,Mortality,74260,6683.4
190305,Lower Kuskokwim River,2006,Defoliation,16703,1503.27
190305,Lower Kuskokwim River,2006,Mortality,31038,2793.42
190305,Lower Kuskokwim River,2007,Defoliation,14212,1279.08
190305,Lower Kuskokwim River,2007,Mortality,12787,1150.83
190305,Lower Kuskokwim River,2008,Mortality,1149,103.41
190305,Lower Kuskokwim River,2009,Crown Dieback,430,38.7
190305,Lower Kuskokwim River,2009,Defoliation,969,87.21
190305,Lower Kuskokwim River,2009,Mortality,54,4.86
190305,Lower Kuskokwim River,2010,Crown Dieback,17053,1534.77
190305,Lower Kuskokwim River,2010,Crown Discoloration,97,8.73
190305,Lower Kuskokwim River,2010,Defoliation,17718,1594.62
190305,Lower Kuskokwim River,2010,Mortality,6227,560.43
190305,Lower Kuskokwim River,2011,Crown Dieback,885,79.65
190305,Lower Kuskokwim River,2011,Crown Discoloration,20,1.8
190305,Lower Kuskokwim River,2011,Defoliation,20,1.8
190305,Lower Kuskokwim River,2011,Main stem Broken or Uprooted,37,3.33
190305,Lower Kuskokwim River,2011,Mortality,110,9.9
190305,Lower Kuskokwim River,2012,Crown Dieback,234,21.06
190305,Lower Kuskokwim River,2012,Defoliation,145221,13069.89
190305,Lower Kuskokwim River,2012,Mortality,28,2.52
190305,Lower Kuskokwim River,2013,Crown Dieback,204,18.36
190305,Lower Kuskokwim River,2013,Defoliation,373340,33600.6
190305,Lower Kuskokwim River,2013,Mortality,56,5.04
190305,Lower Kuskokwim River,2014,Defoliation,43006,3870.54
190305,Lower Kuskokwim River,2014,Mortality,1479,133.11
190305,Lower Kuskokwim River,2015,Defoliation,99294,8936.46
190305,Lower Kuskokwim River,2015,Mortality,4711,423.99
190305,Lower Kuskokwim River,2016,Defoliation 50-75% of leaves defoliated,3973,357.57
190305,Lower Kuskokwim River,2016,Defoliation > 75% of leaves defoliated,21,1.89
190305,Lower Kuskokwim River,2016,Mortality,313,28.17
190305,Lower Kuskokwim River,2017,Defoliation 50-75% of leaves defoliated,1217,109.53
190305,Lower Kuskokwim River,2017,Defoliation > 75% of leaves defoliated,2915,262.35
190305,Lower Kuskokwim River,2017,Mortality,558,50.22
190305,Lower Kuskokwim River,2018,Defoliation 50-75% of leaves defoliated,2619,235.71
190305,Lower Kuskokwim River,2018,Mortality,6634,597.06
190305,Lower Kuskokwim River,2024,Defoliation 50-75% of leaves defoliated,19651,1768.59
190305,Lower Kuskokwim River,2024,Defoliation > 75% of leaves defoliated,4866,437.94
190201,Copper River,1997,Crown Discoloration,50,4.5
190201,Copper River,1997,Defoliation,31690,2852.1
190201,Copper River,1997,Mortality,439746,39577.14
190201,Copper River,1998,Crown Discoloration,1014,91.26
190201,Copper River,1998,Defoliation,119,10.71
190201,Copper River,1998,Mortality,44808,4032.72
190201,Copper River,1999,Defoliation,160,14.4
190201,Copper River,1999,Mortality,375607,33804.63
190201,Copper River,2000,Defoliation,7218,649.62
190201,Copper River,2000,Mortality,30243,2721.87
190201,Copper River,2001,Crown Discoloration,21324,1919.16
190201,Copper River,2001,Defoliation,45020,4051.8
190201,Copper River,2001,Mortality,89798,8081.82
190201,Copper River,2002,Defoliation,50,4.5
190201,Copper River,2002,Mortality,41684,3751.56
190201,Copper River,2003,Defoliation,54777,4929.93
190201,Copper River,2003,Main stem Broken or Uprooted,56,5.04
190201,Copper River,2003,Mortality,21671,1950.39
190201,Copper River,2004,Defoliation,1403,126.27
190201,Copper River,2004,Mortality,39053,3514.77
190201,Copper River,2005,Crown Dieback,956,86.04
190201,Copper River,2005,Crown Discoloration,4025,362.25
190201,Copper River,2005,Defoliation,86336,7770.24
190201,Copper River,2005,Main stem Broken or Uprooted,227,20.43
190201,Copper River,2005,Mortality,46027,4142.43
190201,Copper River,2006,Crown Discoloration,152,13.68
190201,Copper River,2006,Defoliation,215674,19410.66
190201,Copper River,2006,Mortality,11815,1063.35
190201,Copper River,2007,Defoliation,394284,35485.56
190201,Copper River,2007,Mortality,69288,6235.92
190201,Copper River,2008,Crown Dieback,194,17.46
190201,Copper River,2008,Defoliation,44822,4033.98
190201,Copper River,2008,Main stem Broken or Uprooted,114,10.26
190201,Copper River,2008,Mortality,19355,1741.95
190201,Copper River,2009,Defoliation,3414,307.26
190201,Copper River,2009,Mortality,1004,90.36
190201,Copper River,2010,Crown Dieback,21336,1920.24
190201,Copper River,2010,Defoliation,9731,875.79
190201,Copper River,2010,Mortality,7897,710.73
190201,Copper River,2011,Crown Dieback,263714,23734.26
190201,Copper River,2011,Crown Discoloration,1184,106.56
190201,Copper River,2011,Defoliation,244805,22032.45
190201,Copper River,2011,Mortality,3527,317.43
190201,Copper River,2012,Mortality,452,40.68
190201,Copper River,2013,Crown Dieback,2897,260.73
190201,Copper River,2013,Crown Discoloration,403,36.27
190201,Copper River,2013,Defoliation,29,2.61
190201,Copper River,2013,Mortality,5767,519.03
190201,Copper River,2014,Crown Dieback,402,36.18
190201,Copper River,2014,Defoliation,43756,3938.04
190201,Copper River,2014,Mortality,3936,354.24
190201,Copper River,2015,Crown Dieback,1821,163.89
190201,Copper River,2015,Defoliation,130730,11765.7
190201,Copper River,2015,Main stem Broken or Uprooted,101,9.09
190201,Copper River,2015,Mortality,1685,151.65
190201,Copper River,2016,Crown Dieback,1212,109.08
190201,Copper River,2016,Defoliation 50-75% of leaves defoliated,25693,2312.37
190201,Copper River,2016,Defoliation > 75% of leaves defoliated,22683,2041.47
190201,Copper River,2016,Mortality,711,63.99
190201,Copper River,2017,Branch flagging,330,29.7
190201,Copper River,2017,Crown Dieback,2942,264.78
190201,Copper River,2017,Defoliation 50-75% of leaves defoliated,7046,634.14
190201,Copper River,2017,Defoliation > 75% of leaves defoliated,30667,2760.03
190201,Copper River,2017,Mortality,923,83.07
190201,Copper River,2018,Branch flagging,10,0.9
190201,Copper River,2018,Crown Dieback,949,85.41
190201,Copper River,2018,Defoliation 50-75% of leaves defoliated,68609,6174.81
190201,Copper River,2018,Defoliation > 75% of leaves defoliated,546,49.14
190201,Copper River,2018,Mortality,584,52.56
190201,Copper River,2019,Branch flagging,252,22.68
190201,Copper River,2019,Crown Dieback,2131,191.79
190201,Copper River,2019,Crown Discoloration,7,0.63
190201,Copper River,2019,Defoliation 50-75% of leaves defoliated,23849,2146.41
190201,Copper River,2019,Defoliation > 75% of leaves defoliated,12752,1147.68
190201,Copper River,2019,Mortality,261,23.49
190201,Copper River,2020,Branch flagging,89,8.01
190201,Copper River,2020,Defoliation 50-75% of leaves defoliated,12788,1150.92
190201,Copper River,2020,Defoliation > 75% of leaves defoliated,6,0.54
190201,Copper River,2020,Mortality,11,0.99
190201,Copper River,2021,Branch flagging,25,2.25
190201,Copper River,2022,Crown Dieback,1932,173.88
190201,Copper River,2022,Defoliation 50-75% of leaves defoliated,126,11.34
190201,Copper River,2022,Mortality,904,81.36
190201,Copper River,2022,Mortality - Previously Undocumented,9927,893.43
190201,Copper River,2023,Crown Discoloration,25776,2319.84
190201,Copper River,2023,Defoliation 50-75% of leaves defoliated,142,12.78
190201,Copper River,2023,Defoliation > 75% of leaves defoliated,108,9.72
190201,Copper River,2023,Mortality,19765,1778.85
190201,Copper River,2023,Mortality - Previously Undocumented,13417,1207.53
190201,Copper River,2024,Branch flagging,22,1.98
190201,Copper River,2024,Crown Dieback,4754,427.86
190201,Copper River,2024,Crown Discoloration,26,2.34
190201,Copper River,2024,Defoliation 50-75% of leaves defoliated,34641,3117.69
190201,Copper River,2024,Defoliation > 75% of leaves defoliated,8373,753.57
190201,Copper River,2024,Main stem Broken or Uprooted,35,3.15
190201,Copper River,2024,Mortality,11230,1010.7
190201,Copper River,2025,Branch flagging,30,2.7
190201,Copper River,2025,Defoliation 50-75% of leaves defoliated,52,4.68
190201,Copper River,2025,Mortality,2804,252.36
190201,Copper River,2025,Mortality - Previously Undocumented,316,28.44
190201,Copper River,2025,Other Damage (known),30,2.7
190901,Koyukuk River,1997,Defoliation,1101,99.09
190901,Koyukuk River,1998,Defoliation,2464,221.76
190901,Koyukuk River,1999,Crown Discoloration,22,1.98
190901,Koyukuk River,1999,Defoliation,13417,1207.53
190901,Koyukuk River,1999,Mortality,1230,110.7
190901,Koyukuk River,2000,Defoliation,6635,597.15
190901,Koyukuk River,2000,Mortality,217,19.53
190901,Koyukuk River,2001,Defoliation,843,75.87
190901,Koyukuk River,2003,Defoliation,9343,840.87
190901,Koyukuk River,2003,Mortality,51,4.59
190901,Koyukuk River,2004,Defoliation,3452,310.68
190901,Koyukuk River,2005,Defoliation,10133,911.97
190901,Koyukuk River,2005,Mortality,62,5.58
190901,Koyukuk River,2006,Defoliation,118381,10654.29
190901,Koyukuk River,2006,Mortality,101,9.09
190901,Koyukuk River,2007,Defoliation,12033,1082.97
190901,Koyukuk River,2007,Mortality,15552,1399.68
190901,Koyukuk River,2008,Defoliation,17205,1548.45
190901,Koyukuk River,2008,Mortality,31498,2834.82
190901,Koyukuk River,2009,Crown Dieback,435,39.15
190901,Koyukuk River,2009,Defoliation,91561,8240.49
190901,Koyukuk River,2009,Mortality,11511,1035.99
190901,Koyukuk River,2010,Crown Dieback,1365,122.85
190901,Koyukuk River,2010,Crown Discoloration,20,1.8
190901,Koyukuk River,2010,Defoliation,330350,29731.5
190901,Koyukuk River,2010,Main stem Broken or Uprooted,1191,107.19
190901,Koyukuk River,2010,Mortality,4999,449.91
190901,Koyukuk River,2011,Crown Dieback,205,18.45
190901,Koyukuk River,2011,Crown Discoloration,2235,201.15
190901,Koyukuk River,2011,Defoliation,27628,2486.52
190901,Koyukuk River,2011,Mortality,4146,373.14
190901,Koyukuk River,2012,Crown Discoloration,218,19.62
190901,Koyukuk River,2012,Defoliation,25134,2262.06
190901,Koyukuk River,2012,Mortality,629,56.61
190901,Koyukuk River,2013,Crown Dieback,332,29.88
190901,Koyukuk River,2013,Defoliation,42800,3852.0
190901,Koyukuk River,2013,Mortality,11485,1033.65
190901,Koyukuk River,2014,Crown Discoloration,2824,254.16
190901,Koyukuk River,2014,Defoliation,100487,9043.83
190901,Koyukuk River,2014,Mortality,900,81.0
190901,Koyukuk River,2015,Defoliation,87671,7890.39
190901,Koyukuk River,2015,Main stem Broken or Uprooted,79,7.11
190901,Koyukuk River,2015,Mortality,7828,704.52
190901,Koyukuk River,2016,Defoliation 50-75% of leaves defoliated,101220,9109.8
190901,Koyukuk River,2016,Defoliation > 75% of leaves defoliated,73604,6624.36
190901,Koyukuk River,2016,Mortality,960,86.4
190901,Koyukuk River,2017,Branch flagging,73,6.57
190901,Koyukuk River,2017,Crown Dieback,241,21.69
190901,Koyukuk River,2017,Defoliation 50-75% of leaves defoliated,54254,4882.86
190901,Koyukuk River,2017,Defoliation > 75% of leaves defoliated,6546,589.14
190901,Koyukuk River,2017,Mortality,324,29.16
190901,Koyukuk River,2018,Branch flagging,494,44.46
190901,Koyukuk River,2018,Defoliation 50-75% of leaves defoliated,24804,2232.36
190901,Koyukuk River,2018,Defoliation > 75% of leaves defoliated,21242,1911.78
190901,Koyukuk River,2018,Mortality,676,60.84
190901,Koyukuk River,2021,Defoliation 50-75% of leaves defoliated,9683,871.47
190901,Koyukuk River,2021,Defoliation > 75% of leaves defoliated,1539,138.51
190901,Koyukuk River,2021,Mortality,244,21.96
190901,Koyukuk River,2022,Defoliation 50-75% of leaves defoliated,1121,100.89
190901,Koyukuk River,2022,Defoliation > 75% of leaves defoliated,3260,293.4
190802,Chandalar-Christian River,1998,Crown Discoloration,448,40.32
190802,Chandalar-Christian River,1998,Defoliation,160865,14477.85
190802,Chandalar-Christian River,1998,Mortality,1195,107.55
190802,Chandalar-Christian River,1999,Defoliation,186570,16791.3
190802,Chandalar-Christian River,1999,Mortality,384,34.56
190802,Chandalar-Christian River,2000,Defoliation,187040,16833.6
190802,Chandalar-Christian River,2001,Defoliation,1955,175.95
190802,Chandalar-Christian River,2001,Mortality,320,28.8
190802,Chandalar-Christian River,2003,Mortality,1776,159.84
190802,Chandalar-Christian River,2005,Defoliation,328095,29528.55
190802,Chandalar-Christian River,2005,Mortality,346,31.14
190802,Chandalar-Christian River,2006,Crown Discoloration,14,1.26
190802,Chandalar-Christian River,2006,Defoliation,179855,16186.95
190802,Chandalar-Christian River,2006,Mortality,25821,2323.89
190802,Chandalar-Christian River,2007,Defoliation,10971,987.39
190802,Chandalar-Christian River,2007,Mortality,16667,1500.03
190802,Chandalar-Christian River,2008,Defoliation,21601,1944.09
190802,Chandalar-Christian River,2008,Mortality,34417,3097.53
190802,Chandalar-Christian River,2009,Defoliation,134651,12118.59
190802,Chandalar-Christian River,2009,Mortality,37269,3354.21
190802,Chandalar-Christian River,2010,Crown Dieback,4819,433.71
190802,Chandalar-Christian River,2010,Defoliation,362681,32641.29
190802,Chandalar-Christian River,2010,Mortality,22913,2062.17
190802,Chandalar-Christian River,2011,Crown Dieback,1175,105.75
190802,Chandalar-Christian River,2011,Defoliation,32635,2937.15
190802,Chandalar-Christian River,2011,Mortality,13141,1182.69
190802,Chandalar-Christian River,2013,Crown Dieback,3968,357.12
190802,Chandalar-Christian River,2013,Crown Discoloration,3487,313.83
190802,Chandalar-Christian River,2013,Defoliation,4337,390.33
190802,Chandalar-Christian River,2013,Mortality,8600,774.0
190802,Chandalar-Christian River,2014,Crown Discoloration,771,69.39
190802,Chandalar-Christian River,2014,Defoliation,51577,4641.93
190802,Chandalar-Christian River,2014,Mortality,83,7.47
190802,Chandalar-Christian River,2015,Crown Dieback,248,22.32
190802,Chandalar-Christian River,2015,Defoliation,4858,437.22
190802,Chandalar-Christian River,2015,Mortality,457,41.13
190802,Chandalar-Christian River,2016,Crown Dieback,459,41.31
190802,Chandalar-Christian River,2016,Defoliation 50-75% of leaves defoliated,9350,841.5
190802,Chandalar-Christian River,2016,Defoliation > 75% of leaves defoliated,4588,412.92
190802,Chandalar-Christian River,2017,Defoliation 50-75% of leaves defoliated,26675,2400.75
190802,Chandalar-Christian River,2017,Defoliation > 75% of leaves defoliated,1093,98.37
190802,Chandalar-Christian River,2017,Mortality,319,28.71
190802,Chandalar-Christian River,2018,Branch flagging,55,4.95
190802,Chandalar-Christian River,2018,Defoliation 50-75% of leaves defoliated,7959,716.31
190802,Chandalar-Christian River,2018,Defoliation > 75% of leaves defoliated,1084,97.56
190802,Chandalar-Christian River,2019,Defoliation 50-75% of leaves defoliated,2384,214.56
190802,Chandalar-Christian River,2019,Defoliation > 75% of leaves defoliated,5926,533.34
190802,Chandalar-Christian River,2019,Mortality,36,3.24
190802,Chandalar-Christian River,2024,Defoliation 50-75% of leaves defoliated,3729,335.61
190802,Chandalar-Christian River,2024,Defoliation > 75% of leaves defoliated,30333,2729.97
190802,Chandalar-Christian River,2024,Mortality,297,26.73
190802,Chandalar-Christian River,2024,Mortality - Previously Undocumented,240,21.6
190804,Beaver Creek-Yukon River,1997,Defoliation,10955,985.95
190804,Beaver Creek-Yukon River,1997,Mortality,9925,893.25
190804,Beaver Creek-Yukon River,1998,Crown Discoloration,2047,184.23
190804,Beaver Creek-Yukon River,1998,Defoliation,116906,10521.54
190804,Beaver Creek-Yukon River,1998,Mortality,5241,471.69
190804,Beaver Creek-Yukon River,1999,Defoliation,155443,13989.87
190804,Beaver Creek-Yukon River,1999,Mortality,574,51.66
190804,Beaver Creek-Yukon River,2000,Defoliation,64203,5778.27
190804,Beaver Creek-Yukon River,2000,Mortality,541,48.69
190804,Beaver Creek-Yukon River,2001,Defoliation,6908,621.72
190804,Beaver Creek-Yukon River,2001,Mortality,1043,93.87
190804,Beaver Creek-Yukon River,2002,Defoliation,3900,351.0
190804,Beaver Creek-Yukon River,2002,Mortality,334,30.06
190804,Beaver Creek-Yukon River,2003,Defoliation,51913,4672.17
190804,Beaver Creek-Yukon River,2004,Defoliation,1192228,107300.52
190804,Beaver Creek-Yukon River,2004,Mortality,1733,155.97
190804,Beaver Creek-Yukon River,2005,Defoliation,415998,37439.82
190804,Beaver Creek-Yukon River,2005,Mortality,976,87.84
190804,Beaver Creek-Yukon River,2006,Defoliation,351276,31614.84
190804,Beaver Creek-Yukon River,2006,Mortality,2177,195.93
190804,Beaver Creek-Yukon River,2007,Defoliation,295237,26571.33
190804,Beaver Creek-Yukon River,2007,Mortality,36978,3328.02
190804,Beaver Creek-Yukon River,2008,Defoliation,171734,15456.06
190804,Beaver Creek-Yukon River,2008,Mortality,51775,4659.75
190804,Beaver Creek-Yukon River,2009,Defoliation,89127,8021.43
190804,Beaver Creek-Yukon River,2009,Mortality,9543,858.87
190804,Beaver Creek-Yukon River,2010,Crown Dieback,1928,173.52
190804,Beaver Creek-Yukon River,2010,Crown Discoloration,207,18.63
190804,Beaver Creek-Yukon River,2010,Defoliation,834842,75135.78
190804,Beaver Creek-Yukon River,2010,Mortality,33588,3022.92
190804,Beaver Creek-Yukon River,2011,Crown Dieback,5550,499.5
190804,Beaver Creek-Yukon River,2011,Defoliation,172191,15497.19
190804,Beaver Creek-Yukon River,2011,Mortality,2889,260.01
190804,Beaver Creek-Yukon River,2012,Crown Dieback,12577,1131.93
190804,Beaver Creek-Yukon River,2012,Defoliation,41054,3694.86
190804,Beaver Creek-Yukon River,2012,Main stem Broken or Uprooted,118,10.62
190804,Beaver Creek-Yukon River,2012,Mortality,7522,676.98
190804,Beaver Creek-Yukon River,2013,Crown Dieback,18038,1623.42
190804,Beaver Creek-Yukon River,2013,Defoliation,167916,15112.44
190804,Beaver Creek-Yukon River,2013,Mortality,9891,890.19
190804,Beaver Creek-Yukon River,2014,Crown Dieback,3113,280.17
190804,Beaver Creek-Yukon River,2014,Defoliation,233395,21005.55
190804,Beaver Creek-Yukon River,2014,Mortality,12848,1156.32
190804,Beaver Creek-Yukon River,2015,Crown Dieback,11072,996.48
190804,Beaver Creek-Yukon River,2015,Defoliation,120164,10814.76
190804,Beaver Creek-Yukon River,2015,Mortality,12158,1094.22
190804,Beaver Creek-Yukon River,2016,Branch flagging,133,11.97
190804,Beaver Creek-Yukon River,2016,Crown Dieback,1574,141.66
190804,Beaver Creek-Yukon River,2016,Defoliation 50-75% of leaves defoliated,269855,24286.95
190804,Beaver Creek-Yukon River,2016,Defoliation < 50% of leaves defoliated,8872,798.48
190804,Beaver Creek-Yukon River,2016,Defoliation > 75% of leaves defoliated,242244,21801.96
190804,Beaver Creek-Yukon River,2016,Mortality,8722,784.98
190804,Beaver Creek-Yukon River,2017,Crown Dieback,47,4.23
190804,Beaver Creek-Yukon River,2017,Defoliation 50-75% of leaves defoliated,47836,4305.24
190804,Beaver Creek-Yukon River,2017,Defoliation > 75% of leaves defoliated,29213,2629.17
190804,Beaver Creek-Yukon River,2017,Mortality,851,76.59
190804,Beaver Creek-Yukon River,2018,Crown Dieback,8,0.72
190804,Beaver Creek-Yukon River,2018,Defoliation 50-75% of leaves defoliated,119880,10789.2
190804,Beaver Creek-Yukon River,2018,Defoliation > 75% of leaves defoliated,49988,4498.92
190804,Beaver Creek-Yukon River,2018,Mortality,3876,348.84
190804,Beaver Creek-Yukon River,2019,Branch flagging,993,89.37
190804,Beaver Creek-Yukon River,2019,Defoliation 50-75% of leaves defoliated,50299,4526.91
190804,Beaver Creek-Yukon River,2019,Defoliation > 75% of leaves defoliated,37650,3388.5
190804,Beaver Creek-Yukon River,2019,Mortality,43,3.87
190804,Beaver Creek-Yukon River,2021,Defoliation 50-75% of leaves defoliated,144837,13035.33
190804,Beaver Creek-Yukon River,2021,Defoliation > 75% of leaves defoliated,76659,6899.31
190804,Beaver Creek-Yukon River,2021,Mortality,15012,1351.08
190804,Beaver Creek-Yukon River,2022,Defoliation 50-75% of leaves defoliated,9527,857.43
190804,Beaver Creek-Yukon River,2022,Defoliation > 75% of leaves defoliated,61161,5504.49
190804,Beaver Creek-Yukon River,2022,Mortality,4305,387.45
190804,Beaver Creek-Yukon River,2022,Mortality - Previously Undocumented,12145,1093.05
190804,Beaver Creek-Yukon River,2022,Other Damage (known),6814,613.26
190804,Beaver Creek-Yukon River,2024,Defoliation 50-75% of leaves defoliated,33375,3003.75
190804,Beaver Creek-Yukon River,2024,Defoliation > 75% of leaves defoliated,177295,15956.55
190804,Beaver Creek-Yukon River,2024,Mortality,8313,748.17
190804,Beaver Creek-Yukon River,2024,Mortality - Previously Undocumented,1796,161.64
190902,Melozitna River-Yukon River,1997,Defoliation,262077,23586.93
190902,Melozitna River-Yukon River,1997,Mortality,17647,1588.23
190902,Melozitna River-Yukon River,1998,Defoliation,435813,39223.17
190902,Melozitna River-Yukon River,1998,Mortality,47742,4296.78
190902,Melozitna River-Yukon River,1999,Defoliation,57938,5214.42
190902,Melozitna River-Yukon River,1999,Mortality,15461,1391.49
190902,Melozitna River-Yukon River,2000,Defoliation,48634,4377.06
190902,Melozitna River-Yukon River,2000,Mortality,15731,1415.79
190902,Melozitna River-Yukon River,2001,Defoliation,7678,691.02
190902,Melozitna River-Yukon River,2001,Mortality,53831,4844.79
190902,Melozitna River-Yukon River,2003,Defoliation,44346,3991.14
190902,Melozitna River-Yukon River,2003,Mortality,101292,9116.28
190902,Melozitna River-Yukon River,2004,Defoliation,114054,10264.86
190902,Melozitna River-Yukon River,2005,Defoliation,49922,4492.98
190902,Melozitna River-Yukon River,2005,Mortality,169,15.21
190902,Melozitna River-Yukon River,2006,Defoliation,130448,11740.32
190902,Melozitna River-Yukon River,2006,Mortality,760,68.4
190902,Melozitna River-Yukon River,2007,Defoliation,170357,15332.13
190902,Melozitna River-Yukon River,2007,Main stem Broken or Uprooted,18,1.62
190902,Melozitna River-Yukon River,2007,Mortality,8032,722.88
190902,Melozitna River-Yukon River,2008,Defoliation,29002,2610.18
190902,Melozitna River-Yukon River,2008,Mortality,3741,336.69
190902,Melozitna River-Yukon River,2009,Defoliation,159780,14380.2
190902,Melozitna River-Yukon River,2009,Mortality,19836,1785.24
190902,Melozitna River-Yukon River,2010,Crown Dieback,59,5.31
190902,Melozitna River-Yukon River,2010,Crown Discoloration,1798,161.82
190902,Melozitna River-Yukon River,2010,Defoliation,194641,17517.69
190902,Melozitna River-Yukon River,2010,Mortality,6096,548.64
190902,Melozitna River-Yukon River,2011,Crown Dieback,50494,4544.46
190902,Melozitna River-Yukon River,2011,Crown Discoloration,248,22.32
190902,Melozitna River-Yukon River,2011,Defoliation,54303,4887.27
190902,Melozitna River-Yukon River,2011,Mortality,765,68.85
190902,Melozitna River-Yukon River,2012,Crown Discoloration,41,3.69
190902,Melozitna River-Yukon River,2012,Defoliation,41227,3710.43
190902,Melozitna River-Yukon River,2012,Main stem Broken or Uprooted,86,7.74
190902,Melozitna River-Yukon River,2012,Mortality,37636,3387.24
190902,Melozitna River-Yukon River,2013,Defoliation,37897,3410.73
190902,Melozitna River-Yukon River,2013,Mortality,1400,126.0
190902,Melozitna River-Yukon River,2014,Defoliation,23016,2071.44
190902,Melozitna River-Yukon River,2014,Mortality,25887,2329.83
190902,Melozitna River-Yukon River,2015,Defoliation,56517,5086.53
190902,Melozitna River-Yukon River,2015,Mortality,9959,896.31
190902,Melozitna River-Yukon River,2016,Crown Dieback,541,48.69
190902,Melozitna River-Yukon River,2016,Defoliation 50-75% of leaves defoliated,26469,2382.21
190902,Melozitna River-Yukon River,2016,Defoliation > 75% of leaves defoliated,25630,2306.7
190902,Melozitna River-Yukon River,2016,Mortality,1076,96.84
190902,Melozitna River-Yukon River,2017,Branch flagging,45,4.05
190902,Melozitna River-Yukon River,2017,Crown Dieback,1726,155.34
190902,Melozitna River-Yukon River,2017,Defoliation 50-75% of leaves defoliated,13748,1237.32
190902,Melozitna River-Yukon River,2017,Defoliation > 75% of leaves defoliated,22172,1995.48
190902,Melozitna River-Yukon River,2017,Mortality,416,37.44
190902,Melozitna River-Yukon River,2018,Branch flagging,16,1.44
190902,Melozitna River-Yukon River,2018,Crown Dieback,158,14.22
190902,Melozitna River-Yukon River,2018,Crown Discoloration,1780,160.2
190902,Melozitna River-Yukon River,2018,Defoliation 50-75% of leaves defoliated,56981,5128.29
190902,Melozitna River-Yukon River,2018,Defoliation > 75% of leaves defoliated,19379,1744.11
190902,Melozitna River-Yukon River,2018,Mortality,7449,670.41
190902,Melozitna River-Yukon River,2021,Branch flagging,141,12.69
190902,Melozitna River-Yukon River,2021,Defoliation 50-75% of leaves defoliated,6031,542.79
190902,Melozitna River-Yukon River,2021,Mortality,124,11.16
190902,Melozitna River-Yukon River,2022,Defoliation 50-75% of leaves defoliated,271,24.39
190902,Melozitna River-Yukon River,2022,Defoliation > 75% of leaves defoliated,246,22.14
190902,Melozitna River-Yukon River,2024,Crown Discoloration,1415,127.35
190902,Melozitna River-Yukon River,2024,Defoliation 50-75% of leaves defoliated,13451,1210.59
190902,Melozitna River-Yukon River,2024,Defoliation > 75% of leaves defoliated,41306,3717.54
190902,Melozitna River-Yukon River,2024,Mortality,206895,18620.55
190903,Outlet Yukon River,1998,Mortality,20165,1814.85
190903,Outlet Yukon River,1999,Crown Discoloration,975,87.75
190903,Outlet Yukon River,1999,Defoliation,283535,25518.15
190903,Outlet Yukon River,1999,Mortality,2024,182.16
190903,Outlet Yukon River,2000,Defoliation,164121,14770.89
190903,Outlet Yukon River,2000,Mortality,58447,5260.23
190903,Outlet Yukon River,2001,Defoliation,75261,6773.49
190903,Outlet Yukon River,2002,Defoliation,17104,1539.36
190903,Outlet Yukon River,2003,Defoliation,150341,13530.69
190903,Outlet Yukon River,2004,Defoliation,21225,1910.25
190903,Outlet Yukon River,2004,Mortality,251,22.59
190903,Outlet Yukon River,2005,Defoliation,32748,2947.32
190903,Outlet Yukon River,2005,Mortality,3550,319.5
190903,Outlet Yukon River,2006,Defoliation,53347,4801.23
190903,Outlet Yukon River,2006,Mortality,1330,119.7
190903,Outlet Yukon River,2007,Defoliation,54256,4883.04
190903,Outlet Yukon River,2007,Main stem Broken or Uprooted,141,12.69
190903,Outlet Yukon River,2007,Mortality,615,55.35
190903,Outlet Yukon River,2008,Defoliation,25335,2280.15
190903,Outlet Yukon River,2008,Mortality,1698,152.82
190903,Outlet Yukon River,2009,Crown Dieback,57,5.13
190903,Outlet Yukon River,2009,Defoliation,38067,3426.03
190903,Outlet Yukon River,2009,Mortality,1926,173.34
190903,Outlet Yukon River,2010,Crown Dieback,6323,569.07
190903,Outlet Yukon River,2010,Defoliation,56333,5069.97
190903,Outlet Yukon River,2010,Mortality,569,51.21
190903,Outlet Yukon River,2011,Crown Dieback,1304,117.36
190903,Outlet Yukon River,2011,Crown Discoloration,60,5.4
190903,Outlet Yukon River,2011,Defoliation,6483,583.47
190903,Outlet Yukon River,2011,Mortality,1004,90.36
190903,Outlet Yukon River,2012,Crown Dieback,504,45.36
190903,Outlet Yukon River,2012,Defoliation,428,38.52
190903,Outlet Yukon River,2013,Defoliation,608153,54733.77
190903,Outlet Yukon River,2013,Mortality,137,12.33
190903,Outlet Yukon River,2014,Crown Dieback,97,8.73
190903,Outlet Yukon River,2014,Defoliation,472556,42530.04
190903,Outlet Yukon River,2014,Mortality,2142,192.78
190903,Outlet Yukon River,2015,Defoliation,399735,35976.15
190903,Outlet Yukon River,2015,Mortality,602,54.18
190903,Outlet Yukon River,2016,Defoliation 50-75% of leaves defoliated,105986,9538.74
190903,Outlet Yukon River,2016,Defoliation < 50% of leaves defoliated,288,25.92
190903,Outlet Yukon River,2016,Defoliation > 75% of leaves defoliated,114925,10343.25
190903,Outlet Yukon River,2017,Branch flagging,13,1.17
190903,Outlet Yukon River,2017,Defoliation 50-75% of leaves defoliated,39761,3578.49
190903,Outlet Yukon River,2017,Defoliation > 75% of leaves defoliated,131867,11868.03
190903,Outlet Yukon River,2017,Mortality,193,17.37
190903,Outlet Yukon River,2018,Crown Dieback,465,41.85
190903,Outlet Yukon River,2018,Crown Discoloration,17,1.53
190903,Outlet Yukon River,2018,Defoliation 50-75% of leaves defoliated,10485,943.65
190903,Outlet Yukon River,2018,Defoliation > 75% of leaves defoliated,312,28.08
190903,Outlet Yukon River,2018,Mortality,807,72.63
190803,Tanana River,1997,Crown Discoloration,43,3.87
190803,Tanana River,1997,Defoliation,437976,39417.84
190803,Tanana River,1997,Mortality,11714,1054.26
190803,Tanana River,1998,Crown Discoloration,3945,355.05
190803,Tanana River,1998,Defoliation,173789,15641.01
190803,Tanana River,1998,Mortality,45610,4104.9
190803,Tanana River,1999,Crown Discoloration,72,6.48
190803,Tanana River,1999,Defoliation,167030,15032.7
190803,Tanana River,1999,Mortality,10174,915.66
190803,Tanana River,2000,Defoliation,67061,6035.49
190803,Tanana River,2000,Mortality,574,51.66
190803,Tanana River,2001,Defoliation,121564,10940.76
190803,Tanana River,2001,Mortality,650255,58522.95
190803,Tanana River,2002,Defoliation,167228,15050.52
190803,Tanana River,2002,Mortality,1031,92.79
190803,Tanana River,2003,Defoliation,596063,53645.67
190803,Tanana River,2003,Mortality,190,17.1
190803,Tanana River,2004,Defoliation,2003148,180283.32
190803,Tanana River,2004,Mortality,117930,10613.7
190803,Tanana River,2005,Defoliation,1095909,98631.81
190803,Tanana River,2005,Mortality,1305,117.45
190803,Tanana River,2006,Defoliation,1753324,157799.16
190803,Tanana River,2006,Mortality,20628,1856.52
190803,Tanana River,2007,Defoliation,2630145,236713.05
190803,Tanana River,2007,Mortality,8729,785.61
190803,Tanana River,2008,Defoliation,790015,71101.35
190803,Tanana River,2008,Mortality,49469,4452.21
190803,Tanana River,2009,Defoliation,880660,79259.4
190803,Tanana River,2009,Mortality,6788,610.92
190803,Tanana River,2010,Crown Dieback,4868,438.12
190803,Tanana River,2010,Defoliation,1756775,158109.75
190803,Tanana River,2010,Main stem Broken or Uprooted,3296,296.64
190803,Tanana River,2010,Mortality,37855,3406.95
190803,Tanana River,2011,Crown Dieback,41659,3749.31
190803,Tanana River,2011,Crown Discoloration,178,16.02
190803,Tanana River,2011,Defoliation,517530,46577.7
190803,Tanana River,2011,Mortality,7491,674.19
190803,Tanana River,2012,Crown Dieback,29952,2695.68
190803,Tanana River,2012,Crown Discoloration,97,8.73
190803,Tanana River,2012,Defoliation,496626,44696.34
190803,Tanana River,2012,Main stem Broken or Uprooted,71,6.39
190803,Tanana River,2012,Mortality,20182,1816.38
190803,Tanana River,2013,Crown Dieback,29194,2627.46
190803,Tanana River,2013,Defoliation,201726,18155.34
190803,Tanana River,2013,Main stem Broken or Uprooted,13294,1196.46
190803,Tanana River,2013,Mortality,5430,488.7
190803,Tanana River,2014,Crown Dieback,6662,599.58
190803,Tanana River,2014,Defoliation,260491,23444.19
190803,Tanana River,2014,Main stem Broken or Uprooted,365,32.85
190803,Tanana River,2014,Mortality,18925,1703.25
190803,Tanana River,2015,Crown Dieback,6090,548.1
190803,Tanana River,2015,Defoliation,146317,13168.53
190803,Tanana River,2015,Mortality,16862,1517.58
190803,Tanana River,2016,Crown Dieback,3642,327.78
190803,Tanana River,2016,Defoliation 50-75% of leaves defoliated,199370,17943.3
190803,Tanana River,2016,Defoliation > 75% of leaves defoliated,302578,27232.02
190803,Tanana River,2016,Mortality,52467,4722.03
190803,Tanana River,2017,Crown Dieback,240,21.6
190803,Tanana River,2017,Crown Discoloration,5581,502.29
190803,Tanana River,2017,Defoliation 50-75% of leaves defoliated,295790,26621.1
190803,Tanana River,2017,Defoliation > 75% of leaves defoliated,342407,30816.63
190803,Tanana River,2017,Mortality,7957,716.13
190803,Tanana River,2018,Crown Dieback,5790,521.1
190803,Tanana River,2018,Crown Discoloration,556,50.04
190803,Tanana River,2018,Defoliation 50-75% of leaves defoliated,572288,51505.92
190803,Tanana River,2018,Defoliation > 75% of leaves defoliated,336855,30316.95
190803,Tanana River,2018,Mortality,53597,4823.73
190803,Tanana River,2019,Branch flagging,237,21.33
190803,Tanana River,2019,Crown Dieback,2475,222.75
190803,Tanana River,2019,Crown Discoloration,12983,1168.47
190803,Tanana River,2019,Defoliation 50-75% of leaves defoliated,281053,25294.77
190803,Tanana River,2019,Defoliation < 50% of leaves defoliated,222,19.98
190803,Tanana River,2019,Defoliation > 75% of leaves defoliated,327303,29457.27
190803,Tanana River,2019,Mortality,11132,1001.88
190803,Tanana River,2020,Crown Discoloration,2090,188.1
190803,Tanana River,2020,Defoliation 50-75% of leaves defoliated,38654,3478.86
190803,Tanana River,2020,Defoliation > 75% of leaves defoliated,113388,10204.92
190803,Tanana River,2020,Mortality,5442,489.78
190803,Tanana River,2021,Crown Discoloration,460,41.4
190803,Tanana River,2021,Defoliation 50-75% of leaves defoliated,409644,36867.96
190803,Tanana River,2021,Defoliation > 75% of leaves defoliated,213172,19185.48
190803,Tanana River,2021,Mortality,191846,17266.14
190803,Tanana River,2021,Mortality - Previously Undocumented,7382,664.38
190803,Tanana River,2022,Crown Discoloration,2660,239.4
190803,Tanana River,2022,Defoliation 50-75% of leaves defoliated,121391,10925.19
190803,Tanana River,2022,Defoliation > 75% of leaves defoliated,151573,13641.57
190803,Tanana River,2022,Main stem Broken or Uprooted,2019,181.71
190803,Tanana River,2022,Mortality,69145,6223.05
190803,Tanana River,2022,Mortality - Previously Undocumented,10254,922.86
190803,Tanana River,2022,Other Damage (known),332,29.88
190803,Tanana River,2023,Crown Dieback,789,71.01
190803,Tanana River,2023,Defoliation 50-75% of leaves defoliated,131547,11839.23
190803,Tanana River,2023,Defoliation < 50% of leaves defoliated,1613,145.17
190803,Tanana River,2023,Defoliation > 75% of leaves defoliated,296087,26647.83
190803,Tanana River,2023,Mortality,155326,13979.34
190803,Tanana River,2023,Mortality - Previously Undocumented,101012,9091.08
190803,Tanana River,2024,Crown Dieback,22,1.98
190803,Tanana River,2024,Crown Discoloration,9440,849.6
190803,Tanana River,2024,Defoliation 50-75% of leaves defoliated,436790,39311.1
190803,Tanana River,2024,Defoliation > 75% of leaves defoliated,493345,44401.05
190803,Tanana River,2024,Mortality,81964,7376.76
190803,Tanana River,2024,Mortality - Previously Undocumented,3227,290.43
190803,Tanana River,2025,Branch Breakage,7588,682.92
190803,Tanana River,2025,Crown Dieback,45,4.05
190803,Tanana River,2025,Defoliation 50-75% of leaves defoliated,204979,18448.11
190803,Tanana River,2025,Defoliation > 75% of leaves defoliated,175635,15807.15
190803,Tanana River,2025,Mortality,31374,2823.66
190803,Tanana River,2025,Mortality - Previously Undocumented,8252,742.68
190803,Tanana River,2025,Other Damage (known),937,84.33
190801,Porcupine River,1998,Crown Discoloration,2862,257.58
190801,Porcupine River,1998,Defoliation,219902,19791.18
190801,Porcupine River,1999,Defoliation,292533,26327.97
190801,Porcupine River,1999,Mortality,603737,54336.33
190801,Porcupine River,2000,Defoliation,9902,891.18
190801,Porcupine River,2001,Defoliation,35033,3152.97
190801,Porcupine River,2001,Mortality,87,7.83
190801,Porcupine River,2002,Defoliation,1058999,95309.91
190801,Porcupine River,2002,Mortality,181,16.29
190801,Porcupine River,2003,Defoliation,1022157,91994.13
190801,Porcupine River,2003,Mortality,80,7.2
190801,Porcupine River,2004,Defoliation,78443,7059.87
190801,Porcupine River,2005,Defoliation,1166253,104962.77
190801,Porcupine River,2005,Mortality,2016,181.44
190801,Porcupine River,2006,Crown Discoloration,367,33.03
190801,Porcupine River,2006,Defoliation,71683,6451.47
190801,Porcupine River,2006,Mortality,1567,141.03
190801,Porcupine River,2007,Defoliation,137141,12342.69
190801,Porcupine River,2007,Mortality,35622,3205.98
190801,Porcupine River,2008,Defoliation,217628,19586.52
190801,Porcupine River,2008,Mortality,25960,2336.4
190801,Porcupine River,2009,Defoliation,531883,47869.47
190801,Porcupine River,2009,Mortality,47433,4268.97
190801,Porcupine River,2010,Crown Dieback,19011,1710.99
190801,Porcupine River,2010,Defoliation,877460,78971.4
190801,Porcupine River,2010,Mortality,21243,1911.87
190801,Porcupine River,2011,Defoliation,27139,2442.51
190801,Porcupine River,2011,Mortality,1119,100.71
190801,Porcupine River,2012,Crown Dieback,21908,1971.72
190801,Porcupine River,2012,Defoliation,82672,7440.48
190801,Porcupine River,2012,Mortality,11326,1019.34
190801,Porcupine River,2013,Crown Dieback,4509,405.81
190801,Porcupine River,2013,Crown Discoloration,176,15.84
190801,Porcupine River,2013,Defoliation,97581,8782.29
190801,Porcupine River,2013,Mortality,459,41.31
190801,Porcupine River,2014,Crown Dieback,18182,1636.38
190801,Porcupine River,2014,Defoliation,161357,14522.13
190801,Porcupine River,2014,Mortality,6846,616.14
190801,Porcupine River,2015,Crown Dieback,2395,215.55
190801,Porcupine River,2015,Defoliation,77545,6979.05
190801,Porcupine River,2015,Mortality,2230,200.7
190801,Porcupine River,2016,Crown Dieback,3276,294.84
190801,Porcupine River,2016,Defoliation 50-75% of leaves defoliated,141682,12751.38
190801,Porcupine River,2016,Defoliation > 75% of leaves defoliated,191453,17230.77
190801,Porcupine River,2016,Main stem Broken or Uprooted,2073,186.57
190801,Porcupine River,2016,Mortality,2125,191.25
190801,Porcupine River,2016,Topkill,1775,159.75
190801,Porcupine River,2017,Defoliation 50-75% of leaves defoliated,1731,155.79
190801,Porcupine River,2017,Defoliation > 75% of leaves defoliated,21797,1961.73
190801,Porcupine River,2018,Defoliation 50-75% of leaves defoliated,497,44.73
190801,Porcupine River,2019,Branch flagging,8,0.72
190801,Porcupine River,2019,Defoliation 50-75% of leaves defoliated,36652,3298.68
190801,Porcupine River,2019,Defoliation > 75% of leaves defoliated,8567,771.03
190801,Porcupine River,2024,Defoliation 50-75% of leaves defoliated,30976,2787.84
190801,Porcupine River,2024,Defoliation > 75% of leaves defoliated,31214,2809.26
190801,Porcupine River,2024,Mortality,2948,265.32
190801,Porcupine River,2024,Mortality - Previously Undocumented,707,63.63
190705,Fortymile River-Yukon River,1998,Defoliation,1312,118.08
190705,Fortymile River-Yukon River,1998,Mortality,3734,336.06
190705,Fortymile River-Yukon River,1999,Defoliation,24353,2191.77
190705,Fortymile River-Yukon River,1999,Mortality,1355,121.95
190705,Fortymile River-Yukon River,2000,Defoliation,33584,3022.56
190705,Fortymile River-Yukon River,2000,Mortality,1994,179.46
190705,Fortymile River-Yukon River,2001,Defoliation,594,53.46
190705,Fortymile River-Yukon River,2001,Mortality,2782,250.38
190705,Fortymile River-Yukon River,2002,Defoliation,161119,14500.71
190705,Fortymile River-Yukon River,2002,Mortality,3281,295.29
190705,Fortymile River-Yukon River,2003,Defoliation,21390,1925.1
190705,Fortymile River-Yukon River,2004,Defoliation,74179,6676.11
190705,Fortymile River-Yukon River,2004,Mortality,5248,472.32
190705,Fortymile River-Yukon River,2005,Defoliation,132947,11965.23
190705,Fortymile River-Yukon River,2005,Mortality,464,41.76
190705,Fortymile River-Yukon River,2006,Crown Discoloration,57,5.13
190705,Fortymile River-Yukon River,2006,Defoliation,52040,4683.6
190705,Fortymile River-Yukon River,2006,Main stem Broken or Uprooted,64,5.76
190705,Fortymile River-Yukon River,2006,Mortality,1432,128.88
190705,Fortymile River-Yukon River,2007,Defoliation,69480,6253.2
190705,Fortymile River-Yukon River,2007,Mortality,60258,5423.22
190705,Fortymile River-Yukon River,2008,Defoliation,24860,2237.4
190705,Fortymile River-Yukon River,2008,Mortality,1541,138.69
190705,Fortymile River-Yukon River,2009,Defoliation,55697,5012.73
190705,Fortymile River-Yukon River,2009,Mortality,8661,779.49
190705,Fortymile River-Yukon River,2010,Defoliation,120855,10876.95
190705,Fortymile River-Yukon River,2010,Mortality,6397,575.73
190705,Fortymile River-Yukon River,2011,Defoliation,2759,248.31
190705,Fortymile River-Yukon River,2012,Crown Dieback,1224,110.16
190705,Fortymile River-Yukon River,2012,Defoliation,35604,3204.36
190705,Fortymile River-Yukon River,2012,Mortality,4676,420.84
190705,Fortymile River-Yukon River,2013,Crown Dieback,3986,358.74
190705,Fortymile River-Yukon River,2013,Defoliation,26882,2419.38
190705,Fortymile River-Yukon River,2013,Mortality,8335,750.15
190705,Fortymile River-Yukon River,2014,Crown Dieback,1544,138.96
190705,Fortymile River-Yukon River,2014,Defoliation,5504,495.36
190705,Fortymile River-Yukon River,2014,Main stem Broken or Uprooted,272,24.48
190705,Fortymile River-Yukon River,2014,Mortality,1230,110.7
190705,Fortymile River-Yukon River,2015,Crown Dieback,1436,129.24
190705,Fortymile River-Yukon River,2015,Defoliation,10347,931.23
190705,Fortymile River-Yukon River,2015,Mortality,1618,145.62
190705,Fortymile River-Yukon River,2016,Crown Dieback,6142,552.78
190705,Fortymile River-Yukon River,2016,Defoliation 50-75% of leaves defoliated,37324,3359.16
190705,Fortymile River-Yukon River,2016,Defoliation < 50% of leaves defoliated,148,13.32
190705,Fortymile River-Yukon River,2016,Defoliation > 75% of leaves defoliated,23479,2113.11
190705,Fortymile River-Yukon River,2016,Mortality,792,71.28
190705,Fortymile River-Yukon River,2017,Crown Dieback,2758,248.22
190705,Fortymile River-Yukon River,2017,Defoliation 50-75% of leaves defoliated,40440,3639.6
190705,Fortymile River-Yukon River,2017,Defoliation > 75% of leaves defoliated,62113,5590.17
190705,Fortymile River-Yukon River,2017,Mortality,1069,96.21
190705,Fortymile River-Yukon River,2018,Defoliation 50-75% of leaves defoliated,30670,2760.3
190705,Fortymile River-Yukon River,2018,Defoliation > 75% of leaves defoliated,23853,2146.77
190705,Fortymile River-Yukon River,2018,Mortality,3293,296.37
190705,Fortymile River-Yukon River,2019,Branch flagging,33,2.97
190705,Fortymile River-Yukon River,2019,Crown Discoloration,18,1.62
190705,Fortymile River-Yukon River,2019,Defoliation 50-75% of leaves defoliated,17804,1602.36
190705,Fortymile River-Yukon River,2019,Defoliation > 75% of leaves defoliated,14940,1344.6
190705,Fortymile River-Yukon River,2020,Defoliation 50-75% of leaves defoliated,12377,1113.93
190705,Fortymile River-Yukon River,2020,Defoliation > 75% of leaves defoliated,8065,725.85
190705,Fortymile River-Yukon River,2021,Defoliation 50-75% of leaves defoliated,21750,1957.5
190705,Fortymile River-Yukon River,2021,Defoliation > 75% of leaves defoliated,240,21.6
190705,Fortymile River-Yukon River,2022,Defoliation 50-75% of leaves defoliated,3992,359.28
190705,Fortymile River-Yukon River,2022,Defoliation > 75% of leaves defoliated,3606,324.54
190705,Fortymile River-Yukon River,2022,Mortality,610,54.9
190705,Fortymile River-Yukon River,2024,Crown Discoloration,1678,151.02
190705,Fortymile River-Yukon River,2024,Defoliation 50-75% of leaves defoliated,13383,1204.47
190705,Fortymile River-Yukon River,2024,Defoliation > 75% of leaves defoliated,27138,2442.42
190705,Fortymile River-Yukon River,2024,Mortality,3856,347.04
190102,Central Southeast Alaska,1997,Defoliation,19143,1722.87
190102,Central Southeast Alaska,1997,Main stem Broken or Uprooted,3274,294.66
190102,Central Southeast Alaska,1997,Mortality,5882,529.38
190102,Central Southeast Alaska,1997,Topkill,2859,257.31
190102,Central Southeast Alaska,1998,Defoliation,156693,14102.37
190102,Central Southeast Alaska,1998,Main stem Broken or Uprooted,149,13.41
190102,Central Southeast Alaska,1998,Mortality,483,43.47
190102,Central Southeast Alaska,1998,Topkill,46,4.14
190102,Central Southeast Alaska,1999,Defoliation,14845,1336.05
190102,Central Southeast Alaska,1999,Main stem Broken or Uprooted,830,74.7
190102,Central Southeast Alaska,1999,Mortality,562,50.58
190102,Central Southeast Alaska,1999,Topkill,1100,99.0
190102,Central Southeast Alaska,2000,Crown Discoloration,9604,864.36
190102,Central Southeast Alaska,2000,Defoliation,81287,7315.83
190102,Central Southeast Alaska,2000,Main stem Broken or Uprooted,1007,90.63
190102,Central Southeast Alaska,2000,Mortality,860,77.4
190102,Central Southeast Alaska,2001,Defoliation,49576,4461.84
190102,Central Southeast Alaska,2001,Main stem Broken or Uprooted,256,23.04
190102,Central Southeast Alaska,2001,Mortality,3928,353.52
190102,Central Southeast Alaska,2001,Topkill,127,11.43
190102,Central Southeast Alaska,2002,Defoliation,4720,424.8
190102,Central Southeast Alaska,2002,Main stem Broken or Uprooted,920,82.8
190102,Central Southeast Alaska,2002,Mortality,9089,818.01
190102,Central Southeast Alaska,2002,Topkill,435,39.15
190102,Central Southeast Alaska,2003,Defoliation,33760,3038.4
190102,Central Southeast Alaska,2003,Main stem Broken or Uprooted,4240,381.6
190102,Central Southeast Alaska,2003,Mortality,30237,2721.33
190102,Central Southeast Alaska,2004,Defoliation,19456,1751.04
190102,Central Southeast Alaska,2004,Main stem Broken or Uprooted,2072,186.48
190102,Central Southeast Alaska,2004,Mortality,43409,3906.81
190102,Central Southeast Alaska,2004,Topkill,4850,436.5
190102,Central Southeast Alaska,2005,Defoliation,18349,1651.41
190102,Central Southeast Alaska,2005,Main stem Broken or Uprooted,3992,359.28
190102,Central Southeast Alaska,2005,Mortality,99760,8978.4
190102,Central Southeast Alaska,2006,Defoliation,16064,1445.76
190102,Central Southeast Alaska,2006,Main stem Broken or Uprooted,4695,422.55
190102,Central Southeast Alaska,2006,Mortality,118681,10681.29
190102,Central Southeast Alaska,2007,Defoliation,17141,1542.69
190102,Central Southeast Alaska,2007,Main stem Broken or Uprooted,2924,263.16
190102,Central Southeast Alaska,2007,Mortality,92269,8304.21
190102,Central Southeast Alaska,2008,Defoliation,2812,253.08
190102,Central Southeast Alaska,2008,Main stem Broken or Uprooted,2255,202.95
190102,Central Southeast Alaska,2008,Mortality,47666,4289.94
190102,Central Southeast Alaska,2008,Topkill,160,14.4
190102,Central Southeast Alaska,2009,Defoliation,13022,1171.98
190102,Central Southeast Alaska,2009,Main stem Broken or Uprooted,849,76.41
190102,Central Southeast Alaska,2009,Mortality,58881,5299.29
190102,Central Southeast Alaska,2010,Crown Dieback,927,83.43
190102,Central Southeast Alaska,2010,Crown Discoloration,271,24.39
190102,Central Southeast Alaska,2010,Defoliation,119631,10766.79
190102,Central Southeast Alaska,2010,Main stem Broken or Uprooted,520,46.8
190102,Central Southeast Alaska,2010,Mortality,93183,8386.47
190102,Central Southeast Alaska,2011,Defoliation,59204,5328.36
190102,Central Southeast Alaska,2011,Main stem Broken or Uprooted,6553,589.77
190102,Central Southeast Alaska,2011,Mortality,41437,3729.33
190102,Central Southeast Alaska,2012,Crown Dieback,16,1.44
190102,Central Southeast Alaska,2012,Defoliation,33972,3057.48
190102,Central Southeast Alaska,2012,Main stem Broken or Uprooted,2532,227.88
190102,Central Southeast Alaska,2012,Mortality,53405,4806.45
190102,Central Southeast Alaska,2012,Topkill,886,79.74
190102,Central Southeast Alaska,2013,Crown Dieback,821,73.89
190102,Central Southeast Alaska,2013,Defoliation,31235,2811.15
190102,Central Southeast Alaska,2013,Main stem Broken or Uprooted,354,31.86
190102,Central Southeast Alaska,2013,Mortality,40826,3674.34
190102,Central Southeast Alaska,2013,Topkill,89,8.01
190102,Central Southeast Alaska,2014,Crown Dieback,279,25.11
190102,Central Southeast Alaska,2014,Defoliation,10733,965.97
190102,Central Southeast Alaska,2014,Main stem Broken or Uprooted,996,89.64
190102,Central Southeast Alaska,2014,Mortality,74329,6689.61
190102,Central Southeast Alaska,2014,Topkill,1511,135.99
190102,Central Southeast Alaska,2015,Crown Dieback,1640,147.6
190102,Central Southeast Alaska,2015,Defoliation,17983,1618.47
190102,Central Southeast Alaska,2015,Main stem Broken or Uprooted,666,59.94
190102,Central Southeast Alaska,2015,Mortality,55487,4993.83
190102,Central Southeast Alaska,2016,Crown Discoloration,49,4.41
190102,Central Southeast Alaska,2016,Defoliation 50-75% of leaves defoliated,44089,3968.01
190102,Central Southeast Alaska,2016,Defoliation < 50% of leaves defoliated,1827,164.43
190102,Central Southeast Alaska,2016,Defoliation > 75% of leaves defoliated,15025,1352.25
190102,Central Southeast Alaska,2016,Mortality,115238,10371.42
190102,Central Southeast Alaska,2017,Crown Dieback,11339,1020.51
190102,Central Southeast Alaska,2017,Defoliation 50-75% of leaves defoliated,1458,131.22
190102,Central Southeast Alaska,2017,Defoliation > 75% of leaves defoliated,2293,206.37
190102,Central Southeast Alaska,2017,Mortality,136799,12311.91
190102,Central Southeast Alaska,2018,Branch flagging,236,21.24
190102,Central Southeast Alaska,2018,Crown Dieback,869,78.21
190102,Central Southeast Alaska,2018,Crown Discoloration,1324,119.16
190102,Central Southeast Alaska,2018,Defoliation 50-75% of leaves defoliated,136868,12318.12
190102,Central Southeast Alaska,2018,Defoliation > 75% of leaves defoliated,59432,5348.88
190102,Central Southeast Alaska,2018,Mortality,66578,5992.02
190102,Central Southeast Alaska,2019,Branch flagging,1245,112.05
190102,Central Southeast Alaska,2019,Crown Discoloration,343,30.87
190102,Central Southeast Alaska,2019,Defoliation 50-75% of leaves defoliated,101291,9116.19
190102,Central Southeast Alaska,2019,Defoliation > 75% of leaves defoliated,1218798,109691.82
190102,Central Southeast Alaska,2019,Mortality,53106,4779.54
190102,Central Southeast Alaska,2020,Defoliation 50-75% of leaves defoliated,51073,4596.57
190102,Central Southeast Alaska,2020,Defoliation > 75% of leaves defoliated,39848,3586.32
190102,Central Southeast Alaska,2020,Mortality,30699,2762.91
190102,Central Southeast Alaska,2021,Branch flagging,185,16.65
190102,Central Southeast Alaska,2021,Defoliation 50-75% of leaves defoliated,636008,57240.72
190102,Central Southeast Alaska,2021,Defoliation > 75% of leaves defoliated,1345836,121125.24
190102,Central Southeast Alaska,2021,Mortality,107613,9685.17
190102,Central Southeast Alaska,2021,Mortality - Previously Undocumented,23,2.07
190102,Central Southeast Alaska,2021,Topkill,760547,68449.23
190102,Central Southeast Alaska,2022,Branch flagging,269,24.21
190102,Central Southeast Alaska,2022,Crown Dieback,33,2.97
190102,Central Southeast Alaska,2022,Defoliation 50-75% of leaves defoliated,1342296,120806.64
190102,Central Southeast Alaska,2022,Defoliation < 50% of leaves defoliated,73307,6597.63
190102,Central Southeast Alaska,2022,Defoliation > 75% of leaves defoliated,502510,45225.9
190102,Central Southeast Alaska,2022,Mortality,30501,2745.09
190102,Central Southeast Alaska,2022,Mortality - Previously Undocumented,271140,24402.6
190102,Central Southeast Alaska,2023,Branch flagging,48,4.32
190102,Central Southeast Alaska,2023,Defoliation 50-75% of leaves defoliated,6005,540.45
190102,Central Southeast Alaska,2023,Defoliation < 50% of leaves defoliated,57915,5212.35
190102,Central Southeast Alaska,2023,Defoliation > 75% of leaves defoliated,1588,142.92
190102,Central Southeast Alaska,2023,Mortality,73896,6650.64
190102,Central Southeast Alaska,2023,Mortality - Previously Undocumented,105141,9462.69
190102,Central Southeast Alaska,2023,Other Damage (known),22,1.98
190102,Central Southeast Alaska,2024,Branch flagging,511,45.99
190102,Central Southeast Alaska,2024,Mortality,36519,3286.71
190102,Central Southeast Alaska,2024,Mortality - Previously Undocumented,61452,5530.68
190102,Central Southeast Alaska,2025,Defoliation 50-75% of leaves defoliated,4058,365.22
190102,Central Southeast Alaska,2025,Defoliation > 75% of leaves defoliated,293,26.37
190102,Central Southeast Alaska,2025,Mortality,531,47.79
190102,Central Southeast Alaska,2025,Mortality - Previously Undocumented,1473,132.57
190101,Southern Southeast Alaska,1997,Defoliation,18500,1665.0
190101,Southern Southeast Alaska,1997,Mortality,2794,251.46
190101,Southern Southeast Alaska,1997,Topkill,2241,201.69
190101,Southern Southeast Alaska,1998,Defoliation,24678,2221.02
190101,Southern Southeast Alaska,1998,Main stem Broken or Uprooted,110,9.9
190101,Southern Southeast Alaska,1998,Mortality,4333,389.97
190101,Southern Southeast Alaska,1998,Topkill,183,16.47
190101,Southern Southeast Alaska,1999,Defoliation,6972,627.48
190101,Southern Southeast Alaska,1999,Main stem Broken or Uprooted,586,52.74
190101,Southern Southeast Alaska,1999,Mortality,2665,239.85
190101,Southern Southeast Alaska,1999,Topkill,394,35.46
190101,Southern Southeast Alaska,2000,Defoliation,17330,1559.7
190101,Southern Southeast Alaska,2000,Main stem Broken or Uprooted,270,24.3
190101,Southern Southeast Alaska,2000,Mortality,1465,131.85
190101,Southern Southeast Alaska,2001,Crown Discoloration,295,26.55
190101,Southern Southeast Alaska,2001,Defoliation,9629,866.61
190101,Southern Southeast Alaska,2001,Mortality,5308,477.72
190101,Southern Southeast Alaska,2001,Topkill,56,5.04
190101,Southern Southeast Alaska,2002,Defoliation,8615,775.35
190101,Southern Southeast Alaska,2002,Main stem Broken or Uprooted,84,7.56
190101,Southern Southeast Alaska,2002,Mortality,7373,663.57
190101,Southern Southeast Alaska,2002,Topkill,74,6.66
190101,Southern Southeast Alaska,2003,Defoliation,44283,3985.47
190101,Southern Southeast Alaska,2003,Main stem Broken or Uprooted,2298,206.82
190101,Southern Southeast Alaska,2003,Mortality,11710,1053.9
190101,Southern Southeast Alaska,2003,Topkill,380,34.2
190101,Southern Southeast Alaska,2004,Defoliation,19840,1785.6
190101,Southern Southeast Alaska,2004,Main stem Broken or Uprooted,759,68.31
190101,Southern Southeast Alaska,2004,Mortality,20160,1814.4
190101,Southern Southeast Alaska,2004,Topkill,97,8.73
190101,Southern Southeast Alaska,2005,Crown Dieback,61,5.49
190101,Southern Southeast Alaska,2005,Defoliation,27346,2461.14
190101,Southern Southeast Alaska,2005,Main stem Broken or Uprooted,1352,121.68
190101,Southern Southeast Alaska,2005,Mortality,54453,4900.77
190101,Southern Southeast Alaska,2006,Defoliation,20469,1842.21
190101,Southern Southeast Alaska,2006,Main stem Broken or Uprooted,990,89.1
190101,Southern Southeast Alaska,2006,Mortality,29381,2644.29
190101,Southern Southeast Alaska,2007,Defoliation,3259,293.31
190101,Southern Southeast Alaska,2007,Main stem Broken or Uprooted,724,65.16
190101,Southern Southeast Alaska,2007,Mortality,40107,3609.63
190101,Southern Southeast Alaska,2008,Main stem Broken or Uprooted,173,15.57
190101,Southern Southeast Alaska,2008,Mortality,6680,601.2
190101,Southern Southeast Alaska,2009,Defoliation,9385,844.65
190101,Southern Southeast Alaska,2009,Main stem Broken or Uprooted,1111,99.99
190101,Southern Southeast Alaska,2009,Mortality,23934,2154.06
190101,Southern Southeast Alaska,2010,Crown Dieback,863,77.67
190101,Southern Southeast Alaska,2010,Defoliation,19159,1724.31
190101,Southern Southeast Alaska,2010,Main stem Broken or Uprooted,586,52.74
190101,Southern Southeast Alaska,2010,Mortality,53988,4858.92
190101,Southern Southeast Alaska,2011,Defoliation,6207,558.63
190101,Southern Southeast Alaska,2011,Main stem Broken or Uprooted,11421,1027.89
190101,Southern Southeast Alaska,2011,Mortality,79687,7171.83
190101,Southern Southeast Alaska,2012,Defoliation,7316,658.44
190101,Southern Southeast Alaska,2012,Mortality,36355,3271.95
190101,Southern Southeast Alaska,2012,Topkill,6251,562.59
190101,Southern Southeast Alaska,2013,Defoliation,31898,2870.82
190101,Southern Southeast Alaska,2013,Main stem Broken or Uprooted,1688,151.92
190101,Southern Southeast Alaska,2013,Mortality,29913,2692.17
190101,Southern Southeast Alaska,2013,Topkill,344,30.96
190101,Southern Southeast Alaska,2014,Crown Dieback,36,3.24
190101,Southern Southeast Alaska,2014,Defoliation,21532,1937.88
190101,Southern Southeast Alaska,2014,Main stem Broken or Uprooted,562,50.58
190101,Southern Southeast Alaska,2014,Mortality,31495,2834.55
190101,Southern Southeast Alaska,2014,Topkill,33,2.97
190101,Southern Southeast Alaska,2015,Crown Dieback,1246,112.14
190101,Southern Southeast Alaska,2015,Defoliation,22561,2030.49
190101,Southern Southeast Alaska,2015,Main stem Broken or Uprooted,3187,286.83
190101,Southern Southeast Alaska,2015,Mortality,135575,12201.75
190101,Southern Southeast Alaska,2016,Crown Dieback,14,1.26
190101,Southern Southeast Alaska,2016,Crown Discoloration,1512,136.08
190101,Southern Southeast Alaska,2016,Defoliation 50-75% of leaves defoliated,10066,905.94
190101,Southern Southeast Alaska,2016,Defoliation > 75% of leaves defoliated,634,57.06
190101,Southern Southeast Alaska,2016,Mortality,69084,6217.56
190101,Southern Southeast Alaska,2017,Crown Dieback,492,44.28
190101,Southern Southeast Alaska,2017,Defoliation 50-75% of leaves defoliated,469,42.21
190101,Southern Southeast Alaska,2017,Defoliation > 75% of leaves defoliated,1774,159.66
190101,Southern Southeast Alaska,2017,Mortality,85844,7725.96
190101,Southern Southeast Alaska,2018,Crown Dieback,11,0.99
190101,Southern Southeast Alaska,2018,Crown Discoloration,677,60.93
190101,Southern Southeast Alaska,2018,Defoliation 50-75% of leaves defoliated,33386,3004.74
190101,Southern Southeast Alaska,2018,Defoliation < 50% of leaves defoliated,113,10.17
190101,Southern Southeast Alaska,2018,Defoliation > 75% of leaves defoliated,9491,854.19
190101,Southern Southeast Alaska,2018,Mortality,27358,2462.22
190101,Southern Southeast Alaska,2019,Crown Discoloration,711,63.99
190101,Southern Southeast Alaska,2019,Defoliation 50-75% of leaves defoliated,57828,5204.52
190101,Southern Southeast Alaska,2019,Defoliation > 75% of leaves defoliated,223484,20113.56
190101,Southern Southeast Alaska,2019,Mortality,46178,4156.02
190101,Southern Southeast Alaska,2019,Topkill,156,14.04
190101,Southern Southeast Alaska,2020,Defoliation 50-75% of leaves defoliated,314863,28337.67
190101,Southern Southeast Alaska,2020,Defoliation > 75% of leaves defoliated,56056,5045.04
190101,Southern Southeast Alaska,2020,Mortality,365424,32888.16
190101,Southern Southeast Alaska,2020,Mortality - Previously Undocumented,34,3.06
190101,Southern Southeast Alaska,2021,Branch flagging,94,8.46
190101,Southern Southeast Alaska,2021,Defoliation 50-75% of leaves defoliated,141372,12723.48
190101,Southern Southeast Alaska,2021,Defoliation > 75% of leaves defoliated,23460,2111.4
190101,Southern Southeast Alaska,2021,Mortality,34366,3092.94
190101,Southern Southeast Alaska,2021,Topkill,48640,4377.6
190101,Southern Southeast Alaska,2022,Branch flagging,1093,98.37
190101,Southern Southeast Alaska,2022,Defoliation 50-75% of leaves defoliated,581557,52340.13
190101,Southern Southeast Alaska,2022,Defoliation < 50% of leaves defoliated,37879,3409.11
190101,Southern Southeast Alaska,2022,Defoliation > 75% of leaves defoliated,153177,13785.93
190101,Southern Southeast Alaska,2022,Mortality,23396,2105.64
190101,Southern Southeast Alaska,2022,Mortality - Previously Undocumented,50846,4576.14
190101,Southern Southeast Alaska,2023,Branch flagging,44,3.96
190101,Southern Southeast Alaska,2023,Defoliation 50-75% of leaves defoliated,1589,143.01
190101,Southern Southeast Alaska,2023,Defoliation < 50% of leaves defoliated,2948,265.32
190101,Southern Southeast Alaska,2023,Mortality,17956,1616.04
190101,Southern Southeast Alaska,2023,Mortality - Previously Undocumented,5787,520.83
190101,Southern Southeast Alaska,2024,Branch flagging,1142,102.78
190101,Southern Southeast Alaska,2024,Crown Discoloration,32,2.88
190101,Southern Southeast Alaska,2024,Defoliation 50-75% of leaves defoliated,2459,221.31
190101,Southern Southeast Alaska,2024,Defoliation < 50% of leaves defoliated,6442,579.78
190101,Southern Southeast Alaska,2024,Defoliation > 75% of leaves defoliated,3143,282.87
190101,Southern Southeast Alaska,2024,Mortality,32943,2964.87
190101,Southern Southeast Alaska,2024,Mortality - Previously Undocumented,35516,3196.44
190101,Southern Southeast Alaska,2025,Branch flagging,311,27.99
190101,Southern Southeast Alaska,2025,Crown Discoloration,23,2.07
190101,Southern Southeast Alaska,2025,Defoliation 50-75% of leaves defoliated,620,55.8
190101,Southern Southeast Alaska,2025,Defoliation > 75% of leaves defoliated,41,3.69
190101,Southern Southeast Alaska,2025,Mortality,10746,967.14
190101,Southern Southeast Alaska,2025,Mortality - Previously Undocumented,8580,772.2
190103,Northern Southeast Alaska,1997,Crown Discoloration,13269,1194.21
190103,Northern Southeast Alaska,1997,Defoliation,202,18.18
190103,Northern Southeast Alaska,1997,Main stem Broken or Uprooted,59,5.31
190103,Northern Southeast Alaska,1997,Mortality,81122,7300.98
190103,Northern Southeast Alaska,1997,Topkill,130,11.7
190103,Northern Southeast Alaska,1998,Defoliation,33568,3021.12
190103,Northern Southeast Alaska,1998,Mortality,15836,1425.24
190103,Northern Southeast Alaska,1998,Topkill,110,9.9
190103,Northern Southeast Alaska,1999,Defoliation,8502,765.18
190103,Northern Southeast Alaska,1999,Mortality,24689,2222.01
190103,Northern Southeast Alaska,1999,Topkill,81,7.29
190103,Northern Southeast Alaska,2000,Crown Discoloration,716,64.44
190103,Northern Southeast Alaska,2000,Defoliation,102688,9241.92
190103,Northern Southeast Alaska,2000,Main stem Broken or Uprooted,169,15.21
190103,Northern Southeast Alaska,2000,Mortality,6403,576.27
190103,Northern Southeast Alaska,2001,Crown Discoloration,388,34.92
190103,Northern Southeast Alaska,2001,Defoliation,33636,3027.24
190103,Northern Southeast Alaska,2001,Main stem Broken or Uprooted,579,52.11
190103,Northern Southeast Alaska,2001,Mortality,4590,413.1
190103,Northern Southeast Alaska,2001,Topkill,374,33.66
190103,Northern Southeast Alaska,2002,Defoliation,49383,4444.47
190103,Northern Southeast Alaska,2002,Main stem Broken or Uprooted,1581,142.29
190103,Northern Southeast Alaska,2002,Mortality,2881,259.29
190103,Northern Southeast Alaska,2002,Topkill,700,63.0
190103,Northern Southeast Alaska,2003,Defoliation,8642,777.78
190103,Northern Southeast Alaska,2003,Main stem Broken or Uprooted,73,6.57
190103,Northern Southeast Alaska,2003,Mortality,707,63.63
190103,Northern Southeast Alaska,2004,Defoliation,15334,1380.06
190103,Northern Southeast Alaska,2004,Main stem Broken or Uprooted,1312,118.08
190103,Northern Southeast Alaska,2004,Mortality,1089,98.01
190103,Northern Southeast Alaska,2004,Topkill,3999,359.91
190103,Northern Southeast Alaska,2005,Defoliation,7326,659.34
190103,Northern Southeast Alaska,2005,Main stem Broken or Uprooted,270,24.3
190103,Northern Southeast Alaska,2005,Mortality,9687,871.83
190103,Northern Southeast Alaska,2006,Defoliation,10026,902.34
190103,Northern Southeast Alaska,2006,Main stem Broken or Uprooted,618,55.62
190103,Northern Southeast Alaska,2006,Mortality,16051,1444.59
190103,Northern Southeast Alaska,2007,Crown Discoloration,4380,394.2
190103,Northern Southeast Alaska,2007,Defoliation,10565,950.85
190103,Northern Southeast Alaska,2007,Main stem Broken or Uprooted,1344,120.96
190103,Northern Southeast Alaska,2007,Mortality,20150,1813.5
190103,Northern Southeast Alaska,2008,Crown Discoloration,2103,189.27
190103,Northern Southeast Alaska,2008,Defoliation,1024,92.16
190103,Northern Southeast Alaska,2008,Main stem Broken or Uprooted,1309,117.81
190103,Northern Southeast Alaska,2008,Mortality,4906,441.54
190103,Northern Southeast Alaska,2008,Topkill,18374,1653.66
190103,Northern Southeast Alaska,2009,Defoliation,7484,673.56
190103,Northern Southeast Alaska,2009,Main stem Broken or Uprooted,42,3.78
190103,Northern Southeast Alaska,2009,Mortality,1774,159.66
190103,Northern Southeast Alaska,2010,Defoliation,56960,5126.4
190103,Northern Southeast Alaska,2010,Main stem Broken or Uprooted,70,6.3
190103,Northern Southeast Alaska,2010,Mortality,4178,376.02
190103,Northern Southeast Alaska,2011,Defoliation,26879,2419.11
190103,Northern Southeast Alaska,2011,Main stem Broken or Uprooted,5076,456.84
190103,Northern Southeast Alaska,2011,Mortality,732,65.88
190103,Northern Southeast Alaska,2012,Crown Discoloration,5406,486.54
190103,Northern Southeast Alaska,2012,Defoliation,3461,311.49
190103,Northern Southeast Alaska,2012,Main stem Broken or Uprooted,8158,734.22
190103,Northern Southeast Alaska,2012,Mortality,511,45.99
190103,Northern Southeast Alaska,2012,Topkill,34,3.06
190103,Northern Southeast Alaska,2013,Crown Dieback,1437,129.33
190103,Northern Southeast Alaska,2013,Defoliation,38468,3462.12
190103,Northern Southeast Alaska,2013,Mortality,32244,2901.96
190103,Northern Southeast Alaska,2013,Topkill,21276,1914.84
190103,Northern Southeast Alaska,2014,Crown Dieback,10268,924.12
190103,Northern Southeast Alaska,2014,Crown Discoloration,18657,1679.13
190103,Northern Southeast Alaska,2014,Defoliation,28912,2602.08
190103,Northern Southeast Alaska,2014,Main stem Broken or Uprooted,785,70.65
190103,Northern Southeast Alaska,2014,Mortality,13739,1236.51
190103,Northern Southeast Alaska,2014,Topkill,224,20.16
190103,Northern Southeast Alaska,2015,Crown Dieback,12544,1128.96
190103,Northern Southeast Alaska,2015,Defoliation,4261,383.49
190103,Northern Southeast Alaska,2015,Main stem Broken or Uprooted,173,15.57
190103,Northern Southeast Alaska,2015,Mortality,10339,930.51
190103,Northern Southeast Alaska,2016,Crown Discoloration,20135,1812.15
190103,Northern Southeast Alaska,2016,Defoliation 50-75% of leaves defoliated,6694,602.46
190103,Northern Southeast Alaska,2016,Defoliation < 50% of leaves defoliated,26,2.34
190103,Northern Southeast Alaska,2016,Defoliation > 75% of leaves defoliated,6014,541.26
190103,Northern Southeast Alaska,2016,Mortality,2113,190.17
190103,Northern Southeast Alaska,2017,Crown Dieback,9,0.81
190103,Northern Southeast Alaska,2017,Crown Discoloration,1198,107.82
190103,Northern Southeast Alaska,2017,Defoliation 50-75% of leaves defoliated,2965,266.85
190103,Northern Southeast Alaska,2017,Defoliation < 50% of leaves defoliated,268,24.12
190103,Northern Southeast Alaska,2017,Defoliation > 75% of leaves defoliated,1140,102.6
190103,Northern Southeast Alaska,2017,Mortality,10405,936.45
190103,Northern Southeast Alaska,2018,Branch flagging,25,2.25
190103,Northern Southeast Alaska,2018,Crown Dieback,95,8.55
190103,Northern Southeast Alaska,2018,Crown Discoloration,14205,1278.45
190103,Northern Southeast Alaska,2018,Defoliation 50-75% of leaves defoliated,7486,673.74
190103,Northern Southeast Alaska,2018,Defoliation < 50% of leaves defoliated,63,5.67
190103,Northern Southeast Alaska,2018,Defoliation > 75% of leaves defoliated,10222,919.98
190103,Northern Southeast Alaska,2018,Mortality,18770,1689.3
190103,Northern Southeast Alaska,2019,Crown Dieback,95,8.55
190103,Northern Southeast Alaska,2019,Crown Discoloration,844,75.96
190103,Northern Southeast Alaska,2019,Defoliation 50-75% of leaves defoliated,49453,4450.77
190103,Northern Southeast Alaska,2019,Defoliation > 75% of leaves defoliated,95671,8610.39
190103,Northern Southeast Alaska,2019,Mortality,8618,775.62
190103,Northern Southeast Alaska,2020,Crown Discoloration,160,14.4
190103,Northern Southeast Alaska,2020,Defoliation 50-75% of leaves defoliated,38176,3435.84
190103,Northern Southeast Alaska,2020,Defoliation > 75% of leaves defoliated,51573,4641.57
190103,Northern Southeast Alaska,2020,Mortality,9315,838.35
190103,Northern Southeast Alaska,2020,Mortality - Previously Undocumented,8264,743.76
190103,Northern Southeast Alaska,2021,Branch flagging,42,3.78
190103,Northern Southeast Alaska,2021,Crown Discoloration,1927,173.43
190103,Northern Southeast Alaska,2021,Defoliation 50-75% of leaves defoliated,149694,13472.46
190103,Northern Southeast Alaska,2021,Defoliation > 75% of leaves defoliated,42354,3811.86
190103,Northern Southeast Alaska,2021,Mortality,2293,206.37
190103,Northern Southeast Alaska,2021,Mortality - Previously Undocumented,193,17.37
190103,Northern Southeast Alaska,2021,Topkill,27867,2508.03
190103,Northern Southeast Alaska,2022,Branch flagging,209,18.81
190103,Northern Southeast Alaska,2022,Crown Dieback,151,13.59
190103,Northern Southeast Alaska,2022,Crown Discoloration,1092,98.28
190103,Northern Southeast Alaska,2022,Defoliation 50-75% of leaves defoliated,314485,28303.65
190103,Northern Southeast Alaska,2022,Defoliation < 50% of leaves defoliated,15403,1386.27
190103,Northern Southeast Alaska,2022,Defoliation > 75% of leaves defoliated,80929,7283.61
190103,Northern Southeast Alaska,2022,Mortality,181,16.29
190103,Northern Southeast Alaska,2022,Mortality - Previously Undocumented,8643,777.87
190103,Northern Southeast Alaska,2023,Crown Dieback,998,89.82
190103,Northern Southeast Alaska,2023,Crown Discoloration,272,24.48
190103,Northern Southeast Alaska,2023,Defoliation 50-75% of leaves defoliated,7423,668.07
190103,Northern Southeast Alaska,2023,Defoliation < 50% of leaves defoliated,206008,18540.72
190103,Northern Southeast Alaska,2023,Defoliation > 75% of leaves defoliated,4762,428.58
190103,Northern Southeast Alaska,2023,Mortality,3361,302.49
190103,Northern Southeast Alaska,2023,Mortality - Previously Undocumented,22180,1996.2
190103,Northern Southeast Alaska,2024,Branch flagging,54,4.86
190103,Northern Southeast Alaska,2024,Crown Discoloration,1227,110.43
190103,Northern Southeast Alaska,2024,Defoliation 50-75% of leaves defoliated,126,11.34
190103,Northern Southeast Alaska,2024,Mortality,1098,98.82
190103,Northern Southeast Alaska,2024,Mortality - Previously Undocumented,1758,158.22
190103,Northern Southeast Alaska,2025,Branch flagging,39,3.51
190103,Northern Southeast Alaska,2025,Crown Dieback,339,30.51
190103,Northern Southeast Alaska,2025,Crown Discoloration,208,18.72
190103,Northern Southeast Alaska,2025,Defoliation 50-75% of leaves defoliated,14228,1280.52
190103,Northern Southeast Alaska,2025,Defoliation < 50% of leaves defoliated,668,60.12
190103,Northern Southeast Alaska,2025,Defoliation > 75% of leaves defoliated,357,32.13
190103,Northern Southeast Alaska,2025,Mortality,6238,561.42
190103,Northern Southeast Alaska,2025,Mortality - Previously Undocumented,12812,1153.08
190103,Northern Southeast Alaska,2025,Topkill,226,20.34
