subregion,subregion_name,year,native_class,pixel_count,area_ha,spatial_prevalence_pct
190101,Southern Southeast Alaska,1997,hemlock sawfly,16181,1456.29,68.753
190101,Southern Southeast Alaska,1997,common porcupine,2241,201.69,9.522
190101,Southern Southeast Alaska,1997,spruce beetle,2137,192.33,9.08
190101,Southern Southeast Alaska,1997,spruce aphid,1843,165.87,7.831
190101,Southern Southeast Alaska,1997,Chrysomela leaf beetle,476,42.84,2.023
190101,Southern Southeast Alaska,1997,fire,234,21.06,0.994
190101,Southern Southeast Alaska,1997,mud-land slide,233,20.97,0.99
190101,Southern Southeast Alaska,1997,flooding-high water,190,17.1,0.807
190101,Southern Southeast Alaska,1998,spruce aphid,22626,2036.34,77.211
190101,Southern Southeast Alaska,1998,spruce beetle,3840,345.6,13.104
190101,Southern Southeast Alaska,1998,hemlock sawfly,2052,184.68,7.002
190101,Southern Southeast Alaska,1998,flooding-high water,328,29.52,1.119
190101,Southern Southeast Alaska,1998,common porcupine,183,16.47,0.624
190101,Southern Southeast Alaska,1998,wind-tornado/hurricane,110,9.9,0.375
190101,Southern Southeast Alaska,1998,fire,102,9.18,0.348
190101,Southern Southeast Alaska,1998,mud-land slide,63,5.67,0.215
190101,Southern Southeast Alaska,1999,spruce aphid,6561,590.49,61.797
190101,Southern Southeast Alaska,1999,hemlock canker,1159,104.31,10.916
190101,Southern Southeast Alaska,1999,spruce beetle,994,89.46,9.362
190101,Southern Southeast Alaska,1999,wind-tornado/hurricane,586,52.74,5.519
190101,Southern Southeast Alaska,1999,flooding-high water,512,46.08,4.822
190101,Southern Southeast Alaska,1999,hemlock sawfly,411,36.99,3.871
190101,Southern Southeast Alaska,1999,common porcupine,394,35.46,3.711
190101,Southern Southeast Alaska,2000,hemlock sawfly,15327,1379.43,80.393
190101,Southern Southeast Alaska,2000,spruce aphid,1874,168.66,9.83
190101,Southern Southeast Alaska,2000,mud-land slide,684,61.56,3.588
190101,Southern Southeast Alaska,2000,spruce beetle,483,43.47,2.533
190101,Southern Southeast Alaska,2000,wind-tornado/hurricane,270,24.3,1.416
190101,Southern Southeast Alaska,2000,flooding-high water,203,18.27,1.065
190101,Southern Southeast Alaska,2000,common porcupine,129,11.61,0.677
190101,Southern Southeast Alaska,2000,fire,95,8.55,0.498
190101,Southern Southeast Alaska,2001,spruce aphid,5765,518.85,37.709
190101,Southern Southeast Alaska,2001,hemlock sawfly,3807,342.63,24.902
190101,Southern Southeast Alaska,2001,yellow-cedar decline,2800,252.0,18.315
190101,Southern Southeast Alaska,2001,flooding-high water,1998,179.82,13.069
190101,Southern Southeast Alaska,2001,hemlock canker,314,28.26,2.054
190101,Southern Southeast Alaska,2001,large-spored spruce-Labrador tea rust,295,26.55,1.93
190101,Southern Southeast Alaska,2001,mud-land slide,196,17.64,1.282
190101,Southern Southeast Alaska,2001,defoliators,57,5.13,0.373
190101,Southern Southeast Alaska,2001,common porcupine,56,5.04,0.366
190101,Southern Southeast Alaska,2002,hemlock sawfly,6033,542.97,37.365
190101,Southern Southeast Alaska,2002,yellow-cedar decline,4814,433.26,29.815
190101,Southern Southeast Alaska,2002,spruce aphid,3982,358.38,24.662
190101,Southern Southeast Alaska,2002,hemlock canker,914,82.26,5.661
190101,Southern Southeast Alaska,2002,spruce beetle,141,12.69,0.873
190101,Southern Southeast Alaska,2002,flooding-high water,104,9.36,0.644
190101,Southern Southeast Alaska,2002,mud-land slide,84,7.56,0.52
190101,Southern Southeast Alaska,2002,common porcupine,74,6.66,0.458
190101,Southern Southeast Alaska,2003,spruce aphid,35188,3166.92,59.975
190101,Southern Southeast Alaska,2003,yellow-cedar decline,11138,1002.42,18.984
190101,Southern Southeast Alaska,2003,western blackheaded budworm,8315,748.35,14.172
190101,Southern Southeast Alaska,2003,mud-land slide,2112,190.08,3.6
190101,Southern Southeast Alaska,2003,birch leafroller,780,70.2,1.329
190101,Southern Southeast Alaska,2003,flooding-high water,494,44.46,0.842
190101,Southern Southeast Alaska,2003,common porcupine,380,34.2,0.648
190101,Southern Southeast Alaska,2003,wind-tornado/hurricane,186,16.74,0.317
190101,Southern Southeast Alaska,2003,spruce beetle,78,7.02,0.133
190101,Southern Southeast Alaska,2004,yellow-cedar decline,19215,1729.35,47.031
190101,Southern Southeast Alaska,2004,spruce aphid,14458,1301.22,35.388
190101,Southern Southeast Alaska,2004,western blackheaded budworm,5013,451.17,12.27
190101,Southern Southeast Alaska,2004,flooding-high water,945,85.05,2.313
190101,Southern Southeast Alaska,2004,mud-land slide,759,68.31,1.858
190101,Southern Southeast Alaska,2004,hemlock sawfly,369,33.21,0.903
190101,Southern Southeast Alaska,2004,common porcupine,97,8.73,0.237
190101,Southern Southeast Alaska,2005,yellow-cedar decline,53671,4830.39,64.499
190101,Southern Southeast Alaska,2005,spruce aphid,26651,2398.59,32.028
190101,Southern Southeast Alaska,2005,mud-land slide,1352,121.68,1.625
190101,Southern Southeast Alaska,2005,hemlock sawfly,695,62.55,0.835
190101,Southern Southeast Alaska,2005,common porcupine,407,36.63,0.489
190101,Southern Southeast Alaska,2005,flooding-high water,375,33.75,0.451
190101,Southern Southeast Alaska,2005,hemlock canker,61,5.49,0.073
190101,Southern Southeast Alaska,2006,yellow-cedar decline,29092,2618.28,57.223
190101,Southern Southeast Alaska,2006,spruce aphid,20469,1842.21,40.262
190101,Southern Southeast Alaska,2006,mud-land slide,990,89.1,1.947
190101,Southern Southeast Alaska,2006,flooding-high water,289,26.01,0.568
190101,Southern Southeast Alaska,2007,yellow-cedar decline,36207,3258.63,82.121
190101,Southern Southeast Alaska,2007,flooding-high water,3703,333.27,8.399
190101,Southern Southeast Alaska,2007,spruce aphid,2778,250.02,6.301
190101,Southern Southeast Alaska,2007,mud-land slide,724,65.16,1.642
190101,Southern Southeast Alaska,2007,western blackheaded budworm,285,25.65,0.646
190101,Southern Southeast Alaska,2007,wind-tornado/hurricane,196,17.64,0.445
190101,Southern Southeast Alaska,2007,spruce beetle,108,9.72,0.245
190101,Southern Southeast Alaska,2007,common porcupine,89,8.01,0.202
190101,Southern Southeast Alaska,2008,yellow-cedar decline,6344,570.96,92.573
190101,Southern Southeast Alaska,2008,flooding-high water,218,19.62,3.181
190101,Southern Southeast Alaska,2008,wind-tornado/hurricane,173,15.57,2.524
190101,Southern Southeast Alaska,2008,common porcupine,78,7.02,1.138
190101,Southern Southeast Alaska,2008,spruce beetle,40,3.6,0.584
190101,Southern Southeast Alaska,2009,yellow-cedar decline,23010,2070.9,66.831
190101,Southern Southeast Alaska,2009,hemlock sawfly,7171,645.39,20.828
190101,Southern Southeast Alaska,2009,mortality,1409,126.81,4.092
190101,Southern Southeast Alaska,2009,unknown,1342,120.78,3.898
190101,Southern Southeast Alaska,2009,mud-land slide,1111,99.99,3.227
190101,Southern Southeast Alaska,2009,common porcupine,237,21.33,0.688
190101,Southern Southeast Alaska,2009,spruce beetle,104,9.36,0.302
190101,Southern Southeast Alaska,2009,flooding-high water,46,4.14,0.134
190101,Southern Southeast Alaska,2010,yellow-cedar decline,49972,4497.48,66.99
190101,Southern Southeast Alaska,2010,spruce aphid,8405,756.45,11.267
190101,Southern Southeast Alaska,2010,hemlock sawfly,5559,500.31,7.452
190101,Southern Southeast Alaska,2010,defoliators,5195,467.55,6.964
190101,Southern Southeast Alaska,2010,spruce beetle,2933,263.97,3.932
190101,Southern Southeast Alaska,2010,flooding-high water,1083,97.47,1.452
190101,Southern Southeast Alaska,2010,hemlock canker,863,77.67,1.157
190101,Southern Southeast Alaska,2010,wind-tornado/hurricane,401,36.09,0.538
190101,Southern Southeast Alaska,2010,mud-land slide,185,16.65,0.248
190101,Southern Southeast Alaska,2011,yellow-cedar decline,79569,7161.21,81.764
190101,Southern Southeast Alaska,2011,wind-tornado/hurricane,7610,684.9,7.82
190101,Southern Southeast Alaska,2011,mud-land slide,3811,342.99,3.916
190101,Southern Southeast Alaska,2011,spruce aphid,3417,307.53,3.511
190101,Southern Southeast Alaska,2011,hemlock sawfly,2790,251.1,2.867
190101,Southern Southeast Alaska,2011,flooding-high water,69,6.21,0.071
190101,Southern Southeast Alaska,2011,spruce beetle,49,4.41,0.05
190101,Southern Southeast Alaska,2012,yellow-cedar decline,33345,3001.05,67.305
190101,Southern Southeast Alaska,2012,western gall rust,6251,562.59,12.617
190101,Southern Southeast Alaska,2012,hemlock sawfly,5612,505.08,11.328
190101,Southern Southeast Alaska,2012,flooding-high water,1515,136.35,3.058
190101,Southern Southeast Alaska,2012,spruce beetle,1495,134.55,3.018
190101,Southern Southeast Alaska,2012,spruce aphid,1274,114.66,2.572
190101,Southern Southeast Alaska,2012,defoliators,430,38.7,0.868
190101,Southern Southeast Alaska,2013,hemlock sawfly,30159,2714.31,48.57
190101,Southern Southeast Alaska,2013,yellow-cedar decline,28358,2552.22,45.669
190101,Southern Southeast Alaska,2013,defoliators,1739,156.51,2.801
190101,Southern Southeast Alaska,2013,wind-tornado/hurricane,1688,151.92,2.718
190101,Southern Southeast Alaska,2013,flooding-high water,1008,90.72,1.623
190101,Southern Southeast Alaska,2013,spruce beetle,547,49.23,0.881
190101,Southern Southeast Alaska,2013,western gall rust,344,30.96,0.554
190101,Southern Southeast Alaska,2014,yellow-cedar decline,30942,2784.78,57.757
190101,Southern Southeast Alaska,2014,hemlock sawfly,14313,1288.17,26.717
190101,Southern Southeast Alaska,2014,defoliators,6775,609.75,12.646
190101,Southern Southeast Alaska,2014,common porcupine,526,47.34,0.982
190101,Southern Southeast Alaska,2014,western blackheaded budworm,444,39.96,0.829
190101,Southern Southeast Alaska,2014,wind-tornado/hurricane,344,30.96,0.642
190101,Southern Southeast Alaska,2014,mud-land slide,218,19.62,0.407
190101,Southern Southeast Alaska,2014,hemlock canker,36,3.24,0.067
190101,Southern Southeast Alaska,2014,western gall rust,33,2.97,0.062
190101,Southern Southeast Alaska,2014,flooding-high water,27,2.43,0.05
190101,Southern Southeast Alaska,2015,yellow-cedar decline,127874,11508.66,79.425
190101,Southern Southeast Alaska,2015,spruce aphid,16778,1510.02,10.421
190101,Southern Southeast Alaska,2015,unknown,6698,602.82,4.16
190101,Southern Southeast Alaska,2015,spruce beetle,6095,548.55,3.786
190101,Southern Southeast Alaska,2015,wind-tornado/hurricane,2860,257.4,1.776
190101,Southern Southeast Alaska,2015,flooding-high water,1518,136.62,0.943
190101,Southern Southeast Alaska,2015,mud-land slide,327,29.43,0.203
190101,Southern Southeast Alaska,2015,unknown defoliator,324,29.16,0.201
190101,Southern Southeast Alaska,2015,Dothistroma needle blight (D. septosporum),48,4.32,0.03
190101,Southern Southeast Alaska,2015,hemlock canker,48,4.32,0.03
190101,Southern Southeast Alaska,2016,yellow-cedar decline,68091,6128.19,83.742
190101,Southern Southeast Alaska,2016,spruce aphid,9959,896.31,12.248
190101,Southern Southeast Alaska,2016,Dothistroma needle blight (D. septosporum),1512,136.08,1.86
190101,Southern Southeast Alaska,2016,unknown defoliator,741,66.69,0.911
190101,Southern Southeast Alaska,2016,flooding-high water,644,57.96,0.792
190101,Southern Southeast Alaska,2016,mud-land slide,303,27.27,0.373
190101,Southern Southeast Alaska,2016,spruce beetle,46,4.14,0.057
190101,Southern Southeast Alaska,2016,unknown canker,14,1.26,0.017
190101,Southern Southeast Alaska,2017,yellow-cedar decline,84997,7649.73,95.956
190101,Southern Southeast Alaska,2017,unknown defoliator,2243,201.87,2.532
190101,Southern Southeast Alaska,2017,hemlock canker,492,44.28,0.555
190101,Southern Southeast Alaska,2017,spruce beetle,480,43.2,0.542
190101,Southern Southeast Alaska,2017,flooding-high water,357,32.13,0.403
190101,Southern Southeast Alaska,2017,common porcupine,10,0.9,0.011
190101,Southern Southeast Alaska,2018,hemlock sawfly,36396,3275.64,51.471
190101,Southern Southeast Alaska,2018,yellow-cedar decline,25962,2336.58,36.716
190101,Southern Southeast Alaska,2018,unknown defoliator,6351,571.59,8.982
190101,Southern Southeast Alaska,2018,flooding-high water,730,65.7,1.032
190101,Southern Southeast Alaska,2018,Dothistroma needle blight (D. septosporum),677,60.93,0.957
190101,Southern Southeast Alaska,2018,mud-land slide,535,48.15,0.757
190101,Southern Southeast Alaska,2018,spruce aphid,243,21.87,0.344
190101,Southern Southeast Alaska,2018,wind-tornado/hurricane,131,11.79,0.185
190101,Southern Southeast Alaska,2018,hemlock canker,11,0.99,0.016
190101,Southern Southeast Alaska,2019,hemlock sawfly,280046,25204.14,86.314
190101,Southern Southeast Alaska,2019,yellow-cedar decline,46005,4140.45,14.179
190101,Southern Southeast Alaska,2019,unknown defoliator,1124,101.16,0.346
190101,Southern Southeast Alaska,2019,Dothistroma needle blight (D. septosporum),711,63.99,0.219
190101,Southern Southeast Alaska,2019,flooding-high water,163,14.67,0.05
190101,Southern Southeast Alaska,2019,unknown,156,14.04,0.048
190101,Southern Southeast Alaska,2019,spruce aphid,142,12.78,0.044
190101,Southern Southeast Alaska,2019,wind-tornado/hurricane,6,0.54,0.002
190101,Southern Southeast Alaska,2019,fire,4,0.36,0.001
190101,Southern Southeast Alaska,2020,hemlock sawfly,444236,39981.24,90.885
190101,Southern Southeast Alaska,2020,yellow-cedar decline,44603,4014.27,9.125
190101,Southern Southeast Alaska,2020,unknown defoliator,2278,205.02,0.466
190101,Southern Southeast Alaska,2020,flooding-high water,105,9.45,0.021
190101,Southern Southeast Alaska,2020,spruce beetle,34,3.06,0.007
190101,Southern Southeast Alaska,2021,western blackheaded budworm,164832,14834.88,82.954
190101,Southern Southeast Alaska,2021,hemlock sawfly,63525,5717.25,31.97
190101,Southern Southeast Alaska,2021,yellow-cedar decline,17051,1534.59,8.581
190101,Southern Southeast Alaska,2021,mud-land slide,1834,165.06,0.923
190101,Southern Southeast Alaska,2021,flooding-high water,450,40.5,0.226
190101,Southern Southeast Alaska,2021,common porcupine,146,13.14,0.073
190101,Southern Southeast Alaska,2021,western gall rust,94,8.46,0.047
190101,Southern Southeast Alaska,2022,western blackheaded budworm,771243,69411.87,91.483
190101,Southern Southeast Alaska,2022,unknown defoliator,51132,4601.88,6.065
190101,Southern Southeast Alaska,2022,yellow-cedar decline,23083,2077.47,2.738
190101,Southern Southeast Alaska,2022,hemlock sawfly,1541,138.69,0.183
190101,Southern Southeast Alaska,2022,western gall rust,1093,98.37,0.13
190101,Southern Southeast Alaska,2022,flooding-high water,313,28.17,0.037
190101,Southern Southeast Alaska,2023,yellow-cedar decline,17663,1589.67,62.433
190101,Southern Southeast Alaska,2023,unknown,5533,497.97,19.557
190101,Southern Southeast Alaska,2023,western blackheaded budworm,4537,408.33,16.037
190101,Southern Southeast Alaska,2023,flooding-high water,293,26.37,1.036
190101,Southern Southeast Alaska,2023,mud-land slide,254,22.86,0.898
190101,Southern Southeast Alaska,2023,western gall rust,44,3.96,0.156
190101,Southern Southeast Alaska,2024,unknown,36658,3299.22,44.95
190101,Southern Southeast Alaska,2024,yellow-cedar decline,32617,2935.53,39.995
190101,Southern Southeast Alaska,2024,western blackheaded budworm,11999,1079.91,14.713
190101,Southern Southeast Alaska,2024,flooding-high water,197,17.73,0.242
190101,Southern Southeast Alaska,2024,mud-land slide,117,10.53,0.143
190101,Southern Southeast Alaska,2024,unknown defoliator,45,4.05,0.055
190101,Southern Southeast Alaska,2024,Dothistroma needle blight (D. septosporum),32,2.88,0.039
190101,Southern Southeast Alaska,2024,wind-tornado/hurricane,17,1.53,0.021
190101,Southern Southeast Alaska,2025,yellow-cedar decline,10562,950.58,52.339
190101,Southern Southeast Alaska,2025,unknown,8580,772.2,42.517
190101,Southern Southeast Alaska,2025,western blackheaded budworm,410,36.9,2.032
190101,Southern Southeast Alaska,2025,western gall rust,311,27.99,1.541
190101,Southern Southeast Alaska,2025,unknown defoliator,219,19.71,1.085
190101,Southern Southeast Alaska,2025,flooding-high water,116,10.44,0.575
190101,Southern Southeast Alaska,2025,wind-tornado/hurricane,45,4.05,0.223
190101,Southern Southeast Alaska,2025,spruce aphid,32,2.88,0.159
190101,Southern Southeast Alaska,2025,Dothistroma needle blight (D. septosporum),23,2.07,0.114
190101,Southern Southeast Alaska,2025,mud-land slide,14,1.26,0.069
190101,Southern Southeast Alaska,2025,spruce beetle,9,0.81,0.045
190102,Central Southeast Alaska,1997,hemlock sawfly,13658,1229.22,43.835
190102,Central Southeast Alaska,1997,western blackheaded budworm,5444,489.96,17.472
190102,Central Southeast Alaska,1997,spruce beetle,4612,415.08,14.802
190102,Central Southeast Alaska,1997,wind-tornado/hurricane,3274,294.66,10.508
190102,Central Southeast Alaska,1997,common porcupine,2859,257.31,9.176
190102,Central Southeast Alaska,1997,flooding-high water,664,59.76,2.131
190102,Central Southeast Alaska,1997,mud-land slide,606,54.54,1.945
190102,Central Southeast Alaska,1997,spruce aphid,41,3.69,0.132
190102,Central Southeast Alaska,1998,spruce aphid,141122,12700.98,89.675
190102,Central Southeast Alaska,1998,hemlock sawfly,15571,1401.39,9.894
190102,Central Southeast Alaska,1998,flooding-high water,299,26.91,0.19
190102,Central Southeast Alaska,1998,spruce beetle,157,14.13,0.1
190102,Central Southeast Alaska,1998,wind-tornado/hurricane,149,13.41,0.095
190102,Central Southeast Alaska,1998,common porcupine,46,4.14,0.029
190102,Central Southeast Alaska,1998,mud-land slide,27,2.43,0.017
190102,Central Southeast Alaska,1999,spruce aphid,14845,1336.05,85.626
190102,Central Southeast Alaska,1999,common porcupine,1100,99.0,6.345
190102,Central Southeast Alaska,1999,wind-tornado/hurricane,830,74.7,4.787
190102,Central Southeast Alaska,1999,spruce beetle,219,19.71,1.263
190102,Central Southeast Alaska,1999,mud-land slide,208,18.72,1.2
190102,Central Southeast Alaska,1999,flooding-high water,135,12.15,0.779
190102,Central Southeast Alaska,2000,spruce aphid,70584,6352.56,76.095
190102,Central Southeast Alaska,2000,large-spored spruce-Labrador tea rust,9604,864.36,10.354
190102,Central Southeast Alaska,2000,hemlock sawfly,8079,727.11,8.71
190102,Central Southeast Alaska,2000,common porcupine,1707,153.63,1.84
190102,Central Southeast Alaska,2000,wind-tornado/hurricane,1007,90.63,1.086
190102,Central Southeast Alaska,2000,defoliators,917,82.53,0.989
190102,Central Southeast Alaska,2000,mud-land slide,788,70.92,0.85
190102,Central Southeast Alaska,2000,flooding-high water,72,6.48,0.078
190102,Central Southeast Alaska,2001,spruce aphid,47827,4304.43,88.754
190102,Central Southeast Alaska,2001,yellow-cedar decline,3227,290.43,5.988
190102,Central Southeast Alaska,2001,hemlock sawfly,1690,152.1,3.136
190102,Central Southeast Alaska,2001,mud-land slide,383,34.47,0.711
190102,Central Southeast Alaska,2001,flooding-high water,273,24.57,0.507
190102,Central Southeast Alaska,2001,wind-tornado/hurricane,256,23.04,0.475
190102,Central Southeast Alaska,2001,common porcupine,127,11.43,0.236
190102,Central Southeast Alaska,2001,birch leafroller,59,5.31,0.109
190102,Central Southeast Alaska,2001,hemlock canker,34,3.06,0.063
190102,Central Southeast Alaska,2001,spruce beetle,11,0.99,0.02
190102,Central Southeast Alaska,2002,yellow-cedar decline,8823,794.07,58.184
190102,Central Southeast Alaska,2002,spruce aphid,2171,195.39,14.317
190102,Central Southeast Alaska,2002,western blackheaded budworm,1568,141.12,10.34
190102,Central Southeast Alaska,2002,Chrysomela leaf beetle,1021,91.89,6.733
190102,Central Southeast Alaska,2002,wind-tornado/hurricane,659,59.31,4.346
190102,Central Southeast Alaska,2002,common porcupine,435,39.15,2.869
190102,Central Southeast Alaska,2002,mud-land slide,261,23.49,1.721
190102,Central Southeast Alaska,2002,hemlock canker,152,13.68,1.002
190102,Central Southeast Alaska,2002,hemlock sawfly,74,6.66,0.488
190102,Central Southeast Alaska,2003,spruce aphid,29913,2692.17,43.837
190102,Central Southeast Alaska,2003,yellow-cedar decline,29842,2685.78,43.733
190102,Central Southeast Alaska,2003,mud-land slide,2609,234.81,3.823
190102,Central Southeast Alaska,2003,western blackheaded budworm,2292,206.28,3.359
190102,Central Southeast Alaska,2003,wind-tornado/hurricane,1631,146.79,2.39
190102,Central Southeast Alaska,2003,hemlock sawfly,686,61.74,1.005
190102,Central Southeast Alaska,2003,defoliators,498,44.82,0.73
190102,Central Southeast Alaska,2003,birch leafroller,371,33.39,0.544
190102,Central Southeast Alaska,2003,flooding-high water,355,31.95,0.52
190102,Central Southeast Alaska,2003,spruce beetle,40,3.6,0.059
190102,Central Southeast Alaska,2004,yellow-cedar decline,42170,3795.3,60.427
190102,Central Southeast Alaska,2004,spruce aphid,14529,1307.61,20.819
190102,Central Southeast Alaska,2004,common porcupine,6541,588.69,9.373
190102,Central Southeast Alaska,2004,hemlock sawfly,2043,183.87,2.927
190102,Central Southeast Alaska,2004,wind-tornado/hurricane,1375,123.75,1.97
190102,Central Southeast Alaska,2004,flooding-high water,1239,111.51,1.775
190102,Central Southeast Alaska,2004,western blackheaded budworm,1193,107.37,1.709
190102,Central Southeast Alaska,2004,mud-land slide,697,62.73,0.999
190102,Central Southeast Alaska,2005,yellow-cedar decline,95493,8594.37,78.208
190102,Central Southeast Alaska,2005,spruce aphid,17448,1570.32,14.29
190102,Central Southeast Alaska,2005,common porcupine,3090,278.1,2.531
190102,Central Southeast Alaska,2005,mud-land slide,2593,233.37,2.124
190102,Central Southeast Alaska,2005,wind-tornado/hurricane,1399,125.91,1.146
190102,Central Southeast Alaska,2005,<Dryocoetes autographus>,854,76.86,0.699
190102,Central Southeast Alaska,2005,defoliators,616,55.44,0.505
190102,Central Southeast Alaska,2005,willow leaf blotchminer,285,25.65,0.233
190102,Central Southeast Alaska,2005,flooding-high water,257,23.13,0.21
190102,Central Southeast Alaska,2005,spruce beetle,66,5.94,0.054
190102,Central Southeast Alaska,2006,yellow-cedar decline,115882,10429.38,83.105
190102,Central Southeast Alaska,2006,spruce aphid,13269,1194.21,9.516
190102,Central Southeast Alaska,2006,mud-land slide,4641,417.69,3.328
190102,Central Southeast Alaska,2006,western blackheaded budworm,2795,251.55,2.004
190102,Central Southeast Alaska,2006,spruce beetle,1459,131.31,1.046
190102,Central Southeast Alaska,2006,flooding-high water,1120,100.8,0.803
190102,Central Southeast Alaska,2006,common porcupine,220,19.8,0.158
190102,Central Southeast Alaska,2006,wind-tornado/hurricane,54,4.86,0.039
190102,Central Southeast Alaska,2007,yellow-cedar decline,81560,7340.4,72.605
190102,Central Southeast Alaska,2007,flooding-high water,10284,925.56,9.155
190102,Central Southeast Alaska,2007,western blackheaded budworm,9511,855.99,8.467
190102,Central Southeast Alaska,2007,spruce aphid,6899,620.91,6.142
190102,Central Southeast Alaska,2007,mud-land slide,2924,263.16,2.603
190102,Central Southeast Alaska,2007,wind-tornado/hurricane,731,65.79,0.651
190102,Central Southeast Alaska,2007,common porcupine,425,38.25,0.378
190102,Central Southeast Alaska,2008,yellow-cedar decline,34553,3109.77,65.326
190102,Central Southeast Alaska,2008,mortality,8147,733.23,15.403
190102,Central Southeast Alaska,2008,common porcupine,4283,385.47,8.097
190102,Central Southeast Alaska,2008,western blackheaded budworm,2508,225.72,4.742
190102,Central Southeast Alaska,2008,mud-land slide,1757,158.13,3.322
190102,Central Southeast Alaska,2008,wind-tornado/hurricane,498,44.82,0.942
190102,Central Southeast Alaska,2008,spruce beetle,351,31.59,0.664
190102,Central Southeast Alaska,2008,flooding-high water,332,29.88,0.628
190102,Central Southeast Alaska,2008,skeletonizer,304,27.36,0.575
190102,Central Southeast Alaska,2008,western gall rust,160,14.4,0.302
190102,Central Southeast Alaska,2009,yellow-cedar decline,50260,4523.4,69.084
190102,Central Southeast Alaska,2009,hemlock sawfly,8824,794.16,12.129
190102,Central Southeast Alaska,2009,mortality,7658,689.22,10.526
190102,Central Southeast Alaska,2009,common porcupine,2713,244.17,3.729
190102,Central Southeast Alaska,2009,western blackheaded budworm,2164,194.76,2.974
190102,Central Southeast Alaska,2009,mud-land slide,849,76.41,1.167
190102,Central Southeast Alaska,2009,spruce beetle,206,18.54,0.283
190102,Central Southeast Alaska,2009,flooding-high water,78,7.02,0.107
190102,Central Southeast Alaska,2010,yellow-cedar decline,87196,7847.64,40.645
190102,Central Southeast Alaska,2010,spruce aphid,81069,7296.21,37.789
190102,Central Southeast Alaska,2010,hemlock sawfly,34669,3120.21,16.16
190102,Central Southeast Alaska,2010,common porcupine,4136,372.24,1.928
190102,Central Southeast Alaska,2010,defoliators,3893,350.37,1.815
190102,Central Southeast Alaska,2010,flooding-high water,1313,118.17,0.612
190102,Central Southeast Alaska,2010,hemlock canker,927,83.43,0.432
190102,Central Southeast Alaska,2010,spruce beetle,538,48.42,0.251
190102,Central Southeast Alaska,2010,mud-land slide,453,40.77,0.211
190102,Central Southeast Alaska,2010,large-spored spruce-Labrador tea rust,271,24.39,0.126
190102,Central Southeast Alaska,2010,wind-tornado/hurricane,67,6.03,0.031
190102,Central Southeast Alaska,2011,hemlock sawfly,46812,4213.08,43.67
190102,Central Southeast Alaska,2011,yellow-cedar decline,40641,3657.69,37.914
190102,Central Southeast Alaska,2011,spruce aphid,11796,1061.64,11.004
190102,Central Southeast Alaska,2011,wind-tornado/hurricane,5408,486.72,5.045
190102,Central Southeast Alaska,2011,mud-land slide,1145,103.05,1.068
190102,Central Southeast Alaska,2011,common porcupine,742,66.78,0.692
190102,Central Southeast Alaska,2011,unknown,596,53.64,0.556
190102,Central Southeast Alaska,2011,spruce beetle,54,4.86,0.05
190102,Central Southeast Alaska,2012,yellow-cedar decline,44403,3996.27,48.896
190102,Central Southeast Alaska,2012,hemlock sawfly,18773,1689.57,20.673
190102,Central Southeast Alaska,2012,defoliators,11935,1074.15,13.143
190102,Central Southeast Alaska,2012,spruce beetle,7333,659.97,8.075
190102,Central Southeast Alaska,2012,spruce aphid,2272,204.48,2.502
190102,Central Southeast Alaska,2012,wind-tornado/hurricane,2077,186.93,2.287
190102,Central Southeast Alaska,2012,flooding-high water,1562,140.58,1.72
190102,Central Southeast Alaska,2012,western gall rust,886,79.74,0.976
190102,Central Southeast Alaska,2012,spruce budworm,518,46.62,0.57
190102,Central Southeast Alaska,2012,mud-land slide,455,40.95,0.501
190102,Central Southeast Alaska,2012,western blackheaded budworm,362,32.58,0.399
190102,Central Southeast Alaska,2012,willow leaf blotchminer,117,10.53,0.129
190102,Central Southeast Alaska,2012,common porcupine,110,9.9,0.121
190102,Central Southeast Alaska,2012,"other wilt, known (code pending)",16,1.44,0.018
190102,Central Southeast Alaska,2013,yellow-cedar decline,31634,2847.06,43.517
190102,Central Southeast Alaska,2013,hemlock sawfly,23333,2099.97,32.098
190102,Central Southeast Alaska,2013,spruce beetle,8225,740.25,11.315
190102,Central Southeast Alaska,2013,defoliators,6927,623.43,9.529
190102,Central Southeast Alaska,2013,flooding-high water,967,87.03,1.33
190102,Central Southeast Alaska,2013,decline complex,821,73.89,1.129
190102,Central Southeast Alaska,2013,spruce aphid,630,56.7,0.867
190102,Central Southeast Alaska,2013,wind-tornado/hurricane,354,31.86,0.487
190102,Central Southeast Alaska,2013,Lirula spruce needle blight,209,18.81,0.288
190102,Central Southeast Alaska,2013,western blackheaded budworm,196,17.64,0.27
190102,Central Southeast Alaska,2013,western gall rust,89,8.01,0.122
190102,Central Southeast Alaska,2014,yellow-cedar decline,58579,5272.11,67.041
190102,Central Southeast Alaska,2014,common porcupine,13885,1249.65,15.891
190102,Central Southeast Alaska,2014,defoliators,7560,680.4,8.652
190102,Central Southeast Alaska,2014,hemlock sawfly,3173,285.57,3.631
190102,Central Southeast Alaska,2014,western gall rust,1511,135.99,1.729
190102,Central Southeast Alaska,2014,spruce beetle,1268,114.12,1.451
190102,Central Southeast Alaska,2014,wind-tornado/hurricane,730,65.7,0.835
190102,Central Southeast Alaska,2014,flooding-high water,597,53.73,0.683
190102,Central Southeast Alaska,2014,decline complex,279,25.11,0.319
190102,Central Southeast Alaska,2014,mud-land slide,266,23.94,0.304
190102,Central Southeast Alaska,2015,yellow-cedar decline,49252,4432.68,65.987
190102,Central Southeast Alaska,2015,unknown defoliator,12510,1125.9,16.761
190102,Central Southeast Alaska,2015,common porcupine,4592,413.28,6.152
190102,Central Southeast Alaska,2015,unknown,4519,406.71,6.054
190102,Central Southeast Alaska,2015,spruce aphid,2258,203.22,3.025
190102,Central Southeast Alaska,2015,hemlock canker,853,76.77,1.143
190102,Central Southeast Alaska,2015,flooding-high water,814,73.26,1.091
190102,Central Southeast Alaska,2015,wind-tornado/hurricane,571,51.39,0.765
190102,Central Southeast Alaska,2015,spruce beetle,205,18.45,0.275
190102,Central Southeast Alaska,2015,unknown canker,146,13.14,0.196
190102,Central Southeast Alaska,2015,mud-land slide,95,8.55,0.127
190102,Central Southeast Alaska,2016,yellow-cedar decline,108841,9795.69,61.761
190102,Central Southeast Alaska,2016,spruce aphid,50649,4558.41,28.741
190102,Central Southeast Alaska,2016,unknown defoliator,10292,926.28,5.84
190102,Central Southeast Alaska,2016,common porcupine,4316,388.44,2.449
190102,Central Southeast Alaska,2016,spruce beetle,1260,113.4,0.715
190102,Central Southeast Alaska,2016,flooding-high water,428,38.52,0.243
190102,Central Southeast Alaska,2016,wind-tornado/hurricane,233,20.97,0.132
190102,Central Southeast Alaska,2016,mud-land slide,160,14.4,0.091
190102,Central Southeast Alaska,2016,Dothistroma needle blight (D. septosporum),49,4.41,0.028
190102,Central Southeast Alaska,2017,yellow-cedar decline,128069,11526.21,84.317
190102,Central Southeast Alaska,2017,hemlock canker,11339,1020.51,7.465
190102,Central Southeast Alaska,2017,common porcupine,6330,569.7,4.168
190102,Central Southeast Alaska,2017,unknown defoliator,3146,283.14,2.071
190102,Central Southeast Alaska,2017,spruce beetle,612,55.08,0.403
190102,Central Southeast Alaska,2017,spruce aphid,605,54.45,0.398
190102,Central Southeast Alaska,2017,flooding-high water,577,51.93,0.38
190102,Central Southeast Alaska,2017,unknown,438,39.42,0.288
190102,Central Southeast Alaska,2017,mud-land slide,390,35.1,0.257
190102,Central Southeast Alaska,2017,wind-tornado/hurricane,390,35.1,0.257
190102,Central Southeast Alaska,2018,hemlock sawfly,181986,16378.74,68.968
190102,Central Southeast Alaska,2018,yellow-cedar decline,53708,4833.72,20.354
190102,Central Southeast Alaska,2018,unknown defoliator,13988,1258.92,5.301
190102,Central Southeast Alaska,2018,common porcupine,10033,902.97,3.802
190102,Central Southeast Alaska,2018,flooding-high water,1515,136.35,0.574
190102,Central Southeast Alaska,2018,Dothistroma needle blight (D. septosporum),1324,119.16,0.502
190102,Central Southeast Alaska,2018,"other canker agent, known (code pending)",713,64.17,0.27
190102,Central Southeast Alaska,2018,mud-land slide,529,47.61,0.2
190102,Central Southeast Alaska,2018,spruce beetle,523,47.07,0.198
190102,Central Southeast Alaska,2018,spruce aphid,326,29.34,0.124
190102,Central Southeast Alaska,2018,wind-tornado/hurricane,259,23.31,0.098
190102,Central Southeast Alaska,2018,western gall rust,236,21.24,0.089
190102,Central Southeast Alaska,2018,hemlock canker,156,14.04,0.059
190102,Central Southeast Alaska,2018,unknown,93,8.37,0.035
190102,Central Southeast Alaska,2019,hemlock sawfly,1316585,118492.65,96.081
190102,Central Southeast Alaska,2019,yellow-cedar decline,43705,3933.45,3.189
190102,Central Southeast Alaska,2019,common porcupine,8065,725.85,0.589
190102,Central Southeast Alaska,2019,spruce aphid,2739,246.51,0.2
190102,Central Southeast Alaska,2019,unknown,1389,125.01,0.101
190102,Central Southeast Alaska,2019,wind-tornado/hurricane,822,73.98,0.06
190102,Central Southeast Alaska,2019,unknown defoliator,672,60.48,0.049
190102,Central Southeast Alaska,2019,large-spored spruce-Labrador tea rust,343,30.87,0.025
190102,Central Southeast Alaska,2019,spruce beetle,218,19.62,0.016
190102,Central Southeast Alaska,2019,fire,150,13.5,0.011
190102,Central Southeast Alaska,2019,flooding-high water,104,9.36,0.008
190102,Central Southeast Alaska,2020,hemlock sawfly,90648,8158.32,97.506
190102,Central Southeast Alaska,2020,yellow-cedar decline,1691,152.19,1.819
190102,Central Southeast Alaska,2020,common porcupine,311,27.99,0.335
190102,Central Southeast Alaska,2020,spruce aphid,273,24.57,0.294
190102,Central Southeast Alaska,2020,wind-tornado/hurricane,44,3.96,0.047
190102,Central Southeast Alaska,2021,western blackheaded budworm,1981254,178312.86,94.933
190102,Central Southeast Alaska,2021,hemlock sawfly,840221,75619.89,40.26
190102,Central Southeast Alaska,2021,yellow-cedar decline,19395,1745.55,0.929
190102,Central Southeast Alaska,2021,wind-tornado/hurricane,7060,635.4,0.338
190102,Central Southeast Alaska,2021,mud-land slide,924,83.16,0.044
190102,Central Southeast Alaska,2021,unknown defoliator,590,53.1,0.028
190102,Central Southeast Alaska,2021,common porcupine,430,38.7,0.021
190102,Central Southeast Alaska,2021,western gall rust,185,16.65,0.009
190102,Central Southeast Alaska,2021,flooding-high water,146,13.14,0.007
190102,Central Southeast Alaska,2021,unknown,23,2.07,0.001
190102,Central Southeast Alaska,2022,western blackheaded budworm,1914744,172326.96,94.222
190102,Central Southeast Alaska,2022,unknown defoliator,273269,24594.21,13.447
190102,Central Southeast Alaska,2022,yellow-cedar decline,29223,2630.07,1.438
190102,Central Southeast Alaska,2022,hemlock sawfly,1817,163.53,0.089
190102,Central Southeast Alaska,2022,wind-tornado/hurricane,1131,101.79,0.056
190102,Central Southeast Alaska,2022,western gall rust,269,24.21,0.013
190102,Central Southeast Alaska,2022,flooding-high water,120,10.8,0.006
190102,Central Southeast Alaska,2022,"other canker agent, known (code pending)",33,2.97,0.002
190102,Central Southeast Alaska,2022,mud-land slide,27,2.43,0.001
190102,Central Southeast Alaska,2023,unknown,101406,9126.54,41.468
190102,Central Southeast Alaska,2023,yellow-cedar decline,72653,6538.77,29.71
190102,Central Southeast Alaska,2023,western blackheaded budworm,61941,5574.69,25.33
190102,Central Southeast Alaska,2023,wind-tornado/hurricane,4159,374.31,1.701
190102,Central Southeast Alaska,2023,unknown defoliator,3567,321.03,1.459
190102,Central Southeast Alaska,2023,mud-land slide,600,54.0,0.245
190102,Central Southeast Alaska,2023,flooding-high water,156,14.04,0.064
190102,Central Southeast Alaska,2023,common porcupine,85,7.65,0.035
190102,Central Southeast Alaska,2023,western gall rust,48,4.32,0.02
190102,Central Southeast Alaska,2024,unknown,61963,5576.67,62.926
190102,Central Southeast Alaska,2024,yellow-cedar decline,32008,2880.72,32.505
190102,Central Southeast Alaska,2024,wind-tornado/hurricane,2790,251.1,2.833
190102,Central Southeast Alaska,2024,mud-land slide,1244,111.96,1.263
190102,Central Southeast Alaska,2024,flooding-high water,418,37.62,0.424
190102,Central Southeast Alaska,2024,spruce beetle,59,5.31,0.06
190102,Central Southeast Alaska,2025,unknown defoliator,2673,240.57,42.061
190102,Central Southeast Alaska,2025,spruce aphid,1640,147.6,25.806
190102,Central Southeast Alaska,2025,unknown,1473,132.57,23.179
190102,Central Southeast Alaska,2025,yellow-cedar decline,531,47.79,8.356
190102,Central Southeast Alaska,2025,western blackheaded budworm,38,3.42,0.598
190103,Northern Southeast Alaska,1997,spruce beetle,80170,7215.3,84.584
190103,Northern Southeast Alaska,1997,winter injury,13269,1194.21,13.999
190103,Northern Southeast Alaska,1997,flooding-high water,450,40.5,0.475
190103,Northern Southeast Alaska,1997,fire,336,30.24,0.354
190103,Northern Southeast Alaska,1997,mud-land slide,166,14.94,0.175
190103,Northern Southeast Alaska,1997,common porcupine,130,11.7,0.137
190103,Northern Southeast Alaska,1997,Chrysomela leaf beetle,112,10.08,0.118
190103,Northern Southeast Alaska,1997,spruce aphid,90,8.1,0.095
190103,Northern Southeast Alaska,1997,wind-tornado/hurricane,59,5.31,0.062
190103,Northern Southeast Alaska,1998,spruce aphid,29051,2614.59,58.672
190103,Northern Southeast Alaska,1998,spruce beetle,15523,1397.07,31.351
190103,Northern Southeast Alaska,1998,striped alder sawfly,2975,267.75,6.008
190103,Northern Southeast Alaska,1998,Chrysomela leaf beetle,1542,138.78,3.114
190103,Northern Southeast Alaska,1998,fire,279,25.11,0.563
190103,Northern Southeast Alaska,1998,common porcupine,110,9.9,0.222
190103,Northern Southeast Alaska,1998,flooding-high water,34,3.06,0.069
190103,Northern Southeast Alaska,1999,spruce beetle,24591,2213.19,73.909
190103,Northern Southeast Alaska,1999,defoliators,8206,738.54,24.663
190103,Northern Southeast Alaska,1999,spruce aphid,296,26.64,0.89
190103,Northern Southeast Alaska,1999,common porcupine,81,7.29,0.243
190103,Northern Southeast Alaska,1999,flooding-high water,54,4.86,0.162
190103,Northern Southeast Alaska,1999,fire,44,3.96,0.132
190103,Northern Southeast Alaska,2000,spruce aphid,100851,9076.59,91.703
190103,Northern Southeast Alaska,2000,spruce beetle,6289,566.01,5.719
190103,Northern Southeast Alaska,2000,defoliators,1837,165.33,1.67
190103,Northern Southeast Alaska,2000,large-spored spruce-Labrador tea rust,716,64.44,0.651
190103,Northern Southeast Alaska,2000,wind-tornado/hurricane,169,15.21,0.154
190103,Northern Southeast Alaska,2000,mud-land slide,114,10.26,0.104
190103,Northern Southeast Alaska,2001,spruce aphid,32290,2906.1,81.608
190103,Northern Southeast Alaska,2001,spruce beetle,3776,339.84,9.543
190103,Northern Southeast Alaska,2001,Chrysomela leaf beetle,1346,121.14,3.402
190103,Northern Southeast Alaska,2001,wind-tornado/hurricane,579,52.11,1.463
190103,Northern Southeast Alaska,2001,mud-land slide,396,35.64,1.001
190103,Northern Southeast Alaska,2001,large-spored spruce-Labrador tea rust,388,34.92,0.981
190103,Northern Southeast Alaska,2001,common porcupine,374,33.66,0.945
190103,Northern Southeast Alaska,2001,western balsam bark beetle,256,23.04,0.647
190103,Northern Southeast Alaska,2001,flooding-high water,126,11.34,0.318
190103,Northern Southeast Alaska,2001,yellow-cedar decline,31,2.79,0.078
190103,Northern Southeast Alaska,2001,northern spruce engraver,5,0.45,0.013
190103,Northern Southeast Alaska,2002,birch leafroller,39781,3580.29,72.932
190103,Northern Southeast Alaska,2002,Chrysomela leaf beetle,4894,440.46,8.972
190103,Northern Southeast Alaska,2002,spruce aphid,4305,387.45,7.893
190103,Northern Southeast Alaska,2002,spruce beetle,1318,118.62,2.416
190103,Northern Southeast Alaska,2002,mud-land slide,1048,94.32,1.921
190103,Northern Southeast Alaska,2002,subalpine fir mortality complex,952,85.68,1.745
190103,Northern Southeast Alaska,2002,common porcupine,700,63.0,1.283
190103,Northern Southeast Alaska,2002,wind-tornado/hurricane,533,47.97,0.977
190103,Northern Southeast Alaska,2002,defoliators,403,36.27,0.739
190103,Northern Southeast Alaska,2002,northern spruce engraver,343,30.87,0.629
190103,Northern Southeast Alaska,2002,flooding-high water,268,24.12,0.491
190103,Northern Southeast Alaska,2003,spruce aphid,5157,464.13,54.734
190103,Northern Southeast Alaska,2003,defoliators,3098,278.82,32.88
190103,Northern Southeast Alaska,2003,spruce beetle,687,61.83,7.291
190103,Northern Southeast Alaska,2003,Chrysomela leaf beetle,387,34.83,4.107
190103,Northern Southeast Alaska,2003,mud-land slide,73,6.57,0.775
190103,Northern Southeast Alaska,2003,subalpine fir mortality complex,19,1.71,0.202
190103,Northern Southeast Alaska,2003,flooding-high water,1,0.09,0.011
190103,Northern Southeast Alaska,2004,aspen leafminer,8760,788.4,40.306
190103,Northern Southeast Alaska,2004,common porcupine,3999,359.91,18.4
190103,Northern Southeast Alaska,2004,defoliators,3943,354.87,18.142
190103,Northern Southeast Alaska,2004,Chrysomela leaf beetle,1780,160.2,8.19
190103,Northern Southeast Alaska,2004,wind-tornado/hurricane,1138,102.42,5.236
190103,Northern Southeast Alaska,2004,spruce aphid,851,76.59,3.916
190103,Northern Southeast Alaska,2004,subalpine fir mortality complex,850,76.5,3.911
190103,Northern Southeast Alaska,2004,spruce beetle,198,17.82,0.911
190103,Northern Southeast Alaska,2004,mud-land slide,174,15.66,0.801
190103,Northern Southeast Alaska,2004,flooding-high water,41,3.69,0.189
190103,Northern Southeast Alaska,2005,spruce beetle,6043,543.87,34.965
190103,Northern Southeast Alaska,2005,birch leafminer,4362,392.58,25.239
190103,Northern Southeast Alaska,2005,<Dryocoetes autographus>,2671,240.39,15.454
190103,Northern Southeast Alaska,2005,Chrysomela leaf beetle,1273,114.57,7.366
190103,Northern Southeast Alaska,2005,defoliators,1181,106.29,6.833
190103,Northern Southeast Alaska,2005,flooding-high water,562,50.58,3.252
190103,Northern Southeast Alaska,2005,spruce aphid,510,45.9,2.951
190103,Northern Southeast Alaska,2005,common porcupine,411,36.99,2.378
190103,Northern Southeast Alaska,2005,mud-land slide,270,24.3,1.562
190103,Northern Southeast Alaska,2006,spruce beetle,12732,1145.88,47.694
190103,Northern Southeast Alaska,2006,spruce aphid,7281,655.29,27.275
190103,Northern Southeast Alaska,2006,<Dryocoetes autographus>,2240,201.6,8.391
190103,Northern Southeast Alaska,2006,western blackheaded budworm,1438,129.42,5.387
190103,Northern Southeast Alaska,2006,spruce budworm,1262,113.58,4.727
190103,Northern Southeast Alaska,2006,flooding-high water,596,53.64,2.233
190103,Northern Southeast Alaska,2006,mud-land slide,512,46.08,1.918
190103,Northern Southeast Alaska,2006,common porcupine,483,43.47,1.809
190103,Northern Southeast Alaska,2006,wind-tornado/hurricane,106,9.54,0.397
190103,Northern Southeast Alaska,2006,willow leaf blotchminer,45,4.05,0.169
190103,Northern Southeast Alaska,2007,flooding-high water,11222,1009.98,30.797
190103,Northern Southeast Alaska,2007,spruce beetle,8120,730.8,22.284
190103,Northern Southeast Alaska,2007,western blackheaded budworm,6070,546.3,16.658
190103,Northern Southeast Alaska,2007,large-spored spruce-Labrador tea rust,4380,394.2,12.02
190103,Northern Southeast Alaska,2007,spruce aphid,2302,207.18,6.317
190103,Northern Southeast Alaska,2007,mud-land slide,1344,120.96,3.688
190103,Northern Southeast Alaska,2007,winter injury,1294,116.46,3.551
190103,Northern Southeast Alaska,2007,hemlock sawfly,588,52.92,1.614
190103,Northern Southeast Alaska,2007,<Dryocoetes autographus>,413,37.17,1.133
190103,Northern Southeast Alaska,2007,willow leaf blotchminer,252,22.68,0.692
190103,Northern Southeast Alaska,2007,northern spruce engraver,224,20.16,0.615
190103,Northern Southeast Alaska,2007,common porcupine,171,15.39,0.469
190103,Northern Southeast Alaska,2007,wind-tornado/hurricane,59,5.31,0.162
190103,Northern Southeast Alaska,2008,western gall rust,18374,1653.66,66.294
190103,Northern Southeast Alaska,2008,spruce beetle,2962,266.58,10.687
190103,Northern Southeast Alaska,2008,large-spored spruce-Labrador tea rust,2103,189.27,7.588
190103,Northern Southeast Alaska,2008,mud-land slide,1144,102.96,4.128
190103,Northern Southeast Alaska,2008,spruce aphid,1024,92.16,3.695
190103,Northern Southeast Alaska,2008,mortality,998,89.82,3.601
190103,Northern Southeast Alaska,2008,common porcupine,722,64.98,2.605
190103,Northern Southeast Alaska,2008,flooding-high water,198,17.82,0.714
190103,Northern Southeast Alaska,2008,wind-tornado/hurricane,165,14.85,0.595
190103,Northern Southeast Alaska,2008,<Dryocoetes autographus>,26,2.34,0.094
190103,Northern Southeast Alaska,2009,defoliators,4049,364.41,43.538
190103,Northern Southeast Alaska,2009,unknown,2137,192.33,22.978
190103,Northern Southeast Alaska,2009,flooding-high water,1425,128.25,15.323
190103,Northern Southeast Alaska,2009,common porcupine,666,59.94,7.161
190103,Northern Southeast Alaska,2009,mortality,538,48.42,5.785
190103,Northern Southeast Alaska,2009,spruce beetle,424,38.16,4.559
190103,Northern Southeast Alaska,2009,mud-land slide,42,3.78,0.452
190103,Northern Southeast Alaska,2009,<Dryocoetes autographus>,19,1.71,0.204
190103,Northern Southeast Alaska,2010,spruce aphid,42164,3794.76,68.886
190103,Northern Southeast Alaska,2010,defoliators,14302,1287.18,23.366
190103,Northern Southeast Alaska,2010,spruce beetle,3860,347.4,6.306
190103,Northern Southeast Alaska,2010,hemlock sawfly,494,44.46,0.807
190103,Northern Southeast Alaska,2010,flooding-high water,318,28.62,0.52
190103,Northern Southeast Alaska,2010,mud-land slide,70,6.3,0.114
190103,Northern Southeast Alaska,2011,defoliators,17019,1531.71,52.067
190103,Northern Southeast Alaska,2011,birch leafroller,4514,406.26,13.81
190103,Northern Southeast Alaska,2011,spruce aphid,3328,299.52,10.181
190103,Northern Southeast Alaska,2011,mud-land slide,2592,233.28,7.93
190103,Northern Southeast Alaska,2011,wind-tornado/hurricane,2484,223.56,7.599
190103,Northern Southeast Alaska,2011,unknown,1472,132.48,4.503
190103,Northern Southeast Alaska,2011,hemlock sawfly,546,49.14,1.67
190103,Northern Southeast Alaska,2011,yellow-cedar decline,319,28.71,0.976
190103,Northern Southeast Alaska,2011,flooding-high water,274,24.66,0.838
190103,Northern Southeast Alaska,2011,common porcupine,127,11.43,0.389
190103,Northern Southeast Alaska,2011,western balsam bark beetle,12,1.08,0.037
190103,Northern Southeast Alaska,2012,mud-land slide,7941,714.69,45.196
190103,Northern Southeast Alaska,2012,unknown foliage or shoot disease,5406,486.54,30.768
190103,Northern Southeast Alaska,2012,Chrysomela leaf beetle,1409,126.81,8.019
190103,Northern Southeast Alaska,2012,hemlock sawfly,829,74.61,4.718
190103,Northern Southeast Alaska,2012,defoliators,795,71.55,4.525
190103,Northern Southeast Alaska,2012,spruce aphid,383,34.47,2.18
190103,Northern Southeast Alaska,2012,flooding-high water,331,29.79,1.884
190103,Northern Southeast Alaska,2012,wind-tornado/hurricane,217,19.53,1.235
190103,Northern Southeast Alaska,2012,spruce beetle,100,9.0,0.569
190103,Northern Southeast Alaska,2012,fire,57,5.13,0.324
190103,Northern Southeast Alaska,2012,spruce bud moth,45,4.05,0.256
190103,Northern Southeast Alaska,2012,western gall rust,34,3.06,0.194
190103,Northern Southeast Alaska,2012,common porcupine,23,2.07,0.131
190103,Northern Southeast Alaska,2013,defoliators,31495,2834.55,34.117
190103,Northern Southeast Alaska,2013,western gall rust,21276,1914.84,23.047
190103,Northern Southeast Alaska,2013,spruce beetle,21218,1909.62,22.985
190103,Northern Southeast Alaska,2013,flooding-high water,8587,772.83,9.302
190103,Northern Southeast Alaska,2013,hemlock sawfly,6369,573.21,6.899
190103,Northern Southeast Alaska,2013,willow leaf blotchminer,5055,454.95,5.476
190103,Northern Southeast Alaska,2013,common porcupine,2196,197.64,2.379
190103,Northern Southeast Alaska,2013,decline complex,1437,129.33,1.557
190103,Northern Southeast Alaska,2013,Chrysomela leaf beetle,524,47.16,0.568
190103,Northern Southeast Alaska,2013,fire,243,21.87,0.263
190103,Northern Southeast Alaska,2013,spruce aphid,80,7.2,0.087
190103,Northern Southeast Alaska,2014,defoliators,20884,1879.56,28.848
190103,Northern Southeast Alaska,2014,Dothistroma needle blight (D. septosporum),18657,1679.13,25.772
190103,Northern Southeast Alaska,2014,decline complex,10100,909.0,13.952
190103,Northern Southeast Alaska,2014,spruce beetle,6283,565.47,8.679
190103,Northern Southeast Alaska,2014,unknown,5133,461.97,7.091
190103,Northern Southeast Alaska,2014,flooding-high water,3608,324.72,4.984
190103,Northern Southeast Alaska,2014,common porcupine,3004,270.36,4.15
190103,Northern Southeast Alaska,2014,spruce aphid,1899,170.91,2.623
190103,Northern Southeast Alaska,2014,western balsam bark beetle,844,75.96,1.166
190103,Northern Southeast Alaska,2014,birch leafroller,687,61.83,0.949
190103,Northern Southeast Alaska,2014,mud-land slide,643,57.87,0.888
190103,Northern Southeast Alaska,2014,hemlock sawfly,243,21.87,0.336
190103,Northern Southeast Alaska,2014,western gall rust,224,20.16,0.309
190103,Northern Southeast Alaska,2014,dieback,168,15.12,0.232
190103,Northern Southeast Alaska,2014,wind-tornado/hurricane,142,12.78,0.196
190103,Northern Southeast Alaska,2014,Chrysomela leaf beetle,66,5.94,0.091
190103,Northern Southeast Alaska,2015,Dothistroma needle blight (D. septosporum),11783,1060.47,43.164
190103,Northern Southeast Alaska,2015,spruce beetle,9255,832.95,33.904
190103,Northern Southeast Alaska,2015,unknown defoliator,4012,361.08,14.697
190103,Northern Southeast Alaska,2015,unknown,1149,103.41,4.209
190103,Northern Southeast Alaska,2015,flooding-high water,580,52.2,2.125
190103,Northern Southeast Alaska,2015,spruce aphid,249,22.41,0.912
190103,Northern Southeast Alaska,2015,western balsam bark beetle,106,9.54,0.388
190103,Northern Southeast Alaska,2015,mud-land slide,92,8.28,0.337
190103,Northern Southeast Alaska,2015,wind-tornado/hurricane,81,7.29,0.297
190103,Northern Southeast Alaska,2015,common porcupine,10,0.9,0.037
190103,Northern Southeast Alaska,2016,Dothistroma needle blight (D. septosporum),20135,1812.15,57.558
190103,Northern Southeast Alaska,2016,spruce aphid,12304,1107.36,35.172
190103,Northern Southeast Alaska,2016,common porcupine,776,69.84,2.218
190103,Northern Southeast Alaska,2016,spruce beetle,757,68.13,2.164
190103,Northern Southeast Alaska,2016,unknown defoliator,430,38.7,1.229
190103,Northern Southeast Alaska,2016,mud-land slide,376,33.84,1.075
190103,Northern Southeast Alaska,2016,western balsam bark beetle,118,10.62,0.337
190103,Northern Southeast Alaska,2016,wind-tornado/hurricane,65,5.85,0.186
190103,Northern Southeast Alaska,2016,flooding-high water,21,1.89,0.06
190103,Northern Southeast Alaska,2017,spruce beetle,8021,721.89,50.178
190103,Northern Southeast Alaska,2017,unknown defoliator,3133,281.97,19.6
190103,Northern Southeast Alaska,2017,flooding-high water,1621,145.89,10.141
190103,Northern Southeast Alaska,2017,spruce aphid,1231,110.79,7.701
190103,Northern Southeast Alaska,2017,Dothistroma needle blight (D. septosporum),856,77.04,5.355
190103,Northern Southeast Alaska,2017,common porcupine,475,42.75,2.972
190103,Northern Southeast Alaska,2017,large-spored spruce-Labrador tea rust,342,30.78,2.14
190103,Northern Southeast Alaska,2017,western balsam bark beetle,179,16.11,1.12
190103,Northern Southeast Alaska,2017,yellow-cedar decline,109,9.81,0.682
190103,Northern Southeast Alaska,2017,hemlock canker,9,0.81,0.056
190103,Northern Southeast Alaska,2017,striped alder sawfly,9,0.81,0.056
190103,Northern Southeast Alaska,2018,unknown defoliator,17771,1599.39,34.937
190103,Northern Southeast Alaska,2018,Dothistroma needle blight (D. septosporum),14205,1278.45,27.926
190103,Northern Southeast Alaska,2018,spruce beetle,13747,1237.23,27.026
190103,Northern Southeast Alaska,2018,wind-tornado/hurricane,1848,166.32,3.633
190103,Northern Southeast Alaska,2018,flooding-high water,1464,131.76,2.878
190103,Northern Southeast Alaska,2018,common porcupine,1176,105.84,2.312
190103,Northern Southeast Alaska,2018,western balsam bark beetle,511,45.99,1.005
190103,Northern Southeast Alaska,2018,"other canker agent, known (code pending)",63,5.67,0.124
190103,Northern Southeast Alaska,2018,hemlock canker,32,2.88,0.063
190103,Northern Southeast Alaska,2018,western gall rust,25,2.25,0.049
190103,Northern Southeast Alaska,2018,unknown,24,2.16,0.047
190103,Northern Southeast Alaska,2019,hemlock sawfly,115073,10356.57,74.394
190103,Northern Southeast Alaska,2019,unknown defoliator,20246,1822.14,13.089
190103,Northern Southeast Alaska,2019,winter injury,8403,756.27,5.432
190103,Northern Southeast Alaska,2019,flooding-high water,6150,553.5,3.976
190103,Northern Southeast Alaska,2019,spruce aphid,1402,126.18,0.906
190103,Northern Southeast Alaska,2019,wind-tornado/hurricane,922,82.98,0.596
190103,Northern Southeast Alaska,2019,Dothistroma needle blight (D. septosporum),844,75.96,0.546
190103,Northern Southeast Alaska,2019,spruce beetle,841,75.69,0.544
190103,Northern Southeast Alaska,2019,western balsam bark beetle,416,37.44,0.269
190103,Northern Southeast Alaska,2019,common porcupine,289,26.01,0.187
190103,Northern Southeast Alaska,2019,"other canker agent, known (code pending)",95,8.55,0.061
190103,Northern Southeast Alaska,2020,hemlock sawfly,96421,8677.89,91.28
190103,Northern Southeast Alaska,2020,spruce beetle,8808,792.72,8.338
190103,Northern Southeast Alaska,2020,common porcupine,232,20.88,0.22
190103,Northern Southeast Alaska,2020,Lirula spruce needle blight,160,14.4,0.151
190103,Northern Southeast Alaska,2020,spruce aphid,11,0.99,0.01
190103,Northern Southeast Alaska,2021,western blackheaded budworm,191807,17262.63,97.114
190103,Northern Southeast Alaska,2021,hemlock sawfly,27867,2508.03,14.109
190103,Northern Southeast Alaska,2021,Dothistroma needle blight (D. septosporum),1927,173.43,0.976
190103,Northern Southeast Alaska,2021,mud-land slide,1103,99.27,0.558
190103,Northern Southeast Alaska,2021,flooding-high water,523,47.07,0.265
190103,Northern Southeast Alaska,2021,western balsam bark beetle,408,36.72,0.207
190103,Northern Southeast Alaska,2021,unknown defoliator,241,21.69,0.122
190103,Northern Southeast Alaska,2021,spruce beetle,232,20.88,0.117
190103,Northern Southeast Alaska,2021,wind-tornado/hurricane,220,19.8,0.111
190103,Northern Southeast Alaska,2021,western gall rust,42,3.78,0.021
190103,Northern Southeast Alaska,2022,western blackheaded budworm,397506,35775.54,96.0
190103,Northern Southeast Alaska,2022,unknown defoliator,17862,1607.58,4.314
190103,Northern Southeast Alaska,2022,cottonwood leafblotch miner,3172,285.48,0.766
190103,Northern Southeast Alaska,2022,hemlock sawfly,2645,238.05,0.639
190103,Northern Southeast Alaska,2022,Dothistroma needle blight (D. septosporum),1092,98.28,0.264
190103,Northern Southeast Alaska,2022,western gall rust,209,18.81,0.05
190103,Northern Southeast Alaska,2022,flooding-high water,181,16.29,0.044
190103,Northern Southeast Alaska,2022,"other canker agent, known (code pending)",151,13.59,0.036
190103,Northern Southeast Alaska,2023,western blackheaded budworm,216870,19518.3,88.587
190103,Northern Southeast Alaska,2023,unknown,22180,1996.2,9.06
190103,Northern Southeast Alaska,2023,wind-tornado/hurricane,2035,183.15,0.831
190103,Northern Southeast Alaska,2023,unknown defoliator,1323,119.07,0.54
190103,Northern Southeast Alaska,2023,common porcupine,1041,93.69,0.425
190103,Northern Southeast Alaska,2023,"other canker agent, known (code pending)",998,89.82,0.408
190103,Northern Southeast Alaska,2023,leaf rusts of hardwoods,272,24.48,0.111
190103,Northern Southeast Alaska,2023,flooding-high water,241,21.69,0.098
190103,Northern Southeast Alaska,2023,western balsam bark beetle,44,3.96,0.018
190103,Northern Southeast Alaska,2024,unknown,1812,163.08,42.505
190103,Northern Southeast Alaska,2024,Dothistroma needle blight (D. septosporum),1227,110.43,28.783
190103,Northern Southeast Alaska,2024,flooding-high water,479,43.11,11.236
190103,Northern Southeast Alaska,2024,wind-tornado/hurricane,217,19.53,5.09
190103,Northern Southeast Alaska,2024,western balsam bark beetle,209,18.81,4.903
190103,Northern Southeast Alaska,2024,common porcupine,143,12.87,3.354
190103,Northern Southeast Alaska,2024,unknown defoliator,126,11.34,2.956
190103,Northern Southeast Alaska,2024,mud-land slide,50,4.5,1.173
190103,Northern Southeast Alaska,2025,unknown defoliator,14905,1341.45,42.446
190103,Northern Southeast Alaska,2025,unknown,12545,1129.05,35.725
190103,Northern Southeast Alaska,2025,flooding-high water,5204,468.36,14.82
190103,Northern Southeast Alaska,2025,wind-tornado/hurricane,965,86.85,2.748
190103,Northern Southeast Alaska,2025,western blackheaded budworm,566,50.94,1.612
190103,Northern Southeast Alaska,2025,"other canker agent, known (code pending)",339,30.51,0.965
190103,Northern Southeast Alaska,2025,spruce beetle,217,19.53,0.618
190103,Northern Southeast Alaska,2025,Dothistroma needle blight (D. septosporum),208,18.72,0.592
190103,Northern Southeast Alaska,2025,snow-ice,94,8.46,0.268
190103,Northern Southeast Alaska,2025,western gall rust,39,3.51,0.111
190103,Northern Southeast Alaska,2025,western balsam bark beetle,15,1.35,0.043
190103,Northern Southeast Alaska,2025,common porcupine,10,0.9,0.028
190103,Northern Southeast Alaska,2025,spruce aphid,8,0.72,0.023
190201,Copper River,1997,spruce beetle,436496,39284.64,92.579
190201,Copper River,1997,western blackheaded budworm,28801,2592.09,6.109
190201,Copper River,1997,large aspen tortrix,2147,193.23,0.455
190201,Copper River,1997,northern spruce engraver,1696,152.64,0.36
190201,Copper River,1997,flooding-high water,975,87.75,0.207
190201,Copper River,1997,mud-land slide,647,58.23,0.137
190201,Copper River,1997,willow leaf blotchminer,429,38.61,0.091
190201,Copper River,1997,defoliators,313,28.17,0.066
190201,Copper River,1997,spruce broom rust,50,4.5,0.011
190201,Copper River,1998,spruce beetle,43872,3948.48,95.496
190201,Copper River,1998,spruce broom rust,1014,91.26,2.207
190201,Copper River,1998,flooding-high water,787,70.83,1.713
190201,Copper River,1998,northern spruce engraver,149,13.41,0.324
190201,Copper River,1998,defoliators,119,10.71,0.259
190201,Copper River,1999,spruce beetle,375607,33804.63,99.957
190201,Copper River,1999,willow leaf blotchminer,160,14.4,0.043
190201,Copper River,2000,spruce beetle,30243,2721.87,80.732
190201,Copper River,2000,birch leafminer,7218,649.62,19.268
190201,Copper River,2001,spruce beetle,89446,8050.14,57.285
190201,Copper River,2001,western blackheaded budworm,36000,3240.0,23.056
190201,Copper River,2001,spruce broom rust,21324,1919.16,13.657
190201,Copper River,2001,willow leafblotch miner,6600,594.0,4.227
190201,Copper River,2001,large aspen tortrix,1411,126.99,0.904
190201,Copper River,2001,defoliators,1009,90.81,0.646
190201,Copper River,2001,mud-land slide,196,17.64,0.126
190201,Copper River,2001,flooding-high water,156,14.04,0.1
190201,Copper River,2002,spruce beetle,41684,3751.56,99.88
190201,Copper River,2002,western blackheaded budworm,50,4.5,0.12
190201,Copper River,2003,defoliators,54528,4907.52,71.275
190201,Copper River,2003,spruce beetle,21652,1948.68,28.302
190201,Copper River,2003,spruce aphid,164,14.76,0.214
190201,Copper River,2003,large aspen tortrix,85,7.65,0.111
190201,Copper River,2003,wind-tornado/hurricane,56,5.04,0.073
190201,Copper River,2003,flooding-high water,19,1.71,0.025
190201,Copper River,2004,spruce beetle,38946,3505.14,96.268
190201,Copper River,2004,willow leaf blotchminer,1403,126.27,3.468
190201,Copper River,2004,flooding-high water,107,9.63,0.264
190201,Copper River,2005,defoliators,64164,5774.76,46.641
190201,Copper River,2005,spruce beetle,39913,3592.17,29.013
190201,Copper River,2005,aspen leafminer,12599,1133.91,9.158
190201,Copper River,2005,willow leaf blotchminer,9573,861.57,6.959
190201,Copper River,2005,flooding-high water,5074,456.66,3.688
190201,Copper River,2005,spruce broom rust,4025,362.25,2.926
190201,Copper River,2005,winter injury,956,86.04,0.695
190201,Copper River,2005,northern spruce engraver,823,74.07,0.598
190201,Copper River,2005,fire,217,19.53,0.158
190201,Copper River,2005,wind-tornado/hurricane,149,13.41,0.108
190201,Copper River,2005,mud-land slide,78,7.02,0.057
190201,Copper River,2006,aspen leafminer,178255,16042.95,78.305
190201,Copper River,2006,Chrysomela leaf beetle,19443,1749.87,8.541
190201,Copper River,2006,willow leaf blotchminer,13124,1181.16,5.765
190201,Copper River,2006,spruce beetle,11505,1035.45,5.054
190201,Copper River,2006,spear-marked black moth,3165,284.85,1.39
190201,Copper River,2006,defoliators,1315,118.35,0.578
190201,Copper River,2006,flooding-high water,310,27.9,0.136
190201,Copper River,2006,cottonwood leafminers,211,18.99,0.093
190201,Copper River,2006,large aspen tortrix,161,14.49,0.071
190201,Copper River,2006,spruce broom rust,152,13.68,0.067
190201,Copper River,2007,aspen leafminer,332212,29899.08,71.664
190201,Copper River,2007,spruce beetle,65647,5908.23,14.161
190201,Copper River,2007,defoliators,36471,3282.39,7.867
190201,Copper River,2007,large aspen tortrix,25472,2292.48,5.495
190201,Copper River,2007,flooding-high water,3641,327.69,0.785
190201,Copper River,2007,willow leaf blotchminer,129,11.61,0.028
190201,Copper River,2008,aspen leafminer,24959,2246.31,38.705
190201,Copper River,2008,spruce beetle,19063,1715.67,29.562
190201,Copper River,2008,large aspen tortrix,17696,1592.64,27.442
190201,Copper River,2008,defoliators,1985,178.65,3.078
190201,Copper River,2008,flooding-high water,245,22.05,0.38
190201,Copper River,2008,decline complex,194,17.46,0.301
190201,Copper River,2008,willow leaf blotchminer,120,10.8,0.186
190201,Copper River,2008,wind-tornado/hurricane,114,10.26,0.177
190201,Copper River,2008,western blackheaded budworm,62,5.58,0.096
190201,Copper River,2008,northern spruce engraver,47,4.23,0.073
190201,Copper River,2009,defoliators,2956,266.04,66.908
190201,Copper River,2009,northern spruce engraver,1004,90.36,22.725
190201,Copper River,2009,willow leaf blotchminer,458,41.22,10.367
190201,Copper River,2010,canker (general),21336,1920.24,54.758
190201,Copper River,2010,defoliators,9040,813.6,23.201
190201,Copper River,2010,spruce beetle,7660,689.4,19.659
190201,Copper River,2010,large aspen tortrix,652,58.68,1.673
190201,Copper River,2010,flooding-high water,237,21.33,0.608
190201,Copper River,2010,willow leaf blotchminer,39,3.51,0.1
190201,Copper River,2011,dieback,263714,23734.26,65.984
190201,Copper River,2011,defoliators,240818,21673.62,60.255
190201,Copper River,2011,willow leaf blotchminer,20788,1870.92,5.201
190201,Copper River,2011,aspen leafminer,3942,354.78,0.986
190201,Copper River,2011,spruce beetle,3527,317.43,0.882
190201,Copper River,2011,spruce broom rust,1184,106.56,0.296
190201,Copper River,2011,large aspen tortrix,1,0.09,0.0
190201,Copper River,2012,northern spruce engraver,452,40.68,100.0
190201,Copper River,2013,spruce beetle,5728,515.52,62.973
190201,Copper River,2013,decline complex,2897,260.73,31.849
190201,Copper River,2013,spruce broom rust,403,36.27,4.431
190201,Copper River,2013,flooding-high water,39,3.51,0.429
190201,Copper River,2013,willow leaf blotchminer,29,2.61,0.319
190201,Copper River,2014,birch leafroller,27892,2510.28,57.995
190201,Copper River,2014,defoliators,12571,1131.39,26.138
190201,Copper River,2014,spruce beetle,3936,354.24,8.184
190201,Copper River,2014,aspen leafminer,2916,262.44,6.063
190201,Copper River,2014,decline complex,402,36.18,0.836
190201,Copper River,2014,willow leaf blotchminer,377,33.93,0.784
190201,Copper River,2015,aspen leafminer,108846,9796.14,81.025
190201,Copper River,2015,unknown defoliator,25793,2321.37,19.2
190201,Copper River,2015,large aspen tortrix,8002,720.18,5.957
190201,Copper River,2015,unknown canker,1725,155.25,1.284
190201,Copper River,2015,spruce beetle,901,81.09,0.671
190201,Copper River,2015,flooding-high water,599,53.91,0.446
190201,Copper River,2015,northern spruce engraver,185,16.65,0.138
190201,Copper River,2015,spruce broom rust,169,15.21,0.126
190201,Copper River,2015,wind-tornado/hurricane,101,9.09,0.075
190201,Copper River,2015,unknown,96,8.64,0.071
190201,Copper River,2016,aspen leafminer,30974,2787.66,61.58
190201,Copper River,2016,unknown defoliator,16860,1517.4,33.52
190201,Copper River,2016,unknown canker,1212,109.08,2.41
190201,Copper River,2016,spruce beetle,555,49.95,1.103
190201,Copper River,2016,willow leaf blotchminer,238,21.42,0.473
190201,Copper River,2016,spruce aphid,172,15.48,0.342
190201,Copper River,2016,flooding-high water,156,14.04,0.31
190201,Copper River,2016,speckled green fruitworm,132,11.88,0.262
190201,Copper River,2017,aspen leafminer,36786,3310.74,87.778
190201,Copper River,2017,"other canker agent, known (code pending)",2942,264.78,7.02
190201,Copper River,2017,spruce beetle,727,65.43,1.735
190201,Copper River,2017,unknown defoliator,633,56.97,1.51
190201,Copper River,2017,spruce broom rust,330,29.7,0.787
190201,Copper River,2017,spruce budworm,294,26.46,0.702
190201,Copper River,2017,flooding-high water,191,17.19,0.456
190201,Copper River,2017,mud-land slide,5,0.45,0.012
190201,Copper River,2018,aspen leafminer,64837,5835.33,91.71
190201,Copper River,2018,unknown defoliator,4318,388.62,6.108
190201,Copper River,2018,"other canker agent, known (code pending)",949,85.41,1.342
190201,Copper River,2018,spruce beetle,536,48.24,0.758
190201,Copper River,2018,flooding-high water,48,4.32,0.068
190201,Copper River,2018,unknown,10,0.9,0.014
190201,Copper River,2019,aspen leafminer,34003,3060.27,86.627
190201,Copper River,2019,unknown defoliator,1605,144.45,4.089
190201,Copper River,2019,"other canker agent, known (code pending)",1260,113.4,3.21
190201,Copper River,2019,willow leaf blotchminer,993,89.37,2.53
190201,Copper River,2019,unknown canker,871,78.39,2.219
190201,Copper River,2019,spruce beetle,254,22.86,0.647
190201,Copper River,2019,spruce broom rust,252,22.68,0.642
190201,Copper River,2019,flooding-high water,7,0.63,0.018
190201,Copper River,2019,unknown,7,0.63,0.018
190201,Copper River,2020,aspen leafminer,12777,1149.93,99.093
190201,Copper River,2020,spruce broom rust,89,8.01,0.69
190201,Copper River,2020,willow leaf blotchminer,17,1.53,0.132
190201,Copper River,2020,flooding-high water,11,0.99,0.085
190201,Copper River,2021,spruce broom rust,25,2.25,100.0
190201,Copper River,2022,spruce beetle,10685,961.65,82.9
190201,Copper River,2022,"other canker agent, known (code pending)",1898,170.82,14.726
190201,Copper River,2022,unknown defoliator,121,10.89,0.939
190201,Copper River,2022,flooding-high water,94,8.46,0.729
190201,Copper River,2022,wind-tornado/hurricane,46,4.14,0.357
190201,Copper River,2022,unknown canker,34,3.06,0.264
190201,Copper River,2022,unknown,6,0.54,0.047
190201,Copper River,2022,willow leaf blotchminer,5,0.45,0.039
190201,Copper River,2023,large-spored spruce-Labrador tea rust,25776,2319.84,56.035
190201,Copper River,2023,spruce beetle,19521,1756.89,42.437
190201,Copper River,2023,unknown defoliator,250,22.5,0.543
190201,Copper River,2023,mud-land slide,222,19.98,0.483
190201,Copper River,2023,flooding-high water,214,19.26,0.465
190201,Copper River,2023,northern spruce engraver,17,1.53,0.037
190201,Copper River,2024,unknown defoliator,42189,3797.01,71.409
190201,Copper River,2024,spruce beetle,6528,587.52,11.049
190201,Copper River,2024,"other canker agent, known (code pending)",4614,415.26,7.81
190201,Copper River,2024,flooding-high water,4091,368.19,6.924
190201,Copper River,2024,aspen leafminer,825,74.25,1.396
190201,Copper River,2024,mud-land slide,563,50.67,0.953
190201,Copper River,2024,unknown canker,140,12.6,0.237
190201,Copper River,2024,snow-ice,63,5.67,0.107
190201,Copper River,2024,large-spored spruce-Labrador tea rust,26,2.34,0.044
190201,Copper River,2024,spruce broom rust,22,1.98,0.037
190201,Copper River,2024,volcano,20,1.8,0.034
190201,Copper River,2025,spruce beetle,2854,256.86,89.748
190201,Copper River,2025,mud-land slide,124,11.16,3.899
190201,Copper River,2025,flooding-high water,80,7.2,2.516
190201,Copper River,2025,unknown defoliator,52,4.68,1.635
190201,Copper River,2025,spruce broom rust,30,2.7,0.943
190201,Copper River,2025,unknown,30,2.7,0.943
190201,Copper River,2025,northern spruce engraver,10,0.9,0.314
190202,Prince William Sound,1997,western blackheaded budworm,78031,7022.79,95.577
190202,Prince William Sound,1997,flooding-high water,2235,201.15,2.738
190202,Prince William Sound,1997,spruce beetle,804,72.36,0.985
190202,Prince William Sound,1997,wind-tornado/hurricane,444,39.96,0.544
190202,Prince William Sound,1997,mud-land slide,128,11.52,0.157
190202,Prince William Sound,1998,spruce beetle,808,72.72,53.939
190202,Prince William Sound,1998,Chrysomela leaf beetle,516,46.44,34.446
190202,Prince William Sound,1998,flooding-high water,135,12.15,9.012
190202,Prince William Sound,1998,defoliators,39,3.51,2.603
190202,Prince William Sound,1999,spruce beetle,2364,212.76,90.057
190202,Prince William Sound,1999,western blackheaded budworm,261,23.49,9.943
190202,Prince William Sound,2001,western blackheaded budworm,56752,5107.68,98.931
190202,Prince William Sound,2001,flooding-high water,613,55.17,1.069
190202,Prince William Sound,2002,western blackheaded budworm,13467,1212.03,99.19
190202,Prince William Sound,2002,defoliators,107,9.63,0.788
190202,Prince William Sound,2002,spruce beetle,3,0.27,0.022
190202,Prince William Sound,2003,western blackheaded budworm,5701,513.09,94.638
190202,Prince William Sound,2003,defoliators,252,22.68,4.183
190202,Prince William Sound,2003,spruce aphid,51,4.59,0.847
190202,Prince William Sound,2003,wind-tornado/hurricane,20,1.8,0.332
190202,Prince William Sound,2004,flooding-high water,938,84.42,66.714
190202,Prince William Sound,2004,western blackheaded budworm,468,42.12,33.286
190202,Prince William Sound,2005,spruce aphid,20570,1851.3,52.142
190202,Prince William Sound,2005,defoliators,10690,962.1,27.098
190202,Prince William Sound,2005,western blackheaded budworm,6291,566.19,15.947
190202,Prince William Sound,2005,flooding-high water,1318,118.62,3.341
190202,Prince William Sound,2005,spruce beetle,581,52.29,1.473
190202,Prince William Sound,2006,western blackheaded budworm,2358,212.22,55.824
190202,Prince William Sound,2006,flooding-high water,1866,167.94,44.176
190202,Prince William Sound,2007,western blackheaded budworm,30611,2754.99,88.074
190202,Prince William Sound,2007,spruce aphid,2916,262.44,8.39
190202,Prince William Sound,2007,flooding-high water,734,66.06,2.112
190202,Prince William Sound,2007,spruce beetle,495,44.55,1.424
190202,Prince William Sound,2008,western blackheaded budworm,8893,800.37,92.829
190202,Prince William Sound,2008,flooding-high water,395,35.55,4.123
190202,Prince William Sound,2008,common porcupine,246,22.14,2.568
190202,Prince William Sound,2008,mud-land slide,32,2.88,0.334
190202,Prince William Sound,2008,wind-tornado/hurricane,14,1.26,0.146
190202,Prince William Sound,2009,western blackheaded budworm,2898,260.82,76.143
190202,Prince William Sound,2009,decline complex,908,81.72,23.857
190202,Prince William Sound,2010,spruce beetle,282,25.38,58.385
190202,Prince William Sound,2010,canker (general),201,18.09,41.615
190202,Prince William Sound,2011,mortality,28009,2520.81,49.09
190202,Prince William Sound,2011,dieback,13407,1206.63,23.498
190202,Prince William Sound,2011,defoliators,11670,1050.3,20.453
190202,Prince William Sound,2011,spruce beetle,3800,342.0,6.66
190202,Prince William Sound,2011,flooding-high water,149,13.41,0.261
190202,Prince William Sound,2011,willow leaf blotchminer,22,1.98,0.039
190202,Prince William Sound,2012,defoliators,15722,1414.98,99.343
190202,Prince William Sound,2012,flooding-high water,73,6.57,0.461
190202,Prince William Sound,2012,"other wilt, known (code pending)",31,2.79,0.196
190202,Prince William Sound,2013,defoliators,1952,175.68,92.997
190202,Prince William Sound,2013,decline complex,127,11.43,6.051
190202,Prince William Sound,2013,flooding-high water,20,1.8,0.953
190202,Prince William Sound,2014,decline complex,6078,547.02,94.043
190202,Prince William Sound,2014,flooding-high water,344,30.96,5.323
190202,Prince William Sound,2014,defoliators,41,3.69,0.634
190202,Prince William Sound,2015,spruce aphid,4100,369.0,79.767
190202,Prince William Sound,2015,flooding-high water,686,61.74,13.346
190202,Prince William Sound,2015,unknown canker,181,16.29,3.521
190202,Prince William Sound,2015,unknown defoliator,173,15.57,3.366
190202,Prince William Sound,2016,spruce aphid,4396,395.64,64.866
190202,Prince William Sound,2016,flooding-high water,899,80.91,13.265
190202,Prince William Sound,2016,spruce beetle,572,51.48,8.44
190202,Prince William Sound,2016,unknown canker,549,49.41,8.101
190202,Prince William Sound,2016,unknown defoliator,361,32.49,5.327
190202,Prince William Sound,2017,unknown,4790,431.1,98.055
190202,Prince William Sound,2017,unknown defoliator,54,4.86,1.105
190202,Prince William Sound,2017,wind-tornado/hurricane,41,3.69,0.839
190202,Prince William Sound,2018,spruce beetle,1507,135.63,74.09
190202,Prince William Sound,2018,unknown defoliator,304,27.36,14.946
190202,Prince William Sound,2018,unknown,122,10.98,5.998
190202,Prince William Sound,2018,"other canker agent, known (code pending)",76,6.84,3.736
190202,Prince William Sound,2018,wind-tornado/hurricane,25,2.25,1.229
190202,Prince William Sound,2020,spruce beetle,8380,754.2,99.762
190202,Prince William Sound,2020,wind-tornado/hurricane,20,1.8,0.238
190202,Prince William Sound,2021,flooding-high water,255,22.95,77.508
190202,Prince William Sound,2021,spruce beetle,74,6.66,22.492
190202,Prince William Sound,2022,unknown defoliator,415,37.35,83.838
190202,Prince William Sound,2022,spruce beetle,80,7.2,16.162
190202,Prince William Sound,2023,spruce beetle,1082,97.38,61.864
190202,Prince William Sound,2023,unknown defoliator,667,60.03,38.136
190202,Prince William Sound,2024,"other canker agent, known (code pending)",347,31.23,50.0
190202,Prince William Sound,2024,flooding-high water,239,21.51,34.438
190202,Prince William Sound,2024,spruce beetle,78,7.02,11.239
190202,Prince William Sound,2024,unknown,30,2.7,4.323
190202,Prince William Sound,2025,western blackheaded budworm,211663,19049.67,99.95
190202,Prince William Sound,2025,flooding-high water,66,5.94,0.031
190202,Prince William Sound,2025,spruce beetle,32,2.88,0.015
190202,Prince William Sound,2025,snow-ice,8,0.72,0.004
190203,Kenai Peninsula,1997,spruce beetle,1238409,111456.81,95.61
190203,Kenai Peninsula,1997,large-spored spruce-Labrador tea rust,48418,4357.62,3.738
190203,Kenai Peninsula,1997,wind-tornado/hurricane,3521,316.89,0.272
190203,Kenai Peninsula,1997,defoliators,3263,293.67,0.252
190203,Kenai Peninsula,1997,large aspen tortrix,1017,91.53,0.079
190203,Kenai Peninsula,1997,flooding-high water,264,23.76,0.02
190203,Kenai Peninsula,1997,northern spruce engraver,175,15.75,0.014
190203,Kenai Peninsula,1997,fire,108,9.72,0.008
190203,Kenai Peninsula,1997,western blackheaded budworm,81,7.29,0.006
190203,Kenai Peninsula,1997,willow leaf blotchminer,13,1.17,0.001
190203,Kenai Peninsula,1998,spruce beetle,740449,66640.41,91.54
190203,Kenai Peninsula,1998,large aspen tortrix,57670,5190.3,7.13
190203,Kenai Peninsula,1998,Chrysomela leaf beetle,9009,810.81,1.114
190203,Kenai Peninsula,1998,fire,927,83.43,0.115
190203,Kenai Peninsula,1998,large-spored spruce-Labrador tea rust,451,40.59,0.056
190203,Kenai Peninsula,1998,flooding-high water,337,30.33,0.042
190203,Kenai Peninsula,1998,northern spruce engraver,39,3.51,0.005
190203,Kenai Peninsula,1999,spruce beetle,293879,26449.11,97.121
190203,Kenai Peninsula,1999,fire,5143,462.87,1.7
190203,Kenai Peninsula,1999,large aspen tortrix,2602,234.18,0.86
190203,Kenai Peninsula,1999,flooding-high water,451,40.59,0.149
190203,Kenai Peninsula,1999,northern spruce engraver,305,27.45,0.101
190203,Kenai Peninsula,1999,mud-land slide,194,17.46,0.064
190203,Kenai Peninsula,1999,willow leaf blotchminer,18,1.62,0.006
190203,Kenai Peninsula,2000,spruce beetle,233203,20988.27,97.779
190203,Kenai Peninsula,2000,defoliators,3520,316.8,1.476
190203,Kenai Peninsula,2000,mud-land slide,1776,159.84,0.745
190203,Kenai Peninsula,2001,spruce beetle,134932,12143.88,88.3
190203,Kenai Peninsula,2001,fire,11229,1010.61,7.348
190203,Kenai Peninsula,2001,defoliators,5265,473.85,3.445
190203,Kenai Peninsula,2001,western blackheaded budworm,997,89.73,0.652
190203,Kenai Peninsula,2001,willow leaf blotchminer,265,23.85,0.173
190203,Kenai Peninsula,2001,flooding-high water,88,7.92,0.058
190203,Kenai Peninsula,2001,northern spruce engraver,35,3.15,0.023
190203,Kenai Peninsula,2002,spruce beetle,43176,3885.84,90.255
190203,Kenai Peninsula,2002,defoliators,2920,262.8,6.104
190203,Kenai Peninsula,2002,birch leafminer,1444,129.96,3.019
190203,Kenai Peninsula,2002,Chrysomela leaf beetle,200,18.0,0.418
190203,Kenai Peninsula,2002,northern spruce engraver,148,13.32,0.309
190203,Kenai Peninsula,2002,flooding-high water,31,2.79,0.065
190203,Kenai Peninsula,2002,wind-tornado/hurricane,2,0.18,0.004
190203,Kenai Peninsula,2003,spruce beetle,78524,7067.16,92.622
190203,Kenai Peninsula,2003,defoliators,2947,265.23,3.476
190203,Kenai Peninsula,2003,birch leafminer,2943,264.87,3.471
190203,Kenai Peninsula,2003,birch leafroller,322,28.98,0.38
190203,Kenai Peninsula,2003,aspen leafminer,43,3.87,0.051
190203,Kenai Peninsula,2004,spruce beetle,24846,2236.14,68.337
190203,Kenai Peninsula,2004,birch leafminer,5560,500.4,15.292
190203,Kenai Peninsula,2004,decline complex,3981,358.29,10.949
190203,Kenai Peninsula,2004,defoliators,1877,168.93,5.163
190203,Kenai Peninsula,2004,aspen leafminer,94,8.46,0.259
190203,Kenai Peninsula,2005,fire,40863,3677.67,46.522
190203,Kenai Peninsula,2005,spruce beetle,33737,3036.33,38.41
190203,Kenai Peninsula,2005,defoliators,8774,789.66,9.989
190203,Kenai Peninsula,2005,birch leafminer,3685,331.65,4.195
190203,Kenai Peninsula,2005,flooding-high water,528,47.52,0.601
190203,Kenai Peninsula,2005,mud-land slide,200,18.0,0.228
190203,Kenai Peninsula,2005,willow leaf blotchminer,48,4.32,0.055
190203,Kenai Peninsula,2006,spruce beetle,60311,5427.99,79.918
190203,Kenai Peninsula,2006,aspen leafminer,6225,560.25,8.249
190203,Kenai Peninsula,2006,large aspen tortrix,5918,532.62,7.842
190203,Kenai Peninsula,2006,defoliators,2476,222.84,3.281
190203,Kenai Peninsula,2006,northern spruce engraver,486,43.74,0.644
190203,Kenai Peninsula,2006,spruce broom rust,50,4.5,0.066
190203,Kenai Peninsula,2007,spruce beetle,81493,7334.37,83.493
190203,Kenai Peninsula,2007,flooding-high water,12473,1122.57,12.779
190203,Kenai Peninsula,2007,aspen leafminer,2666,239.94,2.731
190203,Kenai Peninsula,2007,defoliators,412,37.08,0.422
190203,Kenai Peninsula,2007,northern spruce engraver,363,32.67,0.372
190203,Kenai Peninsula,2007,wind-tornado/hurricane,198,17.82,0.203
190203,Kenai Peninsula,2009,spear-marked black moth,64351,5791.59,52.963
190203,Kenai Peninsula,2009,spruce beetle,37666,3389.94,31.0
190203,Kenai Peninsula,2009,aspen leafminer,18965,1706.85,15.609
190203,Kenai Peninsula,2009,flooding-high water,412,37.08,0.339
190203,Kenai Peninsula,2009,decline complex,108,9.72,0.089
190203,Kenai Peninsula,2010,spruce beetle,16123,1451.07,37.7
190203,Kenai Peninsula,2010,aspen leafminer,14965,1346.85,34.992
190203,Kenai Peninsula,2010,canker (general),5066,455.94,11.846
190203,Kenai Peninsula,2010,willow leaf blotchminer,4084,367.56,9.549
190203,Kenai Peninsula,2010,defoliators,1030,92.7,2.408
190203,Kenai Peninsula,2010,spear-marked black moth,711,63.99,1.662
190203,Kenai Peninsula,2010,large aspen tortrix,610,54.9,1.426
190203,Kenai Peninsula,2010,flooding-high water,117,10.53,0.274
190203,Kenai Peninsula,2010,large-spored spruce-Labrador tea rust,61,5.49,0.143
190203,Kenai Peninsula,2011,defoliators,50464,4541.76,46.781
190203,Kenai Peninsula,2011,dieback,31682,2851.38,29.369
190203,Kenai Peninsula,2011,spruce beetle,22639,2037.51,20.987
190203,Kenai Peninsula,2011,willow leaf blotchminer,2282,205.38,2.115
190203,Kenai Peninsula,2011,large aspen tortrix,570,51.3,0.528
190203,Kenai Peninsula,2011,large-spored spruce-Labrador tea rust,115,10.35,0.107
190203,Kenai Peninsula,2011,flooding-high water,96,8.64,0.089
190203,Kenai Peninsula,2011,aspen leafminer,72,6.48,0.067
190203,Kenai Peninsula,2012,defoliators,44670,4020.3,73.246
190203,Kenai Peninsula,2012,hemlock sawfly,9927,893.43,16.278
190203,Kenai Peninsula,2012,spruce beetle,5616,505.44,9.209
190203,Kenai Peninsula,2012,willow leaf blotchminer,3005,270.45,4.927
190203,Kenai Peninsula,2012,"other wilt, known (code pending)",83,7.47,0.136
190203,Kenai Peninsula,2012,flooding-high water,41,3.69,0.067
190203,Kenai Peninsula,2013,birch leafroller,113452,10210.68,54.149
190203,Kenai Peninsula,2013,defoliators,81799,7361.91,39.042
190203,Kenai Peninsula,2013,decline complex,15213,1369.17,7.261
190203,Kenai Peninsula,2013,willow leaf blotchminer,2221,199.89,1.06
190203,Kenai Peninsula,2013,spruce beetle,963,86.67,0.46
190203,Kenai Peninsula,2013,spear-marked black moth,401,36.09,0.191
190203,Kenai Peninsula,2013,flooding-high water,75,6.75,0.036
190203,Kenai Peninsula,2014,defoliators,15308,1377.72,58.425
190203,Kenai Peninsula,2014,decline complex,9766,878.94,37.273
190203,Kenai Peninsula,2014,spruce beetle,688,61.92,2.626
190203,Kenai Peninsula,2014,flooding-high water,303,27.27,1.156
190203,Kenai Peninsula,2014,birch leafminer,105,9.45,0.401
190203,Kenai Peninsula,2014,aspen leafminer,31,2.79,0.118
190203,Kenai Peninsula,2015,unknown defoliator,48129,4331.61,51.878
190203,Kenai Peninsula,2015,spruce beetle,32316,2908.44,34.833
190203,Kenai Peninsula,2015,spruce aphid,5520,496.8,5.95
190203,Kenai Peninsula,2015,large aspen tortrix,3223,290.07,3.474
190203,Kenai Peninsula,2015,unknown canker,1505,135.45,1.622
190203,Kenai Peninsula,2015,flooding-high water,1162,104.58,1.253
190203,Kenai Peninsula,2015,birch leafminer,918,82.62,0.99
190203,Kenai Peninsula,2016,spruce aphid,76368,6873.12,39.662
190203,Kenai Peninsula,2016,spruce beetle,72873,6558.57,37.847
190203,Kenai Peninsula,2016,unknown defoliator,40353,3631.77,20.958
190203,Kenai Peninsula,2016,unknown canker,1372,123.48,0.713
190203,Kenai Peninsula,2016,willow leaf blotchminer,871,78.39,0.452
190203,Kenai Peninsula,2016,spruce broom rust,256,23.04,0.133
190203,Kenai Peninsula,2016,flooding-high water,163,14.67,0.085
190203,Kenai Peninsula,2016,aspen leafminer,144,12.96,0.075
190203,Kenai Peninsula,2016,wind-tornado/hurricane,131,11.79,0.068
190203,Kenai Peninsula,2016,northern spruce engraver,44,3.96,0.023
190203,Kenai Peninsula,2017,spruce beetle,247689,22292.01,89.222
190203,Kenai Peninsula,2017,unknown defoliator,27368,2463.12,9.858
190203,Kenai Peninsula,2017,northern spruce engraver,1416,127.44,0.51
190203,Kenai Peninsula,2017,"other canker agent, known (code pending)",929,83.61,0.335
190203,Kenai Peninsula,2017,willow leaf blotchminer,99,8.91,0.036
190203,Kenai Peninsula,2017,mud-land slide,74,6.66,0.027
190203,Kenai Peninsula,2017,unknown canker,34,3.06,0.012
190203,Kenai Peninsula,2018,spruce beetle,214977,19347.93,78.113
190203,Kenai Peninsula,2018,unknown defoliator,59065,5315.85,21.462
190203,Kenai Peninsula,2018,large-spored spruce-Labrador tea rust,1368,123.12,0.497
190203,Kenai Peninsula,2018,unknown,510,45.9,0.185
190203,Kenai Peninsula,2018,flooding-high water,79,7.11,0.029
190203,Kenai Peninsula,2018,"other canker agent, known (code pending)",23,2.07,0.008
190203,Kenai Peninsula,2019,birch leafminer,383271,34494.39,93.751
190203,Kenai Peninsula,2019,spruce beetle,27395,2465.55,6.701
190203,Kenai Peninsula,2019,unknown defoliator,713,64.17,0.174
190203,Kenai Peninsula,2019,cottonwood leaf beetle,383,34.47,0.094
190203,Kenai Peninsula,2019,spruce broom rust,91,8.19,0.022
190203,Kenai Peninsula,2019,flooding-high water,54,4.86,0.013
190203,Kenai Peninsula,2019,"other canker agent, known (code pending)",50,4.5,0.012
190203,Kenai Peninsula,2019,unknown,23,2.07,0.006
190203,Kenai Peninsula,2019,aspen leafminer,20,1.8,0.005
190203,Kenai Peninsula,2019,large-spored spruce-Labrador tea rust,4,0.36,0.001
190203,Kenai Peninsula,2020,spruce beetle,97937,8814.33,95.811
190203,Kenai Peninsula,2020,unknown defoliator,3602,324.18,3.524
190203,Kenai Peninsula,2020,drought,547,49.23,0.535
190203,Kenai Peninsula,2020,aspen leafminer,123,11.07,0.12
190203,Kenai Peninsula,2020,"other canker agent, known (code pending)",10,0.9,0.01
190203,Kenai Peninsula,2021,spruce beetle,175204,15768.36,96.592
190203,Kenai Peninsula,2021,unknown defoliator,4713,424.17,2.598
190203,Kenai Peninsula,2021,large-spored spruce-Labrador tea rust,602,54.18,0.332
190203,Kenai Peninsula,2021,"other canker agent, known (code pending)",400,36.0,0.221
190203,Kenai Peninsula,2021,drought,212,19.08,0.117
190203,Kenai Peninsula,2021,flooding-high water,156,14.04,0.086
190203,Kenai Peninsula,2021,unknown,124,11.16,0.068
190203,Kenai Peninsula,2021,unknown canker,55,4.95,0.03
190203,Kenai Peninsula,2021,northern spruce engraver,14,1.26,0.008
190203,Kenai Peninsula,2021,spruce broom rust,6,0.54,0.003
190203,Kenai Peninsula,2022,spruce beetle,258200,23238.0,85.952
190203,Kenai Peninsula,2022,unknown defoliator,40447,3640.23,13.464
190203,Kenai Peninsula,2022,"other canker agent, known (code pending)",1369,123.21,0.456
190203,Kenai Peninsula,2022,flooding-high water,178,16.02,0.059
190203,Kenai Peninsula,2022,unknown,165,14.85,0.055
190203,Kenai Peninsula,2022,snow-ice,35,3.15,0.012
190203,Kenai Peninsula,2022,wind-tornado/hurricane,17,1.53,0.006
190203,Kenai Peninsula,2022,spruce broom rust,6,0.54,0.002
190203,Kenai Peninsula,2023,spruce beetle,372892,33560.28,94.526
190203,Kenai Peninsula,2023,unknown defoliator,20191,1817.19,5.118
190203,Kenai Peninsula,2023,large-spored spruce-Labrador tea rust,921,82.89,0.233
190203,Kenai Peninsula,2023,northern spruce engraver and spruce beetle,340,30.6,0.086
190203,Kenai Peninsula,2023,unknown,153,13.77,0.039
190203,Kenai Peninsula,2023,flooding-high water,81,7.29,0.021
190203,Kenai Peninsula,2023,"other canker agent, known (code pending)",57,5.13,0.014
190203,Kenai Peninsula,2024,spruce beetle,43230,3890.7,83.518
190203,Kenai Peninsula,2024,unknown defoliator,5927,533.43,11.451
190203,Kenai Peninsula,2024,flooding-high water,951,85.59,1.837
190203,Kenai Peninsula,2024,large-spored spruce-Labrador tea rust,525,47.25,1.014
190203,Kenai Peninsula,2024,northern spruce engraver and spruce beetle,355,31.95,0.686
190203,Kenai Peninsula,2024,"other defoliator, known (code pending)",269,24.21,0.52
190203,Kenai Peninsula,2024,unknown abiotic damage,191,17.19,0.369
190203,Kenai Peninsula,2024,follow-up 10,156,14.04,0.301
190203,Kenai Peninsula,2024,bears,71,6.39,0.137
190203,Kenai Peninsula,2024,"other canker agent, known (code pending)",59,5.31,0.114
190203,Kenai Peninsula,2024,wind-tornado/hurricane,27,2.43,0.052
190203,Kenai Peninsula,2025,birch leafminer,339883,30589.47,90.796
190203,Kenai Peninsula,2025,spruce beetle,12202,1098.18,3.26
190203,Kenai Peninsula,2025,western blackheaded budworm,10162,914.58,2.715
190203,Kenai Peninsula,2025,unknown foliage or shoot disease,7957,716.13,2.126
190203,Kenai Peninsula,2025,unknown defoliator,3770,339.3,1.007
190203,Kenai Peninsula,2025,flooding-high water,326,29.34,0.087
190203,Kenai Peninsula,2025,northern spruce engraver and spruce beetle,32,2.88,0.009
190203,Kenai Peninsula,2025,mud-land slide,17,1.53,0.005
190203,Kenai Peninsula,2025,spruce aphid,13,1.17,0.003
190204,Knik Arm,1997,spruce beetle,244966,22046.94,90.719
190204,Knik Arm,1997,defoliators,17316,1558.44,6.413
190204,Knik Arm,1997,large aspen tortrix,6726,605.34,2.491
190204,Knik Arm,1997,willow leaf blotchminer,939,84.51,0.348
190204,Knik Arm,1997,northern spruce engraver,157,14.13,0.058
190204,Knik Arm,1998,spruce beetle,73485,6613.65,99.876
190204,Knik Arm,1998,large aspen tortrix,91,8.19,0.124
190204,Knik Arm,1999,spruce beetle,55890,5030.1,89.671
190204,Knik Arm,1999,defoliators,3151,283.59,5.056
190204,Knik Arm,1999,fire,2020,181.8,3.241
190204,Knik Arm,1999,large aspen tortrix,1234,111.06,1.98
190204,Knik Arm,1999,flooding-high water,33,2.97,0.053
190204,Knik Arm,2000,spruce beetle,72571,6531.39,98.872
190204,Knik Arm,2000,mud-land slide,828,74.52,1.128
190204,Knik Arm,2001,spruce beetle,86383,7774.47,81.932
190204,Knik Arm,2001,defoliators,17289,1556.01,16.398
190204,Knik Arm,2001,striped alder sawfly,1649,148.41,1.564
190204,Knik Arm,2001,willow leaf blotchminer,112,10.08,0.106
190204,Knik Arm,2002,birch leafminer,132050,11884.5,95.304
190204,Knik Arm,2002,spruce beetle,6507,585.63,4.696
190204,Knik Arm,2003,birch leafminer,142756,12848.04,91.18
190204,Knik Arm,2003,defoliators,13519,1216.71,8.635
190204,Knik Arm,2003,wind-tornado/hurricane,175,15.75,0.112
190204,Knik Arm,2003,spruce beetle,115,10.35,0.073
190204,Knik Arm,2004,birch leafminer,615260,55373.4,92.527
190204,Knik Arm,2004,decline complex,36953,3325.77,5.557
190204,Knik Arm,2004,large aspen tortrix,7270,654.3,1.093
190204,Knik Arm,2004,defoliators,4430,398.7,0.666
190204,Knik Arm,2004,spruce beetle,3000,270.0,0.451
190204,Knik Arm,2004,Chrysomela leaf beetle,660,59.4,0.099
190204,Knik Arm,2004,flooding-high water,139,12.51,0.021
190204,Knik Arm,2005,birch leafminer,129115,11620.35,57.723
190204,Knik Arm,2005,defoliators,73198,6587.82,32.724
190204,Knik Arm,2005,aspen leafminer,8737,786.33,3.906
190204,Knik Arm,2005,spruce beetle,6280,565.2,2.808
190204,Knik Arm,2005,winter injury,4081,367.29,1.824
190204,Knik Arm,2005,flooding-high water,1294,116.46,0.579
190204,Knik Arm,2005,wind-tornado/hurricane,569,51.21,0.254
190204,Knik Arm,2005,fire,213,19.17,0.095
190204,Knik Arm,2005,northern spruce engraver,193,17.37,0.086
190204,Knik Arm,2006,aspen leafminer,19847,1786.23,43.131
190204,Knik Arm,2006,defoliators,11309,1017.81,24.576
190204,Knik Arm,2006,large aspen tortrix,11238,1011.42,24.422
190204,Knik Arm,2006,spruce beetle,3207,288.63,6.969
190204,Knik Arm,2006,cottonwood leafminers,265,23.85,0.576
190204,Knik Arm,2006,flooding-high water,79,7.11,0.172
190204,Knik Arm,2006,Chrysomela leaf beetle,71,6.39,0.154
190204,Knik Arm,2007,large aspen tortrix,45354,4081.86,69.48
190204,Knik Arm,2007,aspen leafminer,18244,1641.96,27.949
190204,Knik Arm,2007,defoliators,774,69.66,1.186
190204,Knik Arm,2007,spruce beetle,698,62.82,1.069
190204,Knik Arm,2007,flooding-high water,206,18.54,0.316
190204,Knik Arm,2008,northern spruce engraver,383,34.47,70.664
190204,Knik Arm,2008,spruce beetle,159,14.31,29.336
190204,Knik Arm,2009,defoliators,3045,274.05,93.866
190204,Knik Arm,2009,spruce beetle,150,13.5,4.624
190204,Knik Arm,2009,willow leaf blotchminer,36,3.24,1.11
190204,Knik Arm,2009,flooding-high water,13,1.17,0.401
190204,Knik Arm,2010,canker (general),77931,7013.79,92.469
190204,Knik Arm,2010,defoliators,6295,566.55,7.469
190204,Knik Arm,2010,willow leaf blotchminer,29,2.61,0.034
190204,Knik Arm,2010,flooding-high water,23,2.07,0.027
190204,Knik Arm,2011,defoliators,89024,8012.16,74.058
190204,Knik Arm,2011,dieback,33611,3024.99,27.961
190204,Knik Arm,2012,defoliators,28786,2590.74,100.0
190204,Knik Arm,2013,defoliators,34231,3080.79,70.985
190204,Knik Arm,2013,decline complex,22071,1986.39,45.769
190204,Knik Arm,2013,birch leafroller,3588,322.92,7.44
190204,Knik Arm,2013,flooding-high water,902,81.18,1.87
190204,Knik Arm,2013,willow leaf blotchminer,283,25.47,0.587
190204,Knik Arm,2013,spruce beetle,57,5.13,0.118
190204,Knik Arm,2014,defoliators,24897,2240.73,85.704
190204,Knik Arm,2014,decline complex,2360,212.4,8.124
190204,Knik Arm,2014,large aspen tortrix,1003,90.27,3.453
190204,Knik Arm,2014,flooding-high water,640,57.6,2.203
190204,Knik Arm,2014,birch leafminer,150,13.5,0.516
190204,Knik Arm,2015,unknown defoliator,49236,4431.24,79.559
190204,Knik Arm,2015,unknown canker,4703,423.27,7.599
190204,Knik Arm,2015,flooding-high water,3052,274.68,4.932
190204,Knik Arm,2015,spruce beetle,1571,141.39,2.539
190204,Knik Arm,2015,birch leafminer,1516,136.44,2.45
190204,Knik Arm,2015,drought,1449,130.41,2.341
190204,Knik Arm,2015,large aspen tortrix,1059,95.31,1.711
190204,Knik Arm,2015,unknown,264,23.76,0.427
190204,Knik Arm,2015,northern spruce engraver,95,8.55,0.154
190204,Knik Arm,2016,unknown defoliator,69763,6278.67,75.232
190204,Knik Arm,2016,spruce beetle,10769,969.21,11.613
190204,Knik Arm,2016,birch leafroller,7849,706.41,8.464
190204,Knik Arm,2016,unknown canker,5149,463.41,5.553
190204,Knik Arm,2016,northern spruce engraver,559,50.31,0.603
190204,Knik Arm,2016,birch leafminer,170,15.3,0.183
190204,Knik Arm,2016,wind-tornado/hurricane,40,3.6,0.043
190204,Knik Arm,2016,mud-land slide,25,2.25,0.027
190204,Knik Arm,2016,willow leaf blotchminer,20,1.8,0.022
190204,Knik Arm,2016,flooding-high water,8,0.72,0.009
190204,Knik Arm,2017,spruce beetle,45951,4135.59,94.614
190204,Knik Arm,2017,unknown defoliator,1118,100.62,2.302
190204,Knik Arm,2017,birch leafminer,1085,97.65,2.234
190204,Knik Arm,2017,flooding-high water,289,26.01,0.595
190204,Knik Arm,2017,unknown,84,7.56,0.173
190204,Knik Arm,2017,"other canker agent, known (code pending)",33,2.97,0.068
190204,Knik Arm,2017,northern spruce engraver,15,1.35,0.031
190204,Knik Arm,2017,mud-land slide,8,0.72,0.016
190204,Knik Arm,2018,birch leafminer,356622,32095.98,85.202
190204,Knik Arm,2018,spruce beetle,41602,3744.18,9.939
190204,Knik Arm,2018,unknown defoliator,26642,2397.78,6.365
190204,Knik Arm,2018,"other canker agent, known (code pending)",17,1.53,0.004
190204,Knik Arm,2019,birch leafminer,430082,38707.38,92.878
190204,Knik Arm,2019,spruce beetle,36768,3309.12,7.94
190204,Knik Arm,2019,large-spored spruce-Labrador tea rust,998,89.82,0.216
190204,Knik Arm,2019,unknown defoliator,537,48.33,0.116
190204,Knik Arm,2019,"other canker agent, known (code pending)",324,29.16,0.07
190204,Knik Arm,2019,unknown,263,23.67,0.057
190204,Knik Arm,2019,mud-land slide,57,5.13,0.012
190204,Knik Arm,2019,spruce broom rust,21,1.89,0.005
190204,Knik Arm,2019,unknown canker,10,0.9,0.002
190204,Knik Arm,2020,spruce beetle,347392,31265.28,99.631
190204,Knik Arm,2020,unknown defoliator,1030,92.7,0.295
190204,Knik Arm,2020,birch leafminer,339,30.51,0.097
190204,Knik Arm,2020,drought,140,12.6,0.04
190204,Knik Arm,2020,flooding-high water,28,2.52,0.008
190204,Knik Arm,2020,"other canker agent, known (code pending)",14,1.26,0.004
190204,Knik Arm,2020,unknown,7,0.63,0.002
190204,Knik Arm,2021,spruce beetle,88921,8002.89,91.236
190204,Knik Arm,2021,large-spored spruce-Labrador tea rust,4113,370.17,4.22
190204,Knik Arm,2021,birch leafminer,2186,196.74,2.243
190204,Knik Arm,2021,unknown defoliator,2145,193.05,2.201
190204,Knik Arm,2021,drought,259,23.31,0.266
190204,Knik Arm,2021,"other canker agent, known (code pending)",104,9.36,0.107
190204,Knik Arm,2022,spruce beetle,86825,7814.25,98.438
190204,Knik Arm,2022,"other canker agent, known (code pending)",1006,90.54,1.141
190204,Knik Arm,2022,flooding-high water,182,16.38,0.206
190204,Knik Arm,2022,unknown defoliator,115,10.35,0.13
190204,Knik Arm,2022,spruce broom rust,30,2.7,0.034
190204,Knik Arm,2022,northern spruce engraver,26,2.34,0.029
190204,Knik Arm,2022,drought,12,1.08,0.014
190204,Knik Arm,2022,wind-tornado/hurricane,7,0.63,0.008
190204,Knik Arm,2023,spruce beetle,30454,2740.86,72.26
190204,Knik Arm,2023,large-spored spruce-Labrador tea rust,10239,921.51,24.295
190204,Knik Arm,2023,unknown defoliator,733,65.97,1.739
190204,Knik Arm,2023,northern spruce engraver and spruce beetle,421,37.89,0.999
190204,Knik Arm,2023,spruce broom rust,344,30.96,0.816
190204,Knik Arm,2023,flooding-high water,45,4.05,0.107
190204,Knik Arm,2023,wind-tornado/hurricane,42,3.78,0.1
190204,Knik Arm,2023,snow-ice,21,1.89,0.05
190204,Knik Arm,2024,spruce beetle,7356,662.04,93.922
190204,Knik Arm,2024,northern spruce engraver and spruce beetle,205,18.45,2.617
190204,Knik Arm,2024,flooding-high water,117,10.53,1.494
190204,Knik Arm,2024,unknown defoliator,97,8.73,1.239
190204,Knik Arm,2024,snow-ice,36,3.24,0.46
190204,Knik Arm,2024,wind-tornado/hurricane,10,0.9,0.128
190204,Knik Arm,2024,drought,6,0.54,0.077
190204,Knik Arm,2024,mud-land slide,5,0.45,0.064
190204,Knik Arm,2025,birch leafminer,11274,1014.66,64.173
190204,Knik Arm,2025,unknown defoliator,5371,483.39,30.573
190204,Knik Arm,2025,spruce beetle,695,62.55,3.956
190204,Knik Arm,2025,snow-ice,212,19.08,1.207
190204,Knik Arm,2025,spruce broom rust,16,1.44,0.091
190205,Susitna River,1997,birch aphid,1198048,107824.32,91.564
190205,Susitna River,1997,spruce beetle,103747,9337.23,7.929
190205,Susitna River,1997,defoliators,3888,349.92,0.297
190205,Susitna River,1997,northern spruce engraver,1691,152.19,0.129
190205,Susitna River,1997,willow leaf blotchminer,563,50.67,0.043
190205,Susitna River,1997,large aspen tortrix,444,39.96,0.034
190205,Susitna River,1997,fire,47,4.23,0.004
190205,Susitna River,1998,spruce beetle,2290,206.1,74.984
190205,Susitna River,1998,mud-land slide,515,46.35,16.863
190205,Susitna River,1998,defoliators,222,19.98,7.269
190205,Susitna River,1998,spruce broom rust,27,2.43,0.884
190205,Susitna River,1999,spruce beetle,16647,1498.23,56.31
190205,Susitna River,1999,defoliators,6771,609.39,22.904
190205,Susitna River,1999,willow leaf blotchminer,4312,388.08,14.586
190205,Susitna River,1999,fire,1239,111.51,4.191
190205,Susitna River,1999,flooding-high water,591,53.19,1.999
190205,Susitna River,1999,northern spruce engraver,3,0.27,0.01
190205,Susitna River,2000,spruce beetle,8984,808.56,84.12
190205,Susitna River,2000,flooding-high water,1126,101.34,10.543
190205,Susitna River,2000,defoliators,440,39.6,4.12
190205,Susitna River,2000,Chrysomela leaf beetle,130,11.7,1.217
190205,Susitna River,2001,large aspen tortrix,26177,2355.93,65.866
190205,Susitna River,2001,defoliators,13355,1201.95,33.603
190205,Susitna River,2001,spruce beetle,171,15.39,0.43
190205,Susitna River,2001,flooding-high water,40,3.6,0.101
190205,Susitna River,2002,defoliators,67598,6083.82,96.548
190205,Susitna River,2002,Chrysomela leaf beetle,1437,129.33,2.052
190205,Susitna River,2002,willow leaf blotchminer,809,72.81,1.155
190205,Susitna River,2002,flooding-high water,171,15.39,0.244
190205,Susitna River,2003,defoliators,762548,68629.32,98.266
190205,Susitna River,2003,spruce beetle,13433,1208.97,1.731
190205,Susitna River,2003,northern spruce engraver,26,2.34,0.003
190205,Susitna River,2004,spruce beetle,3006,270.54,47.692
190205,Susitna River,2004,decline complex,1123,101.07,17.817
190205,Susitna River,2004,large aspen tortrix,945,85.05,14.993
190205,Susitna River,2004,birch leafminer,446,40.14,7.076
190205,Susitna River,2004,aspen leafminer,273,24.57,4.331
190205,Susitna River,2004,willow leaf blotchminer,178,16.02,2.824
190205,Susitna River,2004,birch leafroller,162,14.58,2.57
190205,Susitna River,2004,defoliators,102,9.18,1.618
190205,Susitna River,2004,flooding-high water,68,6.12,1.079
190205,Susitna River,2005,defoliators,33536,3018.24,53.437
190205,Susitna River,2005,spruce beetle,27746,2497.14,44.211
190205,Susitna River,2005,spruce bud moth,1244,111.96,1.982
190205,Susitna River,2005,flooding-high water,138,12.42,0.22
190205,Susitna River,2005,willow leaf blotchminer,94,8.46,0.15
190205,Susitna River,2006,spruce beetle,52494,4724.46,85.783
190205,Susitna River,2006,spear-marked black moth,4669,420.21,7.63
190205,Susitna River,2006,aspen leafminer,3171,285.39,5.182
190205,Susitna River,2006,flooding-high water,499,44.91,0.815
190205,Susitna River,2006,defoliators,337,30.33,0.551
190205,Susitna River,2006,northern spruce engraver,24,2.16,0.039
190205,Susitna River,2007,spruce beetle,91323,8219.07,84.798
190205,Susitna River,2007,large aspen tortrix,8423,758.07,7.821
190205,Susitna River,2007,defoliators,3532,317.88,3.28
190205,Susitna River,2007,flooding-high water,2960,266.4,2.749
190205,Susitna River,2007,northern spruce engraver,1019,91.71,0.946
190205,Susitna River,2007,aspen leafminer,438,39.42,0.407
190205,Susitna River,2008,spruce beetle,94307,8487.63,69.681
190205,Susitna River,2008,willow leaf blotchminer,15696,1412.64,11.597
190205,Susitna River,2008,large aspen tortrix,14419,1297.71,10.654
190205,Susitna River,2008,northern spruce engraver,3607,324.63,2.665
190205,Susitna River,2008,aspen leafminer,3391,305.19,2.506
190205,Susitna River,2008,defoliators,3035,273.15,2.242
190205,Susitna River,2008,Chrysomela leaf beetle,627,56.43,0.463
190205,Susitna River,2008,flooding-high water,175,15.75,0.129
190205,Susitna River,2008,spruce budworm,84,7.56,0.062
190205,Susitna River,2009,willow leaf blotchminer,12075,1086.75,82.468
190205,Susitna River,2009,spruce beetle,2567,231.03,17.532
190205,Susitna River,2010,spruce beetle,36791,3311.19,68.517
190205,Susitna River,2010,willow leaf blotchminer,12045,1084.05,22.432
190205,Susitna River,2010,striped alder sawfly,3837,345.33,7.146
190205,Susitna River,2010,canker (general),685,61.65,1.276
190205,Susitna River,2010,northern spruce engraver,248,22.32,0.462
190205,Susitna River,2010,flooding-high water,90,8.1,0.168
190205,Susitna River,2011,defoliators,90086,8107.74,81.958
190205,Susitna River,2011,spruce beetle,12166,1094.94,11.068
190205,Susitna River,2011,large aspen tortrix,5959,536.31,5.421
190205,Susitna River,2011,willow leaf blotchminer,1506,135.54,1.37
190205,Susitna River,2011,flooding-high water,200,18.0,0.182
190205,Susitna River,2012,defoliators,14852,1336.68,41.745
190205,Susitna River,2012,willow leaf blotchminer,11943,1074.87,33.568
190205,Susitna River,2012,spruce beetle,7436,669.24,20.901
190205,Susitna River,2012,"other wilt, known (code pending)",2754,247.86,7.741
190205,Susitna River,2012,decline complex,1220,109.8,3.429
190205,Susitna River,2012,flooding-high water,90,8.1,0.253
190205,Susitna River,2013,birch leafroller,131086,11797.74,92.538
190205,Susitna River,2013,decline complex,4676,420.84,3.301
190205,Susitna River,2013,defoliators,3304,297.36,2.332
190205,Susitna River,2013,willow leaf blotchminer,1661,149.49,1.173
190205,Susitna River,2013,spruce beetle,881,79.29,0.622
190205,Susitna River,2013,northern spruce engraver,626,56.34,0.442
190205,Susitna River,2013,flooding-high water,48,4.32,0.034
190205,Susitna River,2014,defoliators,83647,7528.23,77.806
190205,Susitna River,2014,birch leafminer,10475,942.75,9.744
190205,Susitna River,2014,decline complex,8095,728.55,7.53
190205,Susitna River,2014,spruce beetle,3325,299.25,3.093
190205,Susitna River,2014,aspen leafminer,1255,112.95,1.167
190205,Susitna River,2014,northern spruce engraver,472,42.48,0.439
190205,Susitna River,2014,flooding-high water,250,22.5,0.233
190205,Susitna River,2014,willow leaf blotchminer,34,3.06,0.032
190205,Susitna River,2015,unknown defoliator,242895,21860.55,79.195
190205,Susitna River,2015,spruce beetle,49041,4413.69,15.99
190205,Susitna River,2015,flooding-high water,6745,607.05,2.199
190205,Susitna River,2015,birch leafroller,4035,363.15,1.316
190205,Susitna River,2015,unknown canker,3924,353.16,1.279
190205,Susitna River,2015,large aspen tortrix,177,15.93,0.058
190205,Susitna River,2016,spruce beetle,553988,49858.92,57.968
190205,Susitna River,2016,speckled green fruitworm,315568,28401.12,33.021
190205,Susitna River,2016,unknown defoliator,92843,8355.87,9.715
190205,Susitna River,2016,unknown canker,11680,1051.2,1.222
190205,Susitna River,2016,birch leafroller,6164,554.76,0.645
190205,Susitna River,2016,spruce broom rust,1456,131.04,0.152
190205,Susitna River,2016,willow leaf blotchminer,1445,130.05,0.151
190205,Susitna River,2016,flooding-high water,440,39.6,0.046
190205,Susitna River,2016,wind-tornado/hurricane,113,10.17,0.012
190205,Susitna River,2016,birch leafminer,64,5.76,0.007
190205,Susitna River,2017,spruce beetle,1320511,118845.99,97.489
190205,Susitna River,2017,birch aphid,14635,1317.15,1.08
190205,Susitna River,2017,unknown defoliator,9123,821.07,0.674
190205,Susitna River,2017,flooding-high water,5415,487.35,0.4
190205,Susitna River,2017,speckled green fruitworm,4428,398.52,0.327
190205,Susitna River,2017,birch leafminer,944,84.96,0.07
190205,Susitna River,2018,spruce beetle,2144706,193023.54,95.598
190205,Susitna River,2018,birch leafminer,131680,11851.2,5.869
190205,Susitna River,2018,unknown defoliator,11612,1045.08,0.518
190205,Susitna River,2019,spruce beetle,450436,40539.24,53.733
190205,Susitna River,2019,birch leafminer,369185,33226.65,44.04
190205,Susitna River,2019,unknown defoliator,19972,1797.48,2.382
190205,Susitna River,2019,"other canker agent, known (code pending)",1888,169.92,0.225
190205,Susitna River,2019,flooding-high water,95,8.55,0.011
190205,Susitna River,2020,spruce beetle,68361,6152.49,87.482
190205,Susitna River,2020,birch leafminer,7693,692.37,9.845
190205,Susitna River,2020,unknown defoliator,1431,128.79,1.831
190205,Susitna River,2020,large-spored spruce-Labrador tea rust,499,44.91,0.639
190205,Susitna River,2020,follow-up 1,159,14.31,0.203
190205,Susitna River,2021,spruce beetle,1801091,162098.19,89.744
190205,Susitna River,2021,rusty tussock moth,187894,16910.46,9.362
190205,Susitna River,2021,birch leafminer,90165,8114.85,4.493
190205,Susitna River,2021,unknown defoliator,34967,3147.03,1.742
190205,Susitna River,2021,large-spored spruce-Labrador tea rust,24395,2195.55,1.216
190205,Susitna River,2021,flooding-high water,531,47.79,0.026
190205,Susitna River,2021,"other canker agent, known (code pending)",124,11.16,0.006
190205,Susitna River,2021,cottonwood leaf beetle,25,2.25,0.001
190205,Susitna River,2022,spruce beetle,789276,71034.84,99.834
190205,Susitna River,2022,unknown defoliator,1049,94.41,0.133
190205,Susitna River,2022,flooding-high water,264,23.76,0.033
190205,Susitna River,2022,northern spruce engraver,15,1.35,0.002
190205,Susitna River,2023,spruce beetle,727394,65465.46,96.489
190205,Susitna River,2023,unknown defoliator,24294,2186.46,3.223
190205,Susitna River,2023,northern spruce engraver and spruce beetle,2346,211.14,0.311
190205,Susitna River,2023,wind-tornado/hurricane,241,21.69,0.032
190205,Susitna River,2023,"other canker agent, known (code pending)",122,10.98,0.016
190205,Susitna River,2023,aspen running canker,35,3.15,0.005
190205,Susitna River,2023,flooding-high water,8,0.72,0.001
190205,Susitna River,2024,spruce beetle,290462,26141.58,98.459
190205,Susitna River,2024,spruce broom rust,2024,182.16,0.686
190205,Susitna River,2024,"other canker agent, known (code pending)",924,83.16,0.313
190205,Susitna River,2024,flooding-high water,673,60.57,0.228
190205,Susitna River,2024,unknown defoliator,485,43.65,0.164
190205,Susitna River,2024,northern spruce engraver and spruce beetle,320,28.8,0.108
190205,Susitna River,2024,unknown,63,5.67,0.021
190205,Susitna River,2024,willow leaf blotchminer,55,4.95,0.019
190205,Susitna River,2024,mud-land slide,18,1.62,0.006
190205,Susitna River,2025,birch leafminer,66150,5953.5,78.58
190205,Susitna River,2025,spruce beetle,14276,1284.84,16.958
190205,Susitna River,2025,snow-ice,3397,305.73,4.035
190205,Susitna River,2025,unknown defoliator,415,37.35,0.493
190205,Susitna River,2025,flooding-high water,103,9.27,0.122
190205,Susitna River,2025,unknown,9,0.81,0.011
190205,Susitna River,2025,"other canker agent, known (code pending)",4,0.36,0.005
190303,Nushagak River,1999,flooding-high water,276,24.84,100.0
190303,Nushagak River,2000,flooding-high water,198,17.82,100.0
190303,Nushagak River,2001,western blackheaded budworm,134312,12088.08,93.868
190303,Nushagak River,2001,spruce beetle,8774,789.66,6.132
190303,Nushagak River,2002,defoliators,139048,12514.32,84.187
190303,Nushagak River,2002,spruce budworm,23293,2096.37,14.103
190303,Nushagak River,2002,birch leafminer,2155,193.95,1.305
190303,Nushagak River,2002,Chrysomela leaf beetle,670,60.3,0.406
190303,Nushagak River,2003,defoliators,59028,5312.52,43.588
190303,Nushagak River,2003,western blackheaded budworm,51373,4623.57,37.935
190303,Nushagak River,2003,spruce beetle,25023,2252.07,18.478
190303,Nushagak River,2004,defoliators,5878,529.02,76.796
190303,Nushagak River,2004,spruce beetle,1035,93.15,13.522
190303,Nushagak River,2004,willow leaf blotchminer,741,66.69,9.681
190303,Nushagak River,2005,skeletonizer,13236,1191.24,58.725
190303,Nushagak River,2005,defoliators,7603,684.27,33.733
190303,Nushagak River,2005,spruce beetle,1700,153.0,7.542
190303,Nushagak River,2006,spruce beetle,16416,1477.44,51.121
190303,Nushagak River,2006,defoliators,11305,1017.45,35.205
190303,Nushagak River,2006,skeletonizer,4391,395.19,13.674
190303,Nushagak River,2007,defoliators,3313,298.17,61.375
190303,Nushagak River,2007,spruce beetle,1385,124.65,25.658
190303,Nushagak River,2007,willow leaf blotchminer,389,35.01,7.206
190303,Nushagak River,2007,flooding-high water,311,27.99,5.761
190303,Nushagak River,2008,northern spruce engraver,415,37.35,48.032
190303,Nushagak River,2008,spruce beetle,244,21.96,28.241
190303,Nushagak River,2008,flooding-high water,205,18.45,23.727
190303,Nushagak River,2009,defoliators,751,67.59,32.666
190303,Nushagak River,2009,spruce beetle,687,61.83,29.883
190303,Nushagak River,2009,decline complex,564,50.76,24.532
190303,Nushagak River,2009,northern spruce engraver,278,25.02,12.092
190303,Nushagak River,2009,flooding-high water,19,1.71,0.826
190303,Nushagak River,2010,defoliators,104638,9417.42,76.265
190303,Nushagak River,2010,willow leaf blotchminer,21671,1950.39,15.795
190303,Nushagak River,2010,blight,7811,702.99,5.693
190303,Nushagak River,2010,western blackheaded budworm,1555,139.95,1.133
190303,Nushagak River,2010,flooding-high water,1229,110.61,0.896
190303,Nushagak River,2010,canker (general),300,27.0,0.219
190303,Nushagak River,2011,defoliators,63369,5703.21,48.681
190303,Nushagak River,2011,dieback,51468,4632.12,39.539
190303,Nushagak River,2011,willow leaf blotchminer,21178,1906.02,16.269
190303,Nushagak River,2011,aspen leafminer,12482,1123.38,9.589
190303,Nushagak River,2011,birch aphid,34,3.06,0.026
190303,Nushagak River,2012,defoliators,292519,26326.71,91.945
190303,Nushagak River,2012,willow leaf blotchminer,24343,2190.87,7.651
190303,Nushagak River,2012,"other wilt, known (code pending)",1243,111.87,0.391
190303,Nushagak River,2012,flooding-high water,649,58.41,0.204
190303,Nushagak River,2012,cottonwood leafminers,218,19.62,0.069
190303,Nushagak River,2013,western blackheaded budworm,544771,49029.39,88.214
190303,Nushagak River,2013,willow leaf blotchminer,24281,2185.29,3.932
190303,Nushagak River,2013,birch leafroller,24010,2160.9,3.888
190303,Nushagak River,2013,defoliators,17189,1547.01,2.783
190303,Nushagak River,2013,decline complex,7099,638.91,1.15
190303,Nushagak River,2013,flooding-high water,219,19.71,0.035
190303,Nushagak River,2014,defoliators,106288,9565.92,50.94
190303,Nushagak River,2014,birch leafroller,83926,7553.34,40.223
190303,Nushagak River,2014,decline complex,12695,1142.55,6.084
190303,Nushagak River,2014,dieback,11796,1061.64,5.653
190303,Nushagak River,2014,flooding-high water,1107,99.63,0.531
190303,Nushagak River,2014,northern spruce engraver,78,7.02,0.037
190303,Nushagak River,2014,spruce beetle,9,0.81,0.004
190303,Nushagak River,2015,unknown defoliator,75943,6834.87,98.745
190303,Nushagak River,2015,unknown canker,965,86.85,1.255
190303,Nushagak River,2016,speckled green fruitworm,71989,6479.01,85.752
190303,Nushagak River,2016,willow leaf blotchminer,5920,532.8,7.052
190303,Nushagak River,2016,unknown defoliator,5847,526.23,6.965
190303,Nushagak River,2016,unknown canker,194,17.46,0.231
190303,Nushagak River,2017,speckled green fruitworm,159912,14392.08,97.088
190303,Nushagak River,2017,unknown defoliator,3032,272.88,1.841
190303,Nushagak River,2017,willow leaf blotchminer,1636,147.24,0.993
190303,Nushagak River,2017,"other canker agent, known (code pending)",91,8.19,0.055
190303,Nushagak River,2017,flooding-high water,37,3.33,0.022
190303,Nushagak River,2018,speckled green fruitworm,37959,3416.31,81.625
190303,Nushagak River,2018,spruce beetle,8086,727.74,17.388
190303,Nushagak River,2018,unknown defoliator,246,22.14,0.529
190303,Nushagak River,2018,"other canker agent, known (code pending)",156,14.04,0.335
190303,Nushagak River,2018,willow leaf blotchminer,34,3.06,0.073
190303,Nushagak River,2018,northern spruce engraver,23,2.07,0.049
190303,Nushagak River,2019,large-spored spruce-Labrador tea rust,364631,32816.79,98.433
190303,Nushagak River,2019,unknown defoliator,4104,369.36,1.108
190303,Nushagak River,2019,spruce beetle,949,85.41,0.256
190303,Nushagak River,2019,spruce broom rust,690,62.1,0.186
190303,Nushagak River,2019,flooding-high water,56,5.04,0.015
190303,Nushagak River,2019,"other canker agent, known (code pending)",4,0.36,0.001
190304,Upper Kuskokwim River,1997,larch sawfly,704041,63363.69,99.656
190304,Upper Kuskokwim River,1997,northern spruce engraver,2280,205.2,0.323
190304,Upper Kuskokwim River,1997,willow leaf blotchminer,149,13.41,0.021
190304,Upper Kuskokwim River,1998,larch sawfly,1973463,177611.67,84.947
190304,Upper Kuskokwim River,1998,fire,331339,29820.51,14.262
190304,Upper Kuskokwim River,1998,northern spruce engraver,18213,1639.17,0.784
190304,Upper Kuskokwim River,1998,flooding-high water,145,13.05,0.006
190304,Upper Kuskokwim River,1999,larch sawfly,406712,36604.08,70.152
190304,Upper Kuskokwim River,1999,eastern larch beetle,133567,12021.03,23.038
190304,Upper Kuskokwim River,1999,spruce beetle,23373,2103.57,4.032
190304,Upper Kuskokwim River,1999,large aspen tortrix,7056,635.04,1.217
190304,Upper Kuskokwim River,1999,flooding-high water,5740,516.6,0.99
190304,Upper Kuskokwim River,1999,foliage and shoot diseases,1429,128.61,0.246
190304,Upper Kuskokwim River,1999,willow leaf blotchminer,715,64.35,0.123
190304,Upper Kuskokwim River,1999,northern spruce engraver,608,54.72,0.105
190304,Upper Kuskokwim River,1999,defoliators,556,50.04,0.096
190304,Upper Kuskokwim River,2000,larch sawfly,74499,6704.91,61.214
190304,Upper Kuskokwim River,2000,spruce beetle,23977,2157.93,19.701
190304,Upper Kuskokwim River,2000,northern spruce engraver,20834,1875.06,17.119
190304,Upper Kuskokwim River,2000,willow leafblotch miner,917,82.53,0.753
190304,Upper Kuskokwim River,2000,defoliators,742,66.78,0.61
190304,Upper Kuskokwim River,2000,Chrysomela leaf beetle,524,47.16,0.431
190304,Upper Kuskokwim River,2000,flooding-high water,209,18.81,0.172
190304,Upper Kuskokwim River,2001,spruce beetle,23344,2100.96,59.04
190304,Upper Kuskokwim River,2001,defoliators,14066,1265.94,35.575
190304,Upper Kuskokwim River,2001,larch sawfly,2003,180.27,5.066
190304,Upper Kuskokwim River,2001,flooding-high water,126,11.34,0.319
190304,Upper Kuskokwim River,2002,spruce beetle,3142,282.78,85.753
190304,Upper Kuskokwim River,2002,northern spruce engraver,522,46.98,14.247
190304,Upper Kuskokwim River,2003,willow leaf blotchminer,142945,12865.05,48.342
190304,Upper Kuskokwim River,2003,spruce beetle,134064,12065.76,45.338
190304,Upper Kuskokwim River,2003,defoliators,7862,707.58,2.659
190304,Upper Kuskokwim River,2003,aspen leafminer,7818,703.62,2.644
190304,Upper Kuskokwim River,2003,birch leafroller,1578,142.02,0.534
190304,Upper Kuskokwim River,2003,larch sawfly,874,78.66,0.296
190304,Upper Kuskokwim River,2003,flooding-high water,538,48.42,0.182
190304,Upper Kuskokwim River,2003,northern spruce engraver,19,1.71,0.006
190304,Upper Kuskokwim River,2004,spruce beetle,73271,6594.39,57.149
190304,Upper Kuskokwim River,2004,larch sawfly,44083,3967.47,34.383
190304,Upper Kuskokwim River,2004,aspen leafminer,9590,863.1,7.48
190304,Upper Kuskokwim River,2004,northern spruce engraver,1180,106.2,0.92
190304,Upper Kuskokwim River,2004,willow leaf blotchminer,87,7.83,0.068
190304,Upper Kuskokwim River,2005,spruce beetle,133933,12053.97,54.218
190304,Upper Kuskokwim River,2005,northern spruce engraver,94411,8496.99,38.219
190304,Upper Kuskokwim River,2005,aspen leafminer,50080,4507.2,20.273
190304,Upper Kuskokwim River,2005,larch sawfly,36584,3292.56,14.81
190304,Upper Kuskokwim River,2005,defoliators,18697,1682.73,7.569
190304,Upper Kuskokwim River,2005,willow leaf blotchminer,1538,138.42,0.623
190304,Upper Kuskokwim River,2005,flooding-high water,228,20.52,0.092
190304,Upper Kuskokwim River,2006,spruce beetle,8116,730.44,91.582
190304,Upper Kuskokwim River,2006,larch sawfly,707,63.63,7.978
190304,Upper Kuskokwim River,2006,northern spruce engraver,39,3.51,0.44
190304,Upper Kuskokwim River,2007,aspen leafminer,314133,28271.97,70.658
190304,Upper Kuskokwim River,2007,spruce beetle,118793,10691.37,26.72
190304,Upper Kuskokwim River,2007,northern spruce engraver,20564,1850.76,4.625
190304,Upper Kuskokwim River,2007,defoliators,4367,393.03,0.982
190304,Upper Kuskokwim River,2007,willow leaf blotchminer,3254,292.86,0.732
190304,Upper Kuskokwim River,2007,large aspen tortrix,984,88.56,0.221
190304,Upper Kuskokwim River,2007,flooding-high water,665,59.85,0.15
190304,Upper Kuskokwim River,2007,eastern larch beetle,69,6.21,0.016
190304,Upper Kuskokwim River,2008,northern spruce engraver,74194,6677.46,54.891
190304,Upper Kuskokwim River,2008,cottonwood leafminers,32304,2907.36,23.899
190304,Upper Kuskokwim River,2008,spruce beetle,14897,1340.73,11.021
190304,Upper Kuskokwim River,2008,aspen leafminer,10958,986.22,8.107
190304,Upper Kuskokwim River,2008,flooding-high water,2657,239.13,1.966
190304,Upper Kuskokwim River,2008,eastern larch beetle,157,14.13,0.116
190304,Upper Kuskokwim River,2009,northern spruce engraver,9081,817.29,49.523
190304,Upper Kuskokwim River,2009,willow leaf blotchminer,3085,277.65,16.824
190304,Upper Kuskokwim River,2009,decline complex,2966,266.94,16.175
190304,Upper Kuskokwim River,2009,defoliators,1779,160.11,9.702
190304,Upper Kuskokwim River,2009,larch sawfly,524,47.16,2.858
190304,Upper Kuskokwim River,2009,aspen leafminer,472,42.48,2.574
190304,Upper Kuskokwim River,2009,spruce beetle,213,19.17,1.162
190304,Upper Kuskokwim River,2009,flooding-high water,133,11.97,0.725
190304,Upper Kuskokwim River,2009,eastern larch beetle,84,7.56,0.458
190304,Upper Kuskokwim River,2010,canker (general),33489,3014.01,32.801
190304,Upper Kuskokwim River,2010,aspen leafminer,25741,2316.69,25.212
190304,Upper Kuskokwim River,2010,large aspen tortrix,14687,1321.83,14.385
190304,Upper Kuskokwim River,2010,willow leaf blotchminer,14187,1276.83,13.895
190304,Upper Kuskokwim River,2010,spruce beetle,5388,484.92,5.277
190304,Upper Kuskokwim River,2010,defoliators,3472,312.48,3.401
190304,Upper Kuskokwim River,2010,northern spruce engraver,2005,180.45,1.964
190304,Upper Kuskokwim River,2010,dieback,1869,168.21,1.831
190304,Upper Kuskokwim River,2010,flooding-high water,1130,101.7,1.107
190304,Upper Kuskokwim River,2010,large-spored spruce-Labrador tea rust,130,11.7,0.127
190304,Upper Kuskokwim River,2011,aspen leafminer,57138,5142.42,65.006
190304,Upper Kuskokwim River,2011,dieback,21126,1901.34,24.035
190304,Upper Kuskokwim River,2011,willow leaf blotchminer,7463,671.67,8.491
190304,Upper Kuskokwim River,2011,defoliators,6931,623.79,7.885
190304,Upper Kuskokwim River,2011,northern spruce engraver,856,77.04,0.974
190304,Upper Kuskokwim River,2011,large aspen tortrix,175,15.75,0.199
190304,Upper Kuskokwim River,2011,flooding-high water,105,9.45,0.119
190304,Upper Kuskokwim River,2011,spruce broom rust,96,8.64,0.109
190304,Upper Kuskokwim River,2012,northern spruce engraver,4606,414.54,35.57
190304,Upper Kuskokwim River,2012,large aspen tortrix,3906,351.54,30.164
190304,Upper Kuskokwim River,2012,defoliators,2490,224.1,19.229
190304,Upper Kuskokwim River,2012,willow leaf blotchminer,937,84.33,7.236
190304,Upper Kuskokwim River,2012,"other wilt, known (code pending)",654,58.86,5.051
190304,Upper Kuskokwim River,2012,aspen leafminer,278,25.02,2.147
190304,Upper Kuskokwim River,2012,spruce beetle,40,3.6,0.309
190304,Upper Kuskokwim River,2012,spruce broom rust,38,3.42,0.293
190304,Upper Kuskokwim River,2013,spear-marked black moth,76955,6925.95,96.02
190304,Upper Kuskokwim River,2013,decline complex,1663,149.67,2.075
190304,Upper Kuskokwim River,2013,defoliators,883,79.47,1.102
190304,Upper Kuskokwim River,2013,willow leaf blotchminer,407,36.63,0.508
190304,Upper Kuskokwim River,2013,northern spruce engraver,154,13.86,0.192
190304,Upper Kuskokwim River,2013,flooding-high water,83,7.47,0.104
190304,Upper Kuskokwim River,2014,birch leafroller,86999,7829.91,76.156
190304,Upper Kuskokwim River,2014,defoliators,15753,1417.77,13.79
190304,Upper Kuskokwim River,2014,decline complex,4630,416.7,4.053
190304,Upper Kuskokwim River,2014,northern spruce engraver,4000,360.0,3.501
190304,Upper Kuskokwim River,2014,large aspen tortrix,2567,231.03,2.247
190304,Upper Kuskokwim River,2014,flooding-high water,1307,117.63,1.144
190304,Upper Kuskokwim River,2014,aspen leafminer,52,4.68,0.046
190304,Upper Kuskokwim River,2015,unknown defoliator,57205,5148.45,66.237
190304,Upper Kuskokwim River,2015,large aspen tortrix,15292,1376.28,17.706
190304,Upper Kuskokwim River,2015,flooding-high water,4564,410.76,5.285
190304,Upper Kuskokwim River,2015,willow leaf blotchminer,3496,314.64,4.048
190304,Upper Kuskokwim River,2015,spruce beetle,3380,304.2,3.914
190304,Upper Kuskokwim River,2015,northern spruce engraver,2364,212.76,2.737
190304,Upper Kuskokwim River,2015,birch leafroller,1343,120.87,1.555
190304,Upper Kuskokwim River,2015,aspen leafminer,202,18.18,0.234
190304,Upper Kuskokwim River,2016,unknown defoliator,30051,2704.59,61.156
190304,Upper Kuskokwim River,2016,speckled green fruitworm,9749,877.41,19.84
190304,Upper Kuskokwim River,2016,willow leaf blotchminer,7816,703.44,15.906
190304,Upper Kuskokwim River,2016,spruce beetle,998,89.82,2.031
190304,Upper Kuskokwim River,2016,unknown canker,395,35.55,0.804
190304,Upper Kuskokwim River,2016,flooding-high water,81,7.29,0.165
190304,Upper Kuskokwim River,2016,spruce broom rust,39,3.51,0.079
190304,Upper Kuskokwim River,2016,northern spruce engraver,9,0.81,0.018
190304,Upper Kuskokwim River,2017,northern spruce engraver,17119,1540.71,73.955
190304,Upper Kuskokwim River,2017,spruce beetle,1847,166.23,7.979
190304,Upper Kuskokwim River,2017,unknown defoliator,1834,165.06,7.923
190304,Upper Kuskokwim River,2017,speckled green fruitworm,940,84.6,4.061
190304,Upper Kuskokwim River,2017,willow leaf blotchminer,649,58.41,2.804
190304,Upper Kuskokwim River,2017,spruce broom rust,398,35.82,1.719
190304,Upper Kuskokwim River,2017,flooding-high water,361,32.49,1.56
190304,Upper Kuskokwim River,2018,unknown defoliator,11535,1038.15,59.006
190304,Upper Kuskokwim River,2018,spruce beetle,5152,463.68,26.354
190304,Upper Kuskokwim River,2018,aspen leafminer,1312,118.08,6.711
190304,Upper Kuskokwim River,2018,northern spruce engraver,463,41.67,2.368
190304,Upper Kuskokwim River,2018,flooding-high water,435,39.15,2.225
190304,Upper Kuskokwim River,2018,"other canker agent, known (code pending)",333,29.97,1.703
190304,Upper Kuskokwim River,2018,willow leaf blotchminer,215,19.35,1.1
190304,Upper Kuskokwim River,2018,large aspen tortrix,90,8.1,0.46
190304,Upper Kuskokwim River,2018,eastern larch beetle,46,4.14,0.235
190304,Upper Kuskokwim River,2019,large-spored spruce-Labrador tea rust,156012,14041.08,86.823
190304,Upper Kuskokwim River,2019,unknown,18222,1639.98,10.141
190304,Upper Kuskokwim River,2019,northern spruce engraver,2265,203.85,1.261
190304,Upper Kuskokwim River,2019,willow leaf blotchminer,2016,181.44,1.122
190304,Upper Kuskokwim River,2019,unknown canker,822,73.98,0.457
190304,Upper Kuskokwim River,2019,flooding-high water,215,19.35,0.12
190304,Upper Kuskokwim River,2019,unknown defoliator,99,8.91,0.055
190304,Upper Kuskokwim River,2019,aspen leafminer,17,1.53,0.009
190304,Upper Kuskokwim River,2019,spruce beetle,16,1.44,0.009
190304,Upper Kuskokwim River,2019,"other canker agent, known (code pending)",6,0.54,0.003
190304,Upper Kuskokwim River,2021,unknown defoliator,1007,90.63,57.086
190304,Upper Kuskokwim River,2021,aspen leafminer,453,40.77,25.68
190304,Upper Kuskokwim River,2021,large-spored spruce-Labrador tea rust,195,17.55,11.054
190304,Upper Kuskokwim River,2021,flooding-high water,109,9.81,6.179
190304,Upper Kuskokwim River,2023,aspen leafminer,1065,95.85,66.273
190304,Upper Kuskokwim River,2023,northern spruce engraver,234,21.06,14.561
190304,Upper Kuskokwim River,2023,spruce beetle,122,10.98,7.592
190304,Upper Kuskokwim River,2023,unknown defoliator,114,10.26,7.094
190304,Upper Kuskokwim River,2023,birch leafroller,32,2.88,1.991
190304,Upper Kuskokwim River,2023,flooding-high water,32,2.88,1.991
190304,Upper Kuskokwim River,2023,unknown canker,8,0.72,0.498
190305,Lower Kuskokwim River,1998,fire,493,44.37,100.0
190305,Lower Kuskokwim River,1999,spruce beetle,1735,156.15,47.928
190305,Lower Kuskokwim River,1999,large aspen tortrix,1096,98.64,30.276
190305,Lower Kuskokwim River,1999,flooding-high water,699,62.91,19.309
190305,Lower Kuskokwim River,1999,willow leaf blotchminer,90,8.1,2.486
190305,Lower Kuskokwim River,2000,larch sawfly,41406,3726.54,63.155
190305,Lower Kuskokwim River,2000,northern spruce engraver,22035,1983.15,33.609
190305,Lower Kuskokwim River,2000,spruce beetle,2122,190.98,3.237
190305,Lower Kuskokwim River,2001,spruce beetle,2036,183.24,95.542
190305,Lower Kuskokwim River,2001,flooding-high water,95,8.55,4.458
190305,Lower Kuskokwim River,2002,spruce beetle,3838,345.42,100.0
190305,Lower Kuskokwim River,2003,willow leaf blotchminer,8909,801.81,49.777
190305,Lower Kuskokwim River,2003,spruce beetle,8502,765.18,47.503
190305,Lower Kuskokwim River,2003,defoliators,487,43.83,2.721
190305,Lower Kuskokwim River,2004,spruce beetle,1113,100.17,48.518
190305,Lower Kuskokwim River,2004,willow leaf blotchminer,1041,93.69,45.379
190305,Lower Kuskokwim River,2004,flooding-high water,140,12.6,6.103
190305,Lower Kuskokwim River,2005,spruce beetle,74260,6683.4,65.78
190305,Lower Kuskokwim River,2005,larch sawfly,23569,2121.21,20.877
190305,Lower Kuskokwim River,2005,willow leaf blotchminer,13326,1199.34,11.804
190305,Lower Kuskokwim River,2005,aspen leafminer,1701,153.09,1.507
190305,Lower Kuskokwim River,2005,defoliators,36,3.24,0.032
190305,Lower Kuskokwim River,2006,spruce beetle,30978,2788.02,64.888
190305,Lower Kuskokwim River,2006,willow leaf blotchminer,16350,1471.5,34.247
190305,Lower Kuskokwim River,2006,northern spruce engraver,5050,454.5,10.578
190305,Lower Kuskokwim River,2006,defoliators,332,29.88,0.695
190305,Lower Kuskokwim River,2006,flooding-high water,60,5.4,0.126
190305,Lower Kuskokwim River,2006,larch sawfly,21,1.89,0.044
190305,Lower Kuskokwim River,2007,aspen leafminer,14212,1279.08,52.639
190305,Lower Kuskokwim River,2007,spruce beetle,12772,1149.48,47.305
190305,Lower Kuskokwim River,2007,flooding-high water,15,1.35,0.056
190305,Lower Kuskokwim River,2008,flooding-high water,1149,103.41,100.0
190305,Lower Kuskokwim River,2009,flooding-high water,525,47.25,36.132
190305,Lower Kuskokwim River,2009,willow leaf blotchminer,444,39.96,30.557
190305,Lower Kuskokwim River,2009,decline complex,430,38.7,29.594
190305,Lower Kuskokwim River,2009,spruce beetle,48,4.32,3.304
190305,Lower Kuskokwim River,2009,northern spruce engraver,6,0.54,0.413
190305,Lower Kuskokwim River,2010,canker (general),16547,1489.23,40.265
190305,Lower Kuskokwim River,2010,large aspen tortrix,13562,1220.58,33.002
190305,Lower Kuskokwim River,2010,flooding-high water,6227,560.43,15.153
190305,Lower Kuskokwim River,2010,aspen leafminer,3420,307.8,8.322
190305,Lower Kuskokwim River,2010,willow leaf blotchminer,736,66.24,1.791
190305,Lower Kuskokwim River,2010,dieback,506,45.54,1.231
190305,Lower Kuskokwim River,2010,large-spored spruce-Labrador tea rust,97,8.73,0.236
190305,Lower Kuskokwim River,2011,dieback,885,79.65,82.556
190305,Lower Kuskokwim River,2011,flooding-high water,71,6.39,6.623
190305,Lower Kuskokwim River,2011,northern spruce engraver,39,3.51,3.638
190305,Lower Kuskokwim River,2011,wind-tornado/hurricane,37,3.33,3.451
190305,Lower Kuskokwim River,2011,larch sawfly,20,1.8,1.866
190305,Lower Kuskokwim River,2011,large-spored spruce-Labrador tea rust,20,1.8,1.866
190305,Lower Kuskokwim River,2012,defoliators,145221,13069.89,99.82
190305,Lower Kuskokwim River,2012,"other wilt, known (code pending)",234,21.06,0.161
190305,Lower Kuskokwim River,2012,spruce beetle,20,1.8,0.014
190305,Lower Kuskokwim River,2012,flooding-high water,8,0.72,0.005
190305,Lower Kuskokwim River,2013,birch leafroller,362964,32666.76,97.153
190305,Lower Kuskokwim River,2013,defoliators,8550,769.5,2.289
190305,Lower Kuskokwim River,2013,willow leaf blotchminer,2244,201.96,0.601
190305,Lower Kuskokwim River,2013,decline complex,204,18.36,0.055
190305,Lower Kuskokwim River,2013,spruce beetle,38,3.42,0.01
190305,Lower Kuskokwim River,2013,flooding-high water,18,1.62,0.005
190305,Lower Kuskokwim River,2014,birch leafroller,33886,3049.74,76.174
190305,Lower Kuskokwim River,2014,defoliators,11308,1017.72,25.42
190305,Lower Kuskokwim River,2014,spruce beetle,1386,124.74,3.116
190305,Lower Kuskokwim River,2014,flooding-high water,49,4.41,0.11
190305,Lower Kuskokwim River,2014,northern spruce engraver,44,3.96,0.099
190305,Lower Kuskokwim River,2015,unknown defoliator,96598,8693.82,92.881
190305,Lower Kuskokwim River,2015,spruce beetle,4711,423.99,4.53
190305,Lower Kuskokwim River,2015,large aspen tortrix,1658,149.22,1.594
190305,Lower Kuskokwim River,2015,willow leaf blotchminer,988,88.92,0.95
190305,Lower Kuskokwim River,2015,aspen leafminer,50,4.5,0.048
190305,Lower Kuskokwim River,2016,willow leaf blotchminer,2915,262.35,67.681
190305,Lower Kuskokwim River,2016,unknown defoliator,1079,97.11,25.052
190305,Lower Kuskokwim River,2016,flooding-high water,313,28.17,7.267
190305,Lower Kuskokwim River,2017,unknown defoliator,4132,371.88,88.102
190305,Lower Kuskokwim River,2017,flooding-high water,334,30.06,7.122
190305,Lower Kuskokwim River,2017,northern spruce engraver,200,18.0,4.264
190305,Lower Kuskokwim River,2017,spruce beetle,24,2.16,0.512
190305,Lower Kuskokwim River,2018,northern spruce engraver,4858,437.22,52.502
190305,Lower Kuskokwim River,2018,unknown defoliator,2600,234.0,28.099
190305,Lower Kuskokwim River,2018,wind-tornado/hurricane,1651,148.59,17.843
190305,Lower Kuskokwim River,2018,flooding-high water,282,25.38,3.048
190305,Lower Kuskokwim River,2018,spruce beetle,179,16.11,1.935
190305,Lower Kuskokwim River,2018,willow leaf blotchminer,19,1.71,0.205
190305,Lower Kuskokwim River,2024,unknown defoliator,24517,2206.53,100.0
190503,Kobuk-Selawik Rivers,1999,willow leaf blotchminer,749,67.41,42.509
190503,Kobuk-Selawik Rivers,1999,defoliators,470,42.3,26.674
190503,Kobuk-Selawik Rivers,1999,flooding-high water,294,26.46,16.686
190503,Kobuk-Selawik Rivers,1999,northern spruce engraver,249,22.41,14.132
190503,Kobuk-Selawik Rivers,2000,spruce beetle,1217,109.53,72.962
190503,Kobuk-Selawik Rivers,2000,northern spruce engraver,451,40.59,27.038
190503,Kobuk-Selawik Rivers,2002,eastern larch beetle,21811,1962.99,98.948
190503,Kobuk-Selawik Rivers,2002,spruce beetle,232,20.88,1.052
190503,Kobuk-Selawik Rivers,2004,aspen leafminer,54534,4908.06,88.807
190503,Kobuk-Selawik Rivers,2004,willow leaf blotchminer,6873,618.57,11.193
190503,Kobuk-Selawik Rivers,2005,aspen leafminer,19126,1721.34,92.311
190503,Kobuk-Selawik Rivers,2005,northern spruce engraver,1210,108.9,5.84
190503,Kobuk-Selawik Rivers,2005,spear-marked black moth,290,26.1,1.4
190503,Kobuk-Selawik Rivers,2005,defoliators,93,8.37,0.449
190503,Kobuk-Selawik Rivers,2006,large aspen tortrix,630,56.7,88.483
190503,Kobuk-Selawik Rivers,2006,northern spruce engraver,40,3.6,5.618
190503,Kobuk-Selawik Rivers,2006,spruce beetle,40,3.6,5.618
190503,Kobuk-Selawik Rivers,2006,aspen leafminer,24,2.16,3.371
190503,Kobuk-Selawik Rivers,2006,larch sawfly,18,1.62,2.528
190503,Kobuk-Selawik Rivers,2007,aspen leafminer,11575,1041.75,94.32
190503,Kobuk-Selawik Rivers,2007,northern spruce engraver,384,34.56,3.129
190503,Kobuk-Selawik Rivers,2007,defoliators,313,28.17,2.551
190503,Kobuk-Selawik Rivers,2008,willow leaf blotchminer,967,87.03,40.342
190503,Kobuk-Selawik Rivers,2008,northern spruce engraver,860,77.4,35.878
190503,Kobuk-Selawik Rivers,2008,defoliators,231,20.79,9.637
190503,Kobuk-Selawik Rivers,2008,large-spored spruce-Labrador tea rust,224,20.16,9.345
190503,Kobuk-Selawik Rivers,2008,flooding-high water,115,10.35,4.798
190503,Kobuk-Selawik Rivers,2009,aspen leafminer,41682,3751.38,86.834
190503,Kobuk-Selawik Rivers,2009,northern spruce engraver,6018,541.62,12.537
190503,Kobuk-Selawik Rivers,2009,willow leaf blotchminer,192,17.28,0.4
190503,Kobuk-Selawik Rivers,2009,defoliators,110,9.9,0.229
190503,Kobuk-Selawik Rivers,2010,aspen leafminer,21303,1917.27,46.988
190503,Kobuk-Selawik Rivers,2010,willow leaf blotchminer,15845,1426.05,34.949
190503,Kobuk-Selawik Rivers,2010,large aspen tortrix,4790,431.1,10.565
190503,Kobuk-Selawik Rivers,2010,northern spruce engraver,1996,179.64,4.403
190503,Kobuk-Selawik Rivers,2010,canker (general),1052,94.68,2.32
190503,Kobuk-Selawik Rivers,2010,large-spored spruce-Labrador tea rust,231,20.79,0.51
190503,Kobuk-Selawik Rivers,2010,blight,61,5.49,0.135
190503,Kobuk-Selawik Rivers,2010,spruce beetle,59,5.31,0.13
190503,Kobuk-Selawik Rivers,2011,dieback,4079,367.11,84.855
190503,Kobuk-Selawik Rivers,2011,willow leaf blotchminer,360,32.4,7.489
190503,Kobuk-Selawik Rivers,2011,northern spruce engraver,285,25.65,5.929
190503,Kobuk-Selawik Rivers,2011,large-spored spruce-Labrador tea rust,42,3.78,0.874
190503,Kobuk-Selawik Rivers,2011,defoliators,21,1.89,0.437
190503,Kobuk-Selawik Rivers,2011,flooding-high water,20,1.8,0.416
190503,Kobuk-Selawik Rivers,2012,aspen leafminer,4139,372.51,61.446
190503,Kobuk-Selawik Rivers,2012,defoliators,1171,105.39,17.384
190503,Kobuk-Selawik Rivers,2012,northern spruce engraver,582,52.38,8.64
190503,Kobuk-Selawik Rivers,2012,willow leaf blotchminer,478,43.02,7.096
190503,Kobuk-Selawik Rivers,2012,winter injury,186,16.74,2.761
190503,Kobuk-Selawik Rivers,2012,flooding-high water,95,8.55,1.41
190503,Kobuk-Selawik Rivers,2012,"other wilt, known (code pending)",85,7.65,1.262
190503,Kobuk-Selawik Rivers,2013,spruce budworm,14549,1309.41,71.473
190503,Kobuk-Selawik Rivers,2013,defoliators,2826,254.34,13.883
190503,Kobuk-Selawik Rivers,2013,northern spruce engraver,1133,101.97,5.566
190503,Kobuk-Selawik Rivers,2013,willow leaf blotchminer,651,58.59,3.198
190503,Kobuk-Selawik Rivers,2013,birch leafroller,530,47.7,2.604
190503,Kobuk-Selawik Rivers,2013,flooding-high water,421,37.89,2.068
190503,Kobuk-Selawik Rivers,2013,large aspen tortrix,229,20.61,1.125
190503,Kobuk-Selawik Rivers,2013,decline complex,17,1.53,0.084
190503,Kobuk-Selawik Rivers,2014,defoliators,7584,682.56,45.492
190503,Kobuk-Selawik Rivers,2014,large aspen tortrix,6614,595.26,39.674
190503,Kobuk-Selawik Rivers,2014,flooding-high water,1755,157.95,10.527
190503,Kobuk-Selawik Rivers,2014,spruce beetle,490,44.1,2.939
190503,Kobuk-Selawik Rivers,2014,northern spruce engraver,226,20.34,1.356
190503,Kobuk-Selawik Rivers,2014,spruce broom rust,2,0.18,0.012
190503,Kobuk-Selawik Rivers,2015,large aspen tortrix,6473,582.57,47.097
190503,Kobuk-Selawik Rivers,2015,flooding-high water,3673,330.57,26.724
190503,Kobuk-Selawik Rivers,2015,northern spruce engraver,2446,220.14,17.797
190503,Kobuk-Selawik Rivers,2015,spruce beetle,471,42.39,3.427
190503,Kobuk-Selawik Rivers,2015,willow leaf blotchminer,430,38.7,3.129
190503,Kobuk-Selawik Rivers,2015,unknown defoliator,145,13.05,1.055
190503,Kobuk-Selawik Rivers,2015,spruce broom rust,106,9.54,0.771
190503,Kobuk-Selawik Rivers,2016,aspen leafminer,82215,7399.35,89.378
190503,Kobuk-Selawik Rivers,2016,flooding-high water,3753,337.77,4.08
190503,Kobuk-Selawik Rivers,2016,willow leaf blotchminer,3401,306.09,3.697
190503,Kobuk-Selawik Rivers,2016,northern spruce engraver,2109,189.81,2.293
190503,Kobuk-Selawik Rivers,2016,unknown defoliator,353,31.77,0.384
190503,Kobuk-Selawik Rivers,2016,birch leafroller,155,13.95,0.169
190503,Kobuk-Selawik Rivers,2017,unknown defoliator,44216,3979.44,63.027
190503,Kobuk-Selawik Rivers,2017,aspen leafminer,21309,1917.81,30.375
190503,Kobuk-Selawik Rivers,2017,spruce beetle,2508,225.72,3.575
190503,Kobuk-Selawik Rivers,2017,willow leaf blotchminer,1149,103.41,1.638
190503,Kobuk-Selawik Rivers,2017,northern spruce engraver,815,73.35,1.162
190503,Kobuk-Selawik Rivers,2017,flooding-high water,157,14.13,0.224
190503,Kobuk-Selawik Rivers,2018,aspen leafminer,20043,1803.87,86.902
190503,Kobuk-Selawik Rivers,2018,unknown defoliator,2602,234.18,11.282
190503,Kobuk-Selawik Rivers,2018,spruce beetle,357,32.13,1.548
190503,Kobuk-Selawik Rivers,2018,northern spruce engraver,51,4.59,0.221
190503,Kobuk-Selawik Rivers,2018,flooding-high water,25,2.25,0.108
190705,Fortymile River-Yukon River,1998,fire,3734,336.06,73.999
190705,Fortymile River-Yukon River,1998,willow leaf blotchminer,1312,118.08,26.001
190705,Fortymile River-Yukon River,1999,willow leaf blotchminer,24353,2191.77,94.729
190705,Fortymile River-Yukon River,1999,northern spruce engraver,1355,121.95,5.271
190705,Fortymile River-Yukon River,2000,aspen leafminer,26957,2426.13,75.769
190705,Fortymile River-Yukon River,2000,willow leafblotch miner,6170,555.3,17.342
190705,Fortymile River-Yukon River,2000,northern spruce engraver,1903,171.27,5.349
190705,Fortymile River-Yukon River,2000,large aspen tortrix,457,41.13,1.285
190705,Fortymile River-Yukon River,2000,spruce beetle,91,8.19,0.256
190705,Fortymile River-Yukon River,2001,flooding-high water,2712,244.08,80.332
190705,Fortymile River-Yukon River,2001,willow leafblotch miner,594,53.46,17.595
190705,Fortymile River-Yukon River,2001,northern spruce engraver,70,6.3,2.073
190705,Fortymile River-Yukon River,2002,aspen leafminer,160697,14462.73,97.748
190705,Fortymile River-Yukon River,2002,northern spruce engraver,3281,295.29,1.996
190705,Fortymile River-Yukon River,2002,Chrysomela leaf beetle,422,37.98,0.257
190705,Fortymile River-Yukon River,2003,aspen leafminer,20926,1883.34,97.831
190705,Fortymile River-Yukon River,2003,birch leafroller,464,41.76,2.169
190705,Fortymile River-Yukon River,2004,aspen leafminer,73548,6619.32,92.598
190705,Fortymile River-Yukon River,2004,northern spruce engraver,5248,472.32,6.607
190705,Fortymile River-Yukon River,2004,defoliators,631,56.79,0.794
190705,Fortymile River-Yukon River,2005,aspen leafminer,130394,11735.46,97.739
190705,Fortymile River-Yukon River,2005,willow leaf blotchminer,1880,169.2,1.409
190705,Fortymile River-Yukon River,2005,defoliators,673,60.57,0.504
190705,Fortymile River-Yukon River,2005,flooding-high water,212,19.08,0.159
190705,Fortymile River-Yukon River,2005,northern spruce engraver,196,17.64,0.147
190705,Fortymile River-Yukon River,2005,spruce beetle,56,5.04,0.042
190705,Fortymile River-Yukon River,2006,aspen leafminer,33370,3003.3,62.266
190705,Fortymile River-Yukon River,2006,defoliators,7113,640.17,13.272
190705,Fortymile River-Yukon River,2006,large aspen tortrix,6949,625.41,12.966
190705,Fortymile River-Yukon River,2006,willow leaf blotchminer,1930,173.7,3.601
190705,Fortymile River-Yukon River,2006,spear-marked black moth,1530,137.7,2.855
190705,Fortymile River-Yukon River,2006,cottonwood leafminers,1148,103.32,2.142
190705,Fortymile River-Yukon River,2006,northern spruce engraver,767,69.03,1.431
190705,Fortymile River-Yukon River,2006,flooding-high water,665,59.85,1.241
190705,Fortymile River-Yukon River,2006,mud-land slide,64,5.76,0.119
190705,Fortymile River-Yukon River,2006,spruce broom rust,57,5.13,0.106
190705,Fortymile River-Yukon River,2007,spruce beetle,50244,4521.96,38.727
190705,Fortymile River-Yukon River,2007,willow leaf blotchminer,34728,3125.52,26.768
190705,Fortymile River-Yukon River,2007,aspen leafminer,29390,2645.1,22.653
190705,Fortymile River-Yukon River,2007,northern spruce engraver,16569,1491.21,12.771
190705,Fortymile River-Yukon River,2007,large aspen tortrix,5180,466.2,3.993
190705,Fortymile River-Yukon River,2007,defoliators,182,16.38,0.14
190705,Fortymile River-Yukon River,2007,flooding-high water,108,9.72,0.083
190705,Fortymile River-Yukon River,2008,willow leaf blotchminer,22137,1992.33,83.849
190705,Fortymile River-Yukon River,2008,aspen leafminer,1841,165.69,6.973
190705,Fortymile River-Yukon River,2008,defoliators,882,79.38,3.341
190705,Fortymile River-Yukon River,2008,spruce beetle,871,78.39,3.299
190705,Fortymile River-Yukon River,2008,northern spruce engraver,670,60.3,2.538
190705,Fortymile River-Yukon River,2009,willow leaf blotchminer,28153,2533.77,43.744
190705,Fortymile River-Yukon River,2009,aspen leafminer,26972,2427.48,41.909
190705,Fortymile River-Yukon River,2009,northern spruce engraver,8661,779.49,13.458
190705,Fortymile River-Yukon River,2009,defoliators,572,51.48,0.889
190705,Fortymile River-Yukon River,2010,willow leaf blotchminer,98193,8837.37,77.164
190705,Fortymile River-Yukon River,2010,aspen leafminer,20481,1843.29,16.095
190705,Fortymile River-Yukon River,2010,northern spruce engraver,6390,575.1,5.022
190705,Fortymile River-Yukon River,2010,defoliators,2181,196.29,1.714
190705,Fortymile River-Yukon River,2010,spruce beetle,7,0.63,0.006
190705,Fortymile River-Yukon River,2011,aspen leafminer,1703,153.27,61.725
190705,Fortymile River-Yukon River,2011,defoliators,1056,95.04,38.275
190705,Fortymile River-Yukon River,2012,defoliators,18390,1655.1,44.309
190705,Fortymile River-Yukon River,2012,willow leaf blotchminer,10212,919.08,24.605
190705,Fortymile River-Yukon River,2012,birch aphid,5365,482.85,12.926
190705,Fortymile River-Yukon River,2012,northern spruce engraver,4676,420.84,11.266
190705,Fortymile River-Yukon River,2012,aspen leafminer,1572,141.48,3.788
190705,Fortymile River-Yukon River,2012,"other wilt, known (code pending)",1224,110.16,2.949
190705,Fortymile River-Yukon River,2012,spruce budworm,351,31.59,0.846
190705,Fortymile River-Yukon River,2013,aspen leafminer,22458,2021.22,57.286
190705,Fortymile River-Yukon River,2013,flooding-high water,7198,647.82,18.361
190705,Fortymile River-Yukon River,2013,decline complex,3986,358.74,10.168
190705,Fortymile River-Yukon River,2013,willow leaf blotchminer,2216,199.44,5.653
190705,Fortymile River-Yukon River,2013,defoliators,2208,198.72,5.632
190705,Fortymile River-Yukon River,2013,northern spruce engraver,1042,93.78,2.658
190705,Fortymile River-Yukon River,2013,spruce beetle,95,8.55,0.242
190705,Fortymile River-Yukon River,2014,defoliators,5079,457.11,59.404
190705,Fortymile River-Yukon River,2014,decline complex,1113,100.17,13.018
190705,Fortymile River-Yukon River,2014,northern spruce engraver,658,59.22,7.696
190705,Fortymile River-Yukon River,2014,flooding-high water,572,51.48,6.69
190705,Fortymile River-Yukon River,2014,dieback,431,38.79,5.041
190705,Fortymile River-Yukon River,2014,willow leaf blotchminer,425,38.25,4.971
190705,Fortymile River-Yukon River,2014,mud-land slide,272,24.48,3.181
190705,Fortymile River-Yukon River,2015,willow leaf blotchminer,8043,723.87,60.018
190705,Fortymile River-Yukon River,2015,aspen leafminer,1974,177.66,14.73
190705,Fortymile River-Yukon River,2015,northern spruce engraver,1553,139.77,11.589
190705,Fortymile River-Yukon River,2015,unknown canker,964,86.76,7.193
190705,Fortymile River-Yukon River,2015,unknown,472,42.48,3.522
190705,Fortymile River-Yukon River,2015,unknown defoliator,225,20.25,1.679
190705,Fortymile River-Yukon River,2015,birch leafroller,105,9.45,0.784
190705,Fortymile River-Yukon River,2015,flooding-high water,65,5.85,0.485
190705,Fortymile River-Yukon River,2016,willow leaf blotchminer,44158,3974.22,67.239
190705,Fortymile River-Yukon River,2016,unknown canker,6142,552.78,9.352
190705,Fortymile River-Yukon River,2016,aspen leafminer,5585,502.65,8.504
190705,Fortymile River-Yukon River,2016,spruce budworm,3532,317.88,5.378
190705,Fortymile River-Yukon River,2016,unknown defoliator,3140,282.6,4.781
190705,Fortymile River-Yukon River,2016,birch leafroller,2921,262.89,4.448
190705,Fortymile River-Yukon River,2016,birch leafminer,1596,143.64,2.43
190705,Fortymile River-Yukon River,2016,northern spruce engraver,447,40.23,0.681
190705,Fortymile River-Yukon River,2016,flooding-high water,289,26.01,0.44
190705,Fortymile River-Yukon River,2016,wind-tornado/hurricane,46,4.14,0.07
190705,Fortymile River-Yukon River,2016,cottonwood leaf beetle,29,2.61,0.044
190705,Fortymile River-Yukon River,2016,mud-land slide,10,0.9,0.015
190705,Fortymile River-Yukon River,2017,willow leaf blotchminer,68727,6185.43,66.135
190705,Fortymile River-Yukon River,2017,aspen leafminer,31880,2869.2,30.678
190705,Fortymile River-Yukon River,2017,unknown canker,2752,247.68,2.648
190705,Fortymile River-Yukon River,2017,birch leafroller,1287,115.83,1.238
190705,Fortymile River-Yukon River,2017,spruce budworm,1186,106.74,1.141
190705,Fortymile River-Yukon River,2017,flooding-high water,897,80.73,0.863
190705,Fortymile River-Yukon River,2017,unknown defoliator,451,40.59,0.434
190705,Fortymile River-Yukon River,2017,northern spruce engraver,172,15.48,0.166
190705,Fortymile River-Yukon River,2017,"other canker agent, known (code pending)",6,0.54,0.006
190705,Fortymile River-Yukon River,2018,aspen leafminer,31540,2838.6,55.153
190705,Fortymile River-Yukon River,2018,willow leaf blotchminer,17763,1598.67,31.062
190705,Fortymile River-Yukon River,2018,unknown defoliator,5220,469.8,9.128
190705,Fortymile River-Yukon River,2018,flooding-high water,2118,190.62,3.704
190705,Fortymile River-Yukon River,2018,unknown canker,1175,105.75,2.055
190705,Fortymile River-Yukon River,2019,aspen leafminer,19751,1777.59,60.235
190705,Fortymile River-Yukon River,2019,willow leaf blotchminer,12829,1154.61,39.125
190705,Fortymile River-Yukon River,2019,unknown defoliator,164,14.76,0.5
190705,Fortymile River-Yukon River,2019,spruce broom rust,33,2.97,0.101
190705,Fortymile River-Yukon River,2019,large-spored spruce-Labrador tea rust,18,1.62,0.055
190705,Fortymile River-Yukon River,2020,aspen leafminer,19087,1717.83,93.371
190705,Fortymile River-Yukon River,2020,willow leaf blotchminer,1355,121.95,6.629
190705,Fortymile River-Yukon River,2021,willow leaf blotchminer,19688,1771.92,89.532
190705,Fortymile River-Yukon River,2021,aspen leafminer,2302,207.18,10.468
190705,Fortymile River-Yukon River,2022,unknown defoliator,4014,361.26,48.904
190705,Fortymile River-Yukon River,2022,willow leaf blotchminer,3584,322.56,43.665
190705,Fortymile River-Yukon River,2022,northern spruce engraver,610,54.9,7.432
190705,Fortymile River-Yukon River,2024,aspen leafminer,26471,2382.39,57.477
190705,Fortymile River-Yukon River,2024,willow leaf blotchminer,9699,872.91,21.06
190705,Fortymile River-Yukon River,2024,unknown defoliator,4351,391.59,9.447
190705,Fortymile River-Yukon River,2024,northern spruce engraver,1930,173.7,4.191
190705,Fortymile River-Yukon River,2024,unknown,1678,151.02,3.643
190705,Fortymile River-Yukon River,2024,spruce beetle,1265,113.85,2.747
190705,Fortymile River-Yukon River,2024,flooding-high water,661,59.49,1.435
190801,Porcupine River,1998,willow leaf blotchminer,219845,19786.05,98.69
190801,Porcupine River,1998,spruce broom rust,2862,257.58,1.285
190801,Porcupine River,1998,defoliators,57,5.13,0.026
190801,Porcupine River,1999,fire,603737,54336.33,67.361
190801,Porcupine River,1999,willow leaf blotchminer,292533,26327.97,32.639
190801,Porcupine River,2000,willow leafblotch miner,9902,891.18,100.0
190801,Porcupine River,2001,willow leafblotch miner,34567,3111.03,98.425
190801,Porcupine River,2001,Chrysomela leaf beetle,337,30.33,0.96
190801,Porcupine River,2001,defoliators,129,11.61,0.367
190801,Porcupine River,2001,fire,87,7.83,0.248
190801,Porcupine River,2002,aspen leafminer,1058999,95309.91,99.983
190801,Porcupine River,2002,northern spruce engraver,181,16.29,0.017
190801,Porcupine River,2003,aspen leafminer,1022083,91987.47,99.985
190801,Porcupine River,2003,northern spruce engraver,80,7.2,0.008
190801,Porcupine River,2003,willow leaf blotchminer,74,6.66,0.007
190801,Porcupine River,2004,aspen leafminer,78443,7059.87,100.0
190801,Porcupine River,2005,aspen leafminer,1119969,100797.21,95.866
190801,Porcupine River,2005,willow leaf blotchminer,44367,3993.03,3.798
190801,Porcupine River,2005,northern spruce engraver,2006,180.54,0.172
190801,Porcupine River,2005,defoliators,1211,108.99,0.104
190801,Porcupine River,2005,spruce budworm,706,63.54,0.06
190801,Porcupine River,2005,spruce beetle,67,6.03,0.006
190801,Porcupine River,2006,aspen leafminer,59565,5360.85,80.912
190801,Porcupine River,2006,willow leaf blotchminer,7641,687.69,10.379
190801,Porcupine River,2006,defoliators,1848,166.32,2.51
190801,Porcupine River,2006,spear-marked black moth,1346,121.14,1.828
190801,Porcupine River,2006,northern spruce engraver,1311,117.99,1.781
190801,Porcupine River,2006,cottonwood leafminers,1131,101.79,1.536
190801,Porcupine River,2006,spruce broom rust,367,33.03,0.499
190801,Porcupine River,2006,flooding-high water,256,23.04,0.348
190801,Porcupine River,2006,large aspen tortrix,152,13.68,0.206
190801,Porcupine River,2007,willow leaf blotchminer,75728,6815.52,43.833
190801,Porcupine River,2007,aspen leafminer,59752,5377.68,34.586
190801,Porcupine River,2007,northern spruce engraver,35622,3205.98,20.619
190801,Porcupine River,2007,large aspen tortrix,4711,423.99,2.727
190801,Porcupine River,2007,defoliators,419,37.71,0.243
190801,Porcupine River,2008,willow leaf blotchminer,113980,10258.2,46.792
190801,Porcupine River,2008,aspen leafminer,103146,9283.14,42.344
190801,Porcupine River,2008,northern spruce engraver,25803,2322.27,10.593
190801,Porcupine River,2008,defoliators,502,45.18,0.206
190801,Porcupine River,2008,spruce beetle,157,14.13,0.064
190801,Porcupine River,2009,aspen leafminer,339700,30573.0,58.638
190801,Porcupine River,2009,willow leaf blotchminer,192183,17296.47,33.174
190801,Porcupine River,2009,northern spruce engraver,47251,4252.59,8.156
190801,Porcupine River,2009,spruce beetle,182,16.38,0.031
190801,Porcupine River,2010,willow leaf blotchminer,655326,58979.34,71.409
190801,Porcupine River,2010,aspen leafminer,222030,19982.7,24.194
190801,Porcupine River,2010,northern spruce engraver,21243,1911.87,2.315
190801,Porcupine River,2010,canker (general),19011,1710.99,2.072
190801,Porcupine River,2010,defoliators,104,9.36,0.011
190801,Porcupine River,2011,aspen leafminer,12185,1096.65,43.121
190801,Porcupine River,2011,willow leaf blotchminer,10475,942.75,37.069
190801,Porcupine River,2011,defoliators,6218,559.62,22.004
190801,Porcupine River,2011,flooding-high water,1062,95.58,3.758
190801,Porcupine River,2011,northern spruce engraver,57,5.13,0.202
190801,Porcupine River,2012,defoliators,43655,3928.95,38.137
190801,Porcupine River,2012,willow leaf blotchminer,28996,2609.64,25.331
190801,Porcupine River,2012,"other wilt, known (code pending)",21528,1937.52,18.807
190801,Porcupine River,2012,northern spruce engraver,11326,1019.34,9.894
190801,Porcupine River,2012,aspen leafminer,9014,811.26,7.875
190801,Porcupine River,2012,birch aphid,851,76.59,0.743
190801,Porcupine River,2012,decline complex,380,34.2,0.332
190801,Porcupine River,2012,spruce budworm,156,14.04,0.136
190801,Porcupine River,2013,aspen leafminer,86380,7774.2,84.134
190801,Porcupine River,2013,defoliators,6596,593.64,6.425
190801,Porcupine River,2013,decline complex,4509,405.81,4.392
190801,Porcupine River,2013,willow leaf blotchminer,3025,272.25,2.946
190801,Porcupine River,2013,spruce budworm,996,89.64,0.97
190801,Porcupine River,2013,large aspen tortrix,584,52.56,0.569
190801,Porcupine River,2013,northern spruce engraver,444,39.96,0.432
190801,Porcupine River,2013,spruce broom rust,176,15.84,0.171
190801,Porcupine River,2013,flooding-high water,15,1.35,0.015
190801,Porcupine River,2014,aspen leafminer,121999,10979.91,69.647
190801,Porcupine River,2014,defoliators,26974,2427.66,15.399
190801,Porcupine River,2014,willow leaf blotchminer,18837,1695.33,10.754
190801,Porcupine River,2014,decline complex,16958,1526.22,9.681
190801,Porcupine River,2014,northern spruce engraver,5103,459.27,2.913
190801,Porcupine River,2014,large aspen tortrix,5101,459.09,2.912
190801,Porcupine River,2014,flooding-high water,1743,156.87,0.995
190801,Porcupine River,2014,dieback,1224,110.16,0.699
190801,Porcupine River,2015,willow leaf blotchminer,46462,4181.58,56.544
190801,Porcupine River,2015,unknown defoliator,21101,1899.09,25.68
190801,Porcupine River,2015,aspen leafminer,9982,898.38,12.148
190801,Porcupine River,2015,unknown,1380,124.2,1.679
190801,Porcupine River,2015,flooding-high water,1352,121.68,1.645
190801,Porcupine River,2015,unknown canker,1015,91.35,1.235
190801,Porcupine River,2015,northern spruce engraver,878,79.02,1.069
190801,Porcupine River,2016,willow leaf blotchminer,224590,20213.1,65.789
190801,Porcupine River,2016,aspen leafminer,109098,9818.82,31.958
190801,Porcupine River,2016,unknown defoliator,3295,296.55,0.965
190801,Porcupine River,2016,unknown canker,3276,294.84,0.96
190801,Porcupine River,2016,northern spruce engraver,1183,106.47,0.347
190801,Porcupine River,2016,flooding-high water,942,84.78,0.276
190801,Porcupine River,2017,willow leaf blotchminer,23528,2117.52,100.0
190801,Porcupine River,2018,willow leaf blotchminer,489,44.01,98.39
190801,Porcupine River,2018,unknown defoliator,8,0.72,1.61
190801,Porcupine River,2019,willow leaf blotchminer,36008,3240.72,79.616
190801,Porcupine River,2019,aspen leafminer,9211,828.99,20.366
190801,Porcupine River,2019,spruce broom rust,8,0.72,0.018
190801,Porcupine River,2024,willow leaf blotchminer,62190,5597.1,94.449
190801,Porcupine River,2024,spruce beetle,3209,288.81,4.874
190801,Porcupine River,2024,flooding-high water,381,34.29,0.579
190801,Porcupine River,2024,northern spruce engraver,65,5.85,0.099
190802,Chandalar-Christian River,1998,willow leaf blotchminer,159500,14355.0,98.149
190802,Chandalar-Christian River,1998,defoliators,1365,122.85,0.84
190802,Chandalar-Christian River,1998,fire,568,51.12,0.35
190802,Chandalar-Christian River,1998,mud-land slide,370,33.3,0.228
190802,Chandalar-Christian River,1998,foliage and shoot diseases,336,30.24,0.207
190802,Chandalar-Christian River,1998,northern spruce engraver,257,23.13,0.158
190802,Chandalar-Christian River,1998,spruce broom rust,112,10.08,0.069
190802,Chandalar-Christian River,1999,willow leaf blotchminer,186570,16791.3,99.795
190802,Chandalar-Christian River,1999,northern spruce engraver,384,34.56,0.205
190802,Chandalar-Christian River,2000,spruce budworm,180949,16285.41,96.743
190802,Chandalar-Christian River,2000,willow leafblotch miner,6091,548.19,3.257
190802,Chandalar-Christian River,2001,willow leafblotch miner,1955,175.95,85.934
190802,Chandalar-Christian River,2001,flooding-high water,320,28.8,14.066
190802,Chandalar-Christian River,2003,northern spruce engraver,1776,159.84,100.0
190802,Chandalar-Christian River,2005,aspen leafminer,175374,15783.66,53.396
190802,Chandalar-Christian River,2005,defoliators,69103,6219.27,21.04
190802,Chandalar-Christian River,2005,willow leaf blotchminer,52685,4741.65,16.041
190802,Chandalar-Christian River,2005,spruce budworm,30933,2783.97,9.418
190802,Chandalar-Christian River,2005,northern spruce engraver,346,31.14,0.105
190802,Chandalar-Christian River,2006,aspen leafminer,97029,8732.61,47.172
190802,Chandalar-Christian River,2006,northern spruce engraver,25369,2283.21,12.334
190802,Chandalar-Christian River,2006,Lirula spruce needle blight,25032,2252.88,12.17
190802,Chandalar-Christian River,2006,defoliators,19781,1780.29,9.617
190802,Chandalar-Christian River,2006,large aspen tortrix,11811,1062.99,5.742
190802,Chandalar-Christian River,2006,spruce bud moth,10749,967.41,5.226
190802,Chandalar-Christian River,2006,willow leaf blotchminer,8421,757.89,4.094
190802,Chandalar-Christian River,2006,spear-marked black moth,7032,632.88,3.419
190802,Chandalar-Christian River,2006,spruce beetle,1577,141.93,0.767
190802,Chandalar-Christian River,2006,flooding-high water,452,40.68,0.22
190802,Chandalar-Christian River,2006,spruce broom rust,14,1.26,0.007
190802,Chandalar-Christian River,2007,northern spruce engraver,16667,1500.03,60.305
190802,Chandalar-Christian River,2007,willow leaf blotchminer,10849,976.41,39.254
190802,Chandalar-Christian River,2007,large aspen tortrix,111,9.99,0.402
190802,Chandalar-Christian River,2007,defoliators,11,0.99,0.04
190802,Chandalar-Christian River,2008,northern spruce engraver,33009,2970.81,58.926
190802,Chandalar-Christian River,2008,willow leaf blotchminer,18712,1684.08,33.404
190802,Chandalar-Christian River,2008,aspen leafminer,2708,243.72,4.834
190802,Chandalar-Christian River,2008,spruce beetle,1408,126.72,2.513
190802,Chandalar-Christian River,2008,defoliators,181,16.29,0.323
190802,Chandalar-Christian River,2009,willow leaf blotchminer,83149,7483.41,48.365
190802,Chandalar-Christian River,2009,aspen leafminer,51502,4635.18,29.957
190802,Chandalar-Christian River,2009,northern spruce engraver,37269,3354.21,21.678
190802,Chandalar-Christian River,2010,willow leaf blotchminer,209431,18848.79,53.643
190802,Chandalar-Christian River,2010,aspen leafminer,138541,12468.69,35.486
190802,Chandalar-Christian River,2010,northern spruce engraver,22859,2057.31,5.855
190802,Chandalar-Christian River,2010,defoliators,14629,1316.61,3.747
190802,Chandalar-Christian River,2010,canker (general),4819,433.71,1.234
190802,Chandalar-Christian River,2010,cottonwood leafminers,80,7.2,0.02
190802,Chandalar-Christian River,2010,flooding-high water,54,4.86,0.014
190802,Chandalar-Christian River,2011,aspen leafminer,22098,1988.82,47.066
190802,Chandalar-Christian River,2011,northern spruce engraver,12656,1139.04,26.956
190802,Chandalar-Christian River,2011,willow leaf blotchminer,8090,728.1,17.231
190802,Chandalar-Christian River,2011,defoliators,2447,220.23,5.212
190802,Chandalar-Christian River,2011,dieback,1175,105.75,2.503
190802,Chandalar-Christian River,2011,spruce beetle,485,43.65,1.033
190802,Chandalar-Christian River,2013,northern spruce engraver,8564,770.76,41.997
190802,Chandalar-Christian River,2013,decline complex,3968,357.12,19.459
190802,Chandalar-Christian River,2013,spruce broom rust,3487,313.83,17.1
190802,Chandalar-Christian River,2013,aspen leafminer,2470,222.3,12.113
190802,Chandalar-Christian River,2013,large aspen tortrix,657,59.13,3.222
190802,Chandalar-Christian River,2013,spruce budworm,559,50.31,2.741
190802,Chandalar-Christian River,2013,willow leaf blotchminer,557,50.13,2.731
190802,Chandalar-Christian River,2013,defoliators,94,8.46,0.461
190802,Chandalar-Christian River,2013,flooding-high water,36,3.24,0.177
190802,Chandalar-Christian River,2014,aspen leafminer,35563,3200.67,67.828
190802,Chandalar-Christian River,2014,willow leaf blotchminer,15039,1353.51,28.683
190802,Chandalar-Christian River,2014,large aspen tortrix,1293,116.37,2.466
190802,Chandalar-Christian River,2014,spruce broom rust,771,69.39,1.471
190802,Chandalar-Christian River,2014,defoliators,401,36.09,0.765
190802,Chandalar-Christian River,2014,northern spruce engraver,83,7.47,0.158
190802,Chandalar-Christian River,2015,willow leaf blotchminer,4054,364.86,72.874
190802,Chandalar-Christian River,2015,unknown defoliator,783,70.47,14.075
190802,Chandalar-Christian River,2015,northern spruce engraver,457,41.13,8.215
190802,Chandalar-Christian River,2015,unknown canker,248,22.32,4.458
190802,Chandalar-Christian River,2015,aspen leafminer,21,1.89,0.377
190802,Chandalar-Christian River,2016,willow leaf blotchminer,13938,1254.42,98.557
190802,Chandalar-Christian River,2016,unknown canker,459,41.31,3.246
190802,Chandalar-Christian River,2017,willow leaf blotchminer,25214,2269.26,89.771
190802,Chandalar-Christian River,2017,unknown defoliator,2462,221.58,8.766
190802,Chandalar-Christian River,2017,northern spruce engraver,319,28.71,1.136
190802,Chandalar-Christian River,2017,aspen leafminer,92,8.28,0.328
190802,Chandalar-Christian River,2018,aspen leafminer,6132,551.88,67.429
190802,Chandalar-Christian River,2018,willow leaf blotchminer,1721,154.89,18.925
190802,Chandalar-Christian River,2018,unknown defoliator,1190,107.1,13.086
190802,Chandalar-Christian River,2018,spruce broom rust,55,4.95,0.605
190802,Chandalar-Christian River,2019,aspen leafminer,5738,516.42,68.751
190802,Chandalar-Christian River,2019,willow leaf blotchminer,2574,231.66,30.841
190802,Chandalar-Christian River,2019,northern spruce engraver,21,1.89,0.252
190802,Chandalar-Christian River,2019,spruce beetle,15,1.35,0.18
190802,Chandalar-Christian River,2024,willow leaf blotchminer,34062,3065.58,98.448
190802,Chandalar-Christian River,2024,flooding-high water,297,26.73,0.858
190802,Chandalar-Christian River,2024,spruce beetle,240,21.6,0.694
190803,Tanana River,1997,larch sawfly,340261,30623.49,75.658
190803,Tanana River,1997,spruce budworm,66552,5989.68,14.798
190803,Tanana River,1997,large aspen tortrix,12541,1128.69,2.789
190803,Tanana River,1997,willow leaf blotchminer,11203,1008.27,2.491
190803,Tanana River,1997,defoliators,7419,667.71,1.65
190803,Tanana River,1997,northern spruce engraver,6857,617.13,1.525
190803,Tanana River,1997,spruce beetle,5196,467.64,1.155
190803,Tanana River,1997,flooding-high water,3161,284.49,0.703
190803,Tanana River,1997,large-spored spruce-Labrador tea rust,43,3.87,0.01
190803,Tanana River,1998,larch sawfly,63435,5709.15,28.402
190803,Tanana River,1998,willow leaf blotchminer,51764,4658.76,23.177
190803,Tanana River,1998,fire,41167,3705.03,18.432
190803,Tanana River,1998,large aspen tortrix,36641,3297.69,16.406
190803,Tanana River,1998,defoliators,17527,1577.43,7.848
190803,Tanana River,1998,spruce budworm,4422,397.98,1.98
190803,Tanana River,1998,spruce broom rust,3904,351.36,1.748
190803,Tanana River,1998,northern spruce engraver,2600,234.0,1.164
190803,Tanana River,1998,flooding-high water,1690,152.1,0.757
190803,Tanana River,1998,spruce beetle,153,13.77,0.069
190803,Tanana River,1998,foliage and shoot diseases,41,3.69,0.018
190803,Tanana River,1999,willow leaf blotchminer,111924,10073.16,63.135
190803,Tanana River,1999,larch sawfly,29243,2631.87,16.496
190803,Tanana River,1999,large aspen tortrix,20771,1869.39,11.717
190803,Tanana River,1999,defoliators,5047,454.23,2.847
190803,Tanana River,1999,northern spruce engraver,4029,362.61,2.273
190803,Tanana River,1999,eastern larch beetle,2456,221.04,1.385
190803,Tanana River,1999,flooding-high water,1649,148.41,0.93
190803,Tanana River,1999,spruce beetle,1326,119.34,0.748
190803,Tanana River,1999,fire,714,64.26,0.403
190803,Tanana River,1999,spruce broom rust,72,6.48,0.041
190803,Tanana River,1999,spear-marked black moth,45,4.05,0.025
190803,Tanana River,2000,willow leafblotch miner,36728,3305.52,54.303
190803,Tanana River,2000,large aspen tortrix,19253,1732.77,28.466
190803,Tanana River,2000,defoliators,5907,531.63,8.734
190803,Tanana River,2000,larch sawfly,5173,465.57,7.648
190803,Tanana River,2000,northern spruce engraver,574,51.66,0.849
190803,Tanana River,2001,flooding-high water,510134,45912.06,66.095
190803,Tanana River,2001,fire,138744,12486.96,17.976
190803,Tanana River,2001,spruce budworm,114638,10317.42,14.853
190803,Tanana River,2001,larch sawfly,3272,294.48,0.424
190803,Tanana River,2001,willow leafblotch miner,1884,169.56,0.244
190803,Tanana River,2001,defoliators,1613,145.17,0.209
190803,Tanana River,2001,spruce beetle,1296,116.64,0.168
190803,Tanana River,2001,willow leaf blotchminer,157,14.13,0.02
190803,Tanana River,2001,northern spruce engraver,81,7.29,0.01
190803,Tanana River,2002,aspen leafminer,126820,11413.8,75.372
190803,Tanana River,2002,defoliators,27089,2438.01,16.1
190803,Tanana River,2002,large aspen tortrix,11145,1003.05,6.624
190803,Tanana River,2002,larch sawfly,2174,195.66,1.292
190803,Tanana River,2002,northern spruce engraver,817,73.53,0.486
190803,Tanana River,2002,flooding-high water,214,19.26,0.127
190803,Tanana River,2003,aspen leafminer,451352,40621.68,75.698
190803,Tanana River,2003,spruce budworm,138870,12498.3,23.29
190803,Tanana River,2003,defoliators,4349,391.41,0.729
190803,Tanana River,2003,spruce bud moth,1492,134.28,0.25
190803,Tanana River,2003,northern spruce engraver,190,17.1,0.032
190803,Tanana River,2004,aspen leafminer,1708685,153781.65,80.57
190803,Tanana River,2004,spruce budworm,148220,13339.8,6.989
190803,Tanana River,2004,defoliators,76609,6894.81,3.612
190803,Tanana River,2004,northern spruce engraver,64006,5760.54,3.018
190803,Tanana River,2004,eastern larch beetle,53183,4786.47,2.508
190803,Tanana River,2004,willow leaf blotchminer,48924,4403.16,2.307
190803,Tanana River,2004,large aspen tortrix,20160,1814.4,0.951
190803,Tanana River,2004,birch leafroller,887,79.83,0.042
190803,Tanana River,2004,spruce beetle,641,57.69,0.03
190803,Tanana River,2004,spruce broom rust,145,13.05,0.007
190803,Tanana River,2004,flooding-high water,100,9.0,0.005
190803,Tanana River,2005,aspen leafminer,1020781,91870.29,93.034
190803,Tanana River,2005,spruce budworm,38151,3433.59,3.477
190803,Tanana River,2005,defoliators,19224,1730.16,1.752
190803,Tanana River,2005,willow leaf blotchminer,17753,1597.77,1.618
190803,Tanana River,2005,northern spruce engraver,963,86.67,0.088
190803,Tanana River,2005,spruce beetle,342,30.78,0.031
190803,Tanana River,2006,aspen leafminer,1258413,113257.17,70.938
190803,Tanana River,2006,spruce budworm,234740,21126.6,13.233
190803,Tanana River,2006,large aspen tortrix,112010,10080.9,6.314
190803,Tanana River,2006,defoliators,69906,6291.54,3.941
190803,Tanana River,2006,willow leaf blotchminer,32212,2899.08,1.816
190803,Tanana River,2006,spear-marked black moth,18022,1621.98,1.016
190803,Tanana River,2006,cottonwood leafminers,15019,1351.71,0.847
190803,Tanana River,2006,northern spruce engraver,14154,1273.86,0.798
190803,Tanana River,2006,larch sawfly,11191,1007.19,0.631
190803,Tanana River,2006,spruce beetle,6845,616.05,0.386
190803,Tanana River,2006,flooding-high water,6474,582.66,0.365
190803,Tanana River,2006,spruce bud moth,1811,162.99,0.102
190803,Tanana River,2007,aspen leafminer,2289118,206020.62,86.746
190803,Tanana River,2007,spruce budworm,167612,15085.08,6.352
190803,Tanana River,2007,willow leaf blotchminer,143200,12888.0,5.427
190803,Tanana River,2007,large aspen tortrix,40860,3677.4,1.548
190803,Tanana River,2007,defoliators,31208,2808.72,1.183
190803,Tanana River,2007,northern spruce engraver,5756,518.04,0.218
190803,Tanana River,2007,spruce beetle,2536,228.24,0.096
190803,Tanana River,2007,flooding-high water,437,39.33,0.017
190803,Tanana River,2008,aspen leafminer,659629,59366.61,78.576
190803,Tanana River,2008,willow leaf blotchminer,88991,8009.19,10.601
190803,Tanana River,2008,northern spruce engraver,45023,4052.07,5.363
190803,Tanana River,2008,spruce budworm,25774,2319.66,3.07
190803,Tanana River,2008,defoliators,14937,1344.33,1.779
190803,Tanana River,2008,spruce beetle,2505,225.45,0.298
190803,Tanana River,2008,flooding-high water,1383,124.47,0.165
190803,Tanana River,2008,eastern larch beetle,558,50.22,0.066
190803,Tanana River,2008,cottonwood leafminers,341,30.69,0.041
190803,Tanana River,2008,spear-marked black moth,242,21.78,0.029
190803,Tanana River,2008,large aspen tortrix,101,9.09,0.012
190803,Tanana River,2009,aspen leafminer,772301,69507.09,87.025
190803,Tanana River,2009,willow leaf blotchminer,96774,8709.66,10.905
190803,Tanana River,2009,defoliators,11278,1015.02,1.271
190803,Tanana River,2009,northern spruce engraver,5985,538.65,0.674
190803,Tanana River,2009,flooding-high water,1068,96.12,0.12
190803,Tanana River,2009,eastern larch beetle,42,3.78,0.005
190803,Tanana River,2010,aspen leafminer,1173508,105615.72,65.094
190803,Tanana River,2010,willow leaf blotchminer,520039,46803.51,28.846
190803,Tanana River,2010,defoliators,59837,5385.33,3.319
190803,Tanana River,2010,flooding-high water,29024,2612.16,1.61
190803,Tanana River,2010,northern spruce engraver,8831,794.79,0.49
190803,Tanana River,2010,canker (general),4868,438.12,0.27
190803,Tanana River,2010,wind-tornado/hurricane,3296,296.64,0.183
190803,Tanana River,2010,large aspen tortrix,2436,219.24,0.135
190803,Tanana River,2010,cottonwood leafminers,955,85.95,0.053
190803,Tanana River,2011,aspen leafminer,363540,32718.6,64.983
190803,Tanana River,2011,willow leaf blotchminer,111721,10054.89,19.97
190803,Tanana River,2011,defoliators,46491,4184.19,8.31
190803,Tanana River,2011,dieback,40765,3668.85,7.287
190803,Tanana River,2011,northern spruce engraver,7491,674.19,1.339
190803,Tanana River,2011,birch aphid,4382,394.38,0.783
190803,Tanana River,2011,winter injury,894,80.46,0.16
190803,Tanana River,2011,large aspen tortrix,192,17.28,0.034
190803,Tanana River,2011,spruce broom rust,178,16.02,0.032
190803,Tanana River,2012,aspen leafminer,252493,22724.37,46.668
190803,Tanana River,2012,willow leaf blotchminer,88848,7996.32,16.422
190803,Tanana River,2012,defoliators,82732,7445.88,15.291
190803,Tanana River,2012,birch aphid,38581,3472.29,7.131
190803,Tanana River,2012,large aspen tortrix,34389,3095.01,6.356
190803,Tanana River,2012,"other wilt, known (code pending)",29952,2695.68,5.536
190803,Tanana River,2012,northern spruce engraver,19311,1737.99,3.569
190803,Tanana River,2012,Chrysomela leaf beetle,884,79.56,0.163
190803,Tanana River,2012,flooding-high water,678,61.02,0.125
190803,Tanana River,2012,birch leafminer,617,55.53,0.114
190803,Tanana River,2012,Lirula spruce needle blight,420,37.8,0.078
190803,Tanana River,2012,spruce beetle,193,17.37,0.036
190803,Tanana River,2012,large-spored spruce-Labrador tea rust,119,10.71,0.022
190803,Tanana River,2012,spruce broom rust,97,8.73,0.018
190803,Tanana River,2012,wind-tornado/hurricane,71,6.39,0.013
190803,Tanana River,2013,aspen leafminer,152066,13685.94,61.146
190803,Tanana River,2013,defoliators,33889,3050.01,13.627
190803,Tanana River,2013,decline complex,29194,2627.46,11.739
190803,Tanana River,2013,wind-tornado/hurricane,13294,1196.46,5.346
190803,Tanana River,2013,willow leaf blotchminer,10900,981.0,4.383
190803,Tanana River,2013,large aspen tortrix,3845,346.05,1.546
190803,Tanana River,2013,northern spruce engraver,3728,335.52,1.499
190803,Tanana River,2013,flooding-high water,1702,153.18,0.684
190803,Tanana River,2013,birch aphid,1026,92.34,0.413
190803,Tanana River,2014,aspen leafminer,180400,16236.0,63.121
190803,Tanana River,2014,defoliators,43594,3923.46,15.253
190803,Tanana River,2014,birch leafroller,22551,2029.59,7.89
190803,Tanana River,2014,northern spruce engraver,14635,1317.15,5.121
190803,Tanana River,2014,birch aphid,6661,599.49,2.331
190803,Tanana River,2014,decline complex,6242,561.78,2.184
190803,Tanana River,2014,willow leaf blotchminer,5768,519.12,2.018
190803,Tanana River,2014,flooding-high water,4017,361.53,1.406
190803,Tanana River,2014,large aspen tortrix,3745,337.05,1.31
190803,Tanana River,2014,dieback,420,37.8,0.147
190803,Tanana River,2014,wind-tornado/hurricane,365,32.85,0.128
190803,Tanana River,2014,spruce beetle,326,29.34,0.114
190803,Tanana River,2014,birch leafminer,86,7.74,0.03
190803,Tanana River,2015,aspen leafminer,109866,9887.94,65.378
190803,Tanana River,2015,unknown defoliator,19747,1777.23,11.751
190803,Tanana River,2015,northern spruce engraver,10952,985.68,6.517
190803,Tanana River,2015,willow leaf blotchminer,9514,856.26,5.662
190803,Tanana River,2015,flooding-high water,5910,531.9,3.517
190803,Tanana River,2015,unknown canker,4163,374.67,2.477
190803,Tanana River,2015,large aspen tortrix,4025,362.25,2.395
190803,Tanana River,2015,unknown,2039,183.51,1.213
190803,Tanana River,2015,birch aphid,1943,174.87,1.156
190803,Tanana River,2015,birch leafroller,1442,129.78,0.858
190803,Tanana River,2015,spruce broom rust,33,2.97,0.02
190803,Tanana River,2016,aspen leafminer,388060,34925.4,69.59
190803,Tanana River,2016,birch leafroller,78492,7064.28,14.076
190803,Tanana River,2016,northern spruce engraver,50791,4571.19,9.108
190803,Tanana River,2016,willow leaf blotchminer,15089,1358.01,2.706
190803,Tanana River,2016,spear-marked black moth,7055,634.95,1.265
190803,Tanana River,2016,birch leafminer,6216,559.44,1.115
190803,Tanana River,2016,unknown defoliator,5120,460.8,0.918
190803,Tanana River,2016,unknown canker,3525,317.25,0.632
190803,Tanana River,2016,large aspen tortrix,2097,188.73,0.376
190803,Tanana River,2016,flooding-high water,1559,140.31,0.28
190803,Tanana River,2016,wind-tornado/hurricane,117,10.53,0.021
190803,Tanana River,2017,aspen leafminer,543381,48904.29,83.344
190803,Tanana River,2017,willow leaf blotchminer,85386,7684.74,13.097
190803,Tanana River,2017,unknown defoliator,7123,641.07,1.093
190803,Tanana River,2017,northern spruce engraver,5750,517.5,0.882
190803,Tanana River,2017,unknown,5581,502.29,0.856
190803,Tanana River,2017,flooding-high water,1777,159.93,0.273
190803,Tanana River,2017,birch leafroller,1296,116.64,0.199
190803,Tanana River,2017,large aspen tortrix,1011,90.99,0.155
190803,Tanana River,2017,spruce beetle,374,33.66,0.057
190803,Tanana River,2017,unknown canker,131,11.79,0.02
190803,Tanana River,2017,"other canker agent, known (code pending)",109,9.81,0.017
190803,Tanana River,2017,common porcupine,56,5.04,0.009
190803,Tanana River,2018,aspen leafminer,823261,74093.49,86.757
190803,Tanana River,2018,willow leaf blotchminer,63411,5706.99,6.682
190803,Tanana River,2018,spruce beetle,28163,2534.67,2.968
190803,Tanana River,2018,unknown canker,24009,2160.81,2.53
190803,Tanana River,2018,unknown defoliator,16901,1521.09,1.781
190803,Tanana River,2018,"other canker agent, known (code pending)",5790,521.1,0.61
190803,Tanana River,2018,large aspen tortrix,5295,476.55,0.558
190803,Tanana River,2018,flooding-high water,1099,98.91,0.116
190803,Tanana River,2018,unknown,556,50.04,0.059
190803,Tanana River,2018,northern spruce engraver,326,29.34,0.034
190803,Tanana River,2018,birch leafroller,275,24.75,0.029
190803,Tanana River,2019,aspen leafminer,467332,42059.88,73.623
190803,Tanana River,2019,birch leafminer,76930,6923.7,12.12
190803,Tanana River,2019,willow leaf blotchminer,58239,5241.51,9.175
190803,Tanana River,2019,unknown,12764,1148.76,2.011
190803,Tanana River,2019,spruce beetle,8044,723.96,1.267
190803,Tanana River,2019,unknown defoliator,6264,563.76,0.987
190803,Tanana River,2019,northern spruce engraver,2516,226.44,0.396
190803,Tanana River,2019,"other canker agent, known (code pending)",1701,153.09,0.268
190803,Tanana River,2019,unknown canker,1086,97.74,0.171
190803,Tanana River,2019,flooding-high water,260,23.4,0.041
190803,Tanana River,2019,spruce broom rust,237,21.33,0.037
190803,Tanana River,2019,large-spored spruce-Labrador tea rust,219,19.71,0.035
190803,Tanana River,2020,aspen leafminer,142076,12786.84,89.046
190803,Tanana River,2020,spruce beetle,5427,488.43,3.401
190803,Tanana River,2020,birch leafminer,4748,427.32,2.976
190803,Tanana River,2020,unknown defoliator,4649,418.41,2.914
190803,Tanana River,2020,large-spored spruce-Labrador tea rust,2090,188.1,1.31
190803,Tanana River,2020,willow leaf blotchminer,465,41.85,0.291
190803,Tanana River,2020,"other rust, known (code pending)",81,7.29,0.051
190803,Tanana River,2020,birch leafroller,23,2.07,0.014
190803,Tanana River,2020,flooding-high water,15,1.35,0.009
190803,Tanana River,2021,aspen leafminer,450539,40548.51,55.882
190803,Tanana River,2021,spruce beetle,138755,12487.95,17.21
190803,Tanana River,2021,birch leafminer,122132,10991.88,15.148
190803,Tanana River,2021,flooding-high water,54358,4892.22,6.742
190803,Tanana River,2021,unknown defoliator,26758,2408.22,3.319
190803,Tanana River,2021,willow leaf blotchminer,12557,1130.13,1.557
190803,Tanana River,2021,rusty tussock moth,10474,942.66,1.299
190803,Tanana River,2021,large-spored spruce-Labrador tea rust,460,41.4,0.057
190803,Tanana River,2021,birch aphid,356,32.04,0.044
190803,Tanana River,2021,aspen running canker,250,22.5,0.031
190803,Tanana River,2021,northern spruce engraver,10,0.9,0.001
190803,Tanana River,2022,aspen leafminer,161186,14506.74,46.164
190803,Tanana River,2022,birch leafminer,96777,8709.93,27.717
190803,Tanana River,2022,spruce beetle,67387,6064.83,19.3
190803,Tanana River,2022,unknown defoliator,10783,970.47,3.088
190803,Tanana River,2022,willow leaf blotchminer,4218,379.62,1.208
190803,Tanana River,2022,snow-ice,2690,242.1,0.77
190803,Tanana River,2022,unknown,2660,239.4,0.762
190803,Tanana River,2022,northern spruce engraver,2433,218.97,0.697
190803,Tanana River,2022,flooding-high water,1187,106.83,0.34
190803,Tanana River,2022,aspen running canker,228,20.52,0.065
190803,Tanana River,2022,wind-tornado/hurricane,17,1.53,0.005
190803,Tanana River,2023,aspen leafminer,361175,32505.75,58.543
190803,Tanana River,2023,spruce beetle,199589,17963.01,32.352
190803,Tanana River,2023,unknown defoliator,35492,3194.28,5.753
190803,Tanana River,2023,willow leaf blotchminer,33122,2980.98,5.369
190803,Tanana River,2023,flooding-high water,2861,257.49,0.464
190803,Tanana River,2023,"other canker agent, known (code pending)",543,48.87,0.088
190803,Tanana River,2023,northern spruce engraver,311,27.99,0.05
190803,Tanana River,2023,aspen running canker,282,25.38,0.046
190803,Tanana River,2023,fire,264,23.76,0.043
190803,Tanana River,2023,unknown canker,246,22.14,0.04
190803,Tanana River,2023,mud-land slide,85,7.65,0.014
190803,Tanana River,2023,birch leafroller,57,5.13,0.009
190803,Tanana River,2023,unknown,16,1.44,0.003
190803,Tanana River,2024,aspen leafminer,730081,65707.29,71.329
190803,Tanana River,2024,unknown defoliator,117410,10566.9,11.471
190803,Tanana River,2024,spruce beetle,68581,6172.29,6.7
190803,Tanana River,2024,birch leafminer,68514,6166.26,6.694
190803,Tanana River,2024,willow leaf blotchminer,14130,1271.7,1.381
190803,Tanana River,2024,flooding-high water,12412,1117.08,1.213
190803,Tanana River,2024,unknown,8761,788.49,0.856
190803,Tanana River,2024,wind-tornado/hurricane,2279,205.11,0.223
190803,Tanana River,2024,large-spored spruce-Labrador tea rust,679,61.11,0.066
190803,Tanana River,2024,northern spruce engraver,671,60.39,0.066
190803,Tanana River,2024,"other canker agent, known (code pending)",22,1.98,0.002
190803,Tanana River,2025,aspen leafminer,214716,19324.44,50.173
190803,Tanana River,2025,birch leafminer,128460,11561.4,30.017
190803,Tanana River,2025,spruce beetle,32129,2891.61,7.508
190803,Tanana River,2025,unknown defoliator,31919,2872.71,7.458
190803,Tanana River,2025,willow leaf blotchminer,15793,1421.37,3.69
190803,Tanana River,2025,snow-ice,7588,682.92,1.773
190803,Tanana River,2025,flooding-high water,4254,382.86,0.994
190803,Tanana River,2025,northern spruce engraver,2662,239.58,0.622
190803,Tanana River,2025,unknown,843,75.87,0.197
190803,Tanana River,2025,Chrysomela leaf beetle,94,8.46,0.022
190803,Tanana River,2025,mud-land slide,85,7.65,0.02
190803,Tanana River,2025,"other canker agent, known (code pending)",45,4.05,0.011
190804,Beaver Creek-Yukon River,1997,northern spruce engraver,9925,893.25,47.534
190804,Beaver Creek-Yukon River,1997,defoliators,5338,480.42,25.565
190804,Beaver Creek-Yukon River,1997,spruce budworm,3553,319.77,17.016
190804,Beaver Creek-Yukon River,1997,larch sawfly,1355,121.95,6.489
190804,Beaver Creek-Yukon River,1997,willow leaf blotchminer,709,63.81,3.396
190804,Beaver Creek-Yukon River,1998,willow leaf blotchminer,110810,9972.9,89.223
190804,Beaver Creek-Yukon River,1998,fire,4869,438.21,3.92
190804,Beaver Creek-Yukon River,1998,large aspen tortrix,2458,221.22,1.979
190804,Beaver Creek-Yukon River,1998,defoliators,2429,218.61,1.956
190804,Beaver Creek-Yukon River,1998,foliage and shoot diseases,2027,182.43,1.632
190804,Beaver Creek-Yukon River,1998,spear-marked black moth,952,85.68,0.767
190804,Beaver Creek-Yukon River,1998,northern spruce engraver,372,33.48,0.3
190804,Beaver Creek-Yukon River,1998,larch sawfly,257,23.13,0.207
190804,Beaver Creek-Yukon River,1998,spruce broom rust,20,1.8,0.016
190804,Beaver Creek-Yukon River,1999,willow leaf blotchminer,154106,13869.54,98.775
190804,Beaver Creek-Yukon River,1999,large aspen tortrix,761,68.49,0.488
190804,Beaver Creek-Yukon River,1999,defoliators,576,51.84,0.369
190804,Beaver Creek-Yukon River,1999,northern spruce engraver,574,51.66,0.368
190804,Beaver Creek-Yukon River,2000,willow leafblotch miner,54388,4894.92,84.005
190804,Beaver Creek-Yukon River,2000,large aspen tortrix,4567,411.03,7.054
190804,Beaver Creek-Yukon River,2000,spruce budworm,3696,332.64,5.709
190804,Beaver Creek-Yukon River,2000,larch sawfly,1552,139.68,2.397
190804,Beaver Creek-Yukon River,2000,northern spruce engraver,541,48.69,0.836
190804,Beaver Creek-Yukon River,2001,large aspen tortrix,4471,402.39,56.232
190804,Beaver Creek-Yukon River,2001,willow leafblotch miner,2346,211.14,29.506
190804,Beaver Creek-Yukon River,2001,flooding-high water,1012,91.08,12.728
190804,Beaver Creek-Yukon River,2001,spruce budworm,91,8.19,1.145
190804,Beaver Creek-Yukon River,2001,northern spruce engraver,31,2.79,0.39
190804,Beaver Creek-Yukon River,2002,defoliators,3624,326.16,85.593
190804,Beaver Creek-Yukon River,2002,northern spruce engraver,334,30.06,7.889
190804,Beaver Creek-Yukon River,2002,willow leaf blotchminer,276,24.84,6.519
190804,Beaver Creek-Yukon River,2003,aspen leafminer,50423,4538.07,97.13
190804,Beaver Creek-Yukon River,2003,large aspen tortrix,1490,134.1,2.87
190804,Beaver Creek-Yukon River,2004,aspen leafminer,574302,51687.18,48.101
190804,Beaver Creek-Yukon River,2004,willow leaf blotchminer,355886,32029.74,29.807
190804,Beaver Creek-Yukon River,2004,spruce budworm,229385,20644.65,19.212
190804,Beaver Creek-Yukon River,2004,defoliators,20485,1843.65,1.716
190804,Beaver Creek-Yukon River,2004,larch sawfly,19625,1766.25,1.644
190804,Beaver Creek-Yukon River,2004,spruce broom rust,2888,259.92,0.242
190804,Beaver Creek-Yukon River,2004,northern spruce engraver,1733,155.97,0.145
190804,Beaver Creek-Yukon River,2005,aspen leafminer,402857,36257.13,96.614
190804,Beaver Creek-Yukon River,2005,willow leaf blotchminer,8601,774.09,2.063
190804,Beaver Creek-Yukon River,2005,defoliators,2584,232.56,0.62
190804,Beaver Creek-Yukon River,2005,spruce budworm,1956,176.04,0.469
190804,Beaver Creek-Yukon River,2005,northern spruce engraver,710,63.9,0.17
190804,Beaver Creek-Yukon River,2005,spruce beetle,266,23.94,0.064
190804,Beaver Creek-Yukon River,2006,aspen leafminer,196099,17648.91,55.481
190804,Beaver Creek-Yukon River,2006,willow leaf blotchminer,81458,7331.22,23.046
190804,Beaver Creek-Yukon River,2006,defoliators,65267,5874.03,18.466
190804,Beaver Creek-Yukon River,2006,large aspen tortrix,5607,504.63,1.586
190804,Beaver Creek-Yukon River,2006,spruce budworm,2629,236.61,0.744
190804,Beaver Creek-Yukon River,2006,flooding-high water,1954,175.86,0.553
190804,Beaver Creek-Yukon River,2006,northern spruce engraver,223,20.07,0.063
190804,Beaver Creek-Yukon River,2006,Lirula spruce needle blight,216,19.44,0.061
190804,Beaver Creek-Yukon River,2007,aspen leafminer,173499,15614.91,52.225
190804,Beaver Creek-Yukon River,2007,willow leaf blotchminer,114231,10280.79,34.385
190804,Beaver Creek-Yukon River,2007,northern spruce engraver,25215,2269.35,7.59
190804,Beaver Creek-Yukon River,2007,spruce beetle,14418,1297.62,4.34
190804,Beaver Creek-Yukon River,2007,defoliators,4782,430.38,1.439
190804,Beaver Creek-Yukon River,2007,large aspen tortrix,2906,261.54,0.875
190804,Beaver Creek-Yukon River,2008,aspen leafminer,98694,8882.46,44.157
190804,Beaver Creek-Yukon River,2008,willow leaf blotchminer,72038,6483.42,32.23
190804,Beaver Creek-Yukon River,2008,northern spruce engraver,49916,4492.44,22.333
190804,Beaver Creek-Yukon River,2008,spruce beetle,1817,163.53,0.813
190804,Beaver Creek-Yukon River,2008,spruce budworm,1002,90.18,0.448
190804,Beaver Creek-Yukon River,2008,flooding-high water,42,3.78,0.019
190804,Beaver Creek-Yukon River,2009,willow leaf blotchminer,78550,7069.5,79.609
190804,Beaver Creek-Yukon River,2009,aspen leafminer,9843,885.87,9.976
190804,Beaver Creek-Yukon River,2009,northern spruce engraver,9543,858.87,9.672
190804,Beaver Creek-Yukon River,2009,defoliators,734,66.06,0.744
190804,Beaver Creek-Yukon River,2010,willow leaf blotchminer,578468,52062.12,66.447
190804,Beaver Creek-Yukon River,2010,aspen leafminer,251213,22609.17,28.856
190804,Beaver Creek-Yukon River,2010,northern spruce engraver,33479,3013.11,3.846
190804,Beaver Creek-Yukon River,2010,defoliators,5161,464.49,0.593
190804,Beaver Creek-Yukon River,2010,canker (general),1928,173.52,0.221
190804,Beaver Creek-Yukon River,2010,large-spored spruce-Labrador tea rust,207,18.63,0.024
190804,Beaver Creek-Yukon River,2010,spruce beetle,109,9.81,0.013
190804,Beaver Creek-Yukon River,2011,aspen leafminer,94371,8493.39,52.455
190804,Beaver Creek-Yukon River,2011,willow leaf blotchminer,70216,6319.44,39.028
190804,Beaver Creek-Yukon River,2011,defoliators,18491,1664.19,10.278
190804,Beaver Creek-Yukon River,2011,dieback,5550,499.5,3.085
190804,Beaver Creek-Yukon River,2011,northern spruce engraver,2889,260.01,1.606
190804,Beaver Creek-Yukon River,2011,birch aphid,2028,182.52,1.127
190804,Beaver Creek-Yukon River,2011,larch sawfly,476,42.84,0.265
190804,Beaver Creek-Yukon River,2012,willow leaf blotchminer,20309,1827.81,33.44
190804,Beaver Creek-Yukon River,2012,aspen leafminer,15393,1385.37,25.346
190804,Beaver Creek-Yukon River,2012,"other wilt, known (code pending)",12577,1131.93,20.709
190804,Beaver Creek-Yukon River,2012,northern spruce engraver,6981,628.29,11.495
190804,Beaver Creek-Yukon River,2012,birch aphid,3498,314.82,5.76
190804,Beaver Creek-Yukon River,2012,defoliators,2253,202.77,3.71
190804,Beaver Creek-Yukon River,2012,spruce beetle,541,48.69,0.891
190804,Beaver Creek-Yukon River,2012,wind-tornado/hurricane,118,10.62,0.194
190804,Beaver Creek-Yukon River,2013,aspen leafminer,129598,11663.82,66.217
190804,Beaver Creek-Yukon River,2013,defoliators,18929,1703.61,9.672
190804,Beaver Creek-Yukon River,2013,decline complex,18038,1623.42,9.216
190804,Beaver Creek-Yukon River,2013,willow leaf blotchminer,11150,1003.5,5.697
190804,Beaver Creek-Yukon River,2013,large aspen tortrix,9013,811.17,4.605
190804,Beaver Creek-Yukon River,2013,northern spruce engraver,7472,672.48,3.818
190804,Beaver Creek-Yukon River,2013,spruce budworm,2718,244.62,1.389
190804,Beaver Creek-Yukon River,2013,flooding-high water,1977,177.93,1.01
190804,Beaver Creek-Yukon River,2013,spruce beetle,442,39.78,0.226
190804,Beaver Creek-Yukon River,2014,aspen leafminer,173781,15640.29,70.677
190804,Beaver Creek-Yukon River,2014,willow leaf blotchminer,48790,4391.1,19.843
190804,Beaver Creek-Yukon River,2014,defoliators,16091,1448.19,6.544
190804,Beaver Creek-Yukon River,2014,northern spruce engraver,6950,625.5,2.827
190804,Beaver Creek-Yukon River,2014,flooding-high water,5647,508.23,2.297
190804,Beaver Creek-Yukon River,2014,decline complex,1892,170.28,0.769
190804,Beaver Creek-Yukon River,2014,birch leafroller,1361,122.49,0.554
190804,Beaver Creek-Yukon River,2014,dieback,1221,109.89,0.497
190804,Beaver Creek-Yukon River,2014,large aspen tortrix,873,78.57,0.355
190804,Beaver Creek-Yukon River,2014,spruce beetle,590,53.1,0.24
190804,Beaver Creek-Yukon River,2014,Chrysomela leaf beetle,51,4.59,0.021
190804,Beaver Creek-Yukon River,2015,willow leaf blotchminer,60745,5467.05,43.152
190804,Beaver Creek-Yukon River,2015,aspen leafminer,56262,5063.58,39.967
190804,Beaver Creek-Yukon River,2015,northern spruce engraver,11666,1049.94,8.287
190804,Beaver Creek-Yukon River,2015,unknown canker,10851,976.59,7.708
190804,Beaver Creek-Yukon River,2015,unknown defoliator,3225,290.25,2.291
190804,Beaver Creek-Yukon River,2015,unknown,1362,122.58,0.968
190804,Beaver Creek-Yukon River,2015,flooding-high water,492,44.28,0.35
190804,Beaver Creek-Yukon River,2015,birch aphid,468,42.12,0.332
190804,Beaver Creek-Yukon River,2015,birch leafroller,67,6.03,0.048
190804,Beaver Creek-Yukon River,2016,willow leaf blotchminer,290357,26132.13,54.763
190804,Beaver Creek-Yukon River,2016,aspen leafminer,212381,19114.29,40.056
190804,Beaver Creek-Yukon River,2016,unknown defoliator,14415,1297.35,2.719
190804,Beaver Creek-Yukon River,2016,northern spruce engraver,8237,741.33,1.554
190804,Beaver Creek-Yukon River,2016,birch leafroller,4020,361.8,0.758
190804,Beaver Creek-Yukon River,2016,unknown canker,1122,100.98,0.212
190804,Beaver Creek-Yukon River,2016,flooding-high water,485,43.65,0.091
190804,Beaver Creek-Yukon River,2016,wind-tornado/hurricane,138,12.42,0.026
190804,Beaver Creek-Yukon River,2016,spruce broom rust,133,11.97,0.025
190804,Beaver Creek-Yukon River,2016,battered sallow,72,6.48,0.014
190804,Beaver Creek-Yukon River,2016,large aspen tortrix,40,3.6,0.008
190804,Beaver Creek-Yukon River,2017,willow leaf blotchminer,75559,6800.31,96.936
190804,Beaver Creek-Yukon River,2017,aspen leafminer,23475,2112.75,30.117
190804,Beaver Creek-Yukon River,2017,unknown defoliator,941,84.69,1.207
190804,Beaver Creek-Yukon River,2017,northern spruce engraver,829,74.61,1.064
190804,Beaver Creek-Yukon River,2017,"other canker agent, known (code pending)",47,4.23,0.06
190804,Beaver Creek-Yukon River,2017,flooding-high water,22,1.98,0.028
190804,Beaver Creek-Yukon River,2018,aspen leafminer,96305,8667.45,70.209
190804,Beaver Creek-Yukon River,2018,unknown defoliator,47626,4286.34,34.72
190804,Beaver Creek-Yukon River,2018,willow leaf blotchminer,31533,2837.97,22.988
190804,Beaver Creek-Yukon River,2018,flooding-high water,3744,336.96,2.729
190804,Beaver Creek-Yukon River,2018,spruce beetle,71,6.39,0.052
190804,Beaver Creek-Yukon River,2018,unknown canker,50,4.5,0.036
190804,Beaver Creek-Yukon River,2018,northern spruce engraver,11,0.99,0.008
190804,Beaver Creek-Yukon River,2018,"other canker agent, known (code pending)",8,0.72,0.006
190804,Beaver Creek-Yukon River,2019,aspen leafminer,57745,5197.05,64.92
190804,Beaver Creek-Yukon River,2019,willow leaf blotchminer,30204,2718.36,33.957
190804,Beaver Creek-Yukon River,2019,spruce broom rust,993,89.37,1.116
190804,Beaver Creek-Yukon River,2019,spruce beetle,38,3.42,0.043
190804,Beaver Creek-Yukon River,2019,northern spruce engraver,5,0.45,0.006
190804,Beaver Creek-Yukon River,2021,aspen leafminer,191686,17251.74,81.048
190804,Beaver Creek-Yukon River,2021,willow leaf blotchminer,29810,2682.9,12.604
190804,Beaver Creek-Yukon River,2021,spruce beetle,9768,879.12,4.13
190804,Beaver Creek-Yukon River,2021,flooding-high water,5244,471.96,2.217
190804,Beaver Creek-Yukon River,2022,willow leaf blotchminer,63855,5746.95,68.045
190804,Beaver Creek-Yukon River,2022,spruce beetle,13941,1254.69,14.856
190804,Beaver Creek-Yukon River,2022,snow-ice,6814,613.26,7.261
190804,Beaver Creek-Yukon River,2022,aspen leafminer,6087,547.83,6.486
190804,Beaver Creek-Yukon River,2022,flooding-high water,1832,164.88,1.952
190804,Beaver Creek-Yukon River,2022,unknown defoliator,746,67.14,0.795
190804,Beaver Creek-Yukon River,2022,northern spruce engraver,677,60.93,0.721
190804,Beaver Creek-Yukon River,2024,willow leaf blotchminer,143822,12943.98,65.143
190804,Beaver Creek-Yukon River,2024,aspen leafminer,61635,5547.15,27.917
190804,Beaver Creek-Yukon River,2024,spruce beetle,8701,783.09,3.941
190804,Beaver Creek-Yukon River,2024,unknown defoliator,5213,469.17,2.361
190804,Beaver Creek-Yukon River,2024,northern spruce engraver,1375,123.75,0.623
190804,Beaver Creek-Yukon River,2024,mud-land slide,33,2.97,0.015
190901,Koyukuk River,1997,larch sawfly,1101,99.09,100.0
190901,Koyukuk River,1998,willow leaf blotchminer,2464,221.76,100.0
190901,Koyukuk River,1999,defoliators,12520,1126.8,85.35
190901,Koyukuk River,1999,northern spruce engraver,871,78.39,5.938
190901,Koyukuk River,1999,large aspen tortrix,569,51.21,3.879
190901,Koyukuk River,1999,flooding-high water,359,32.31,2.447
190901,Koyukuk River,1999,willow leaf blotchminer,328,29.52,2.236
190901,Koyukuk River,1999,spruce broom rust,22,1.98,0.15
190901,Koyukuk River,2000,willow leafblotch miner,6114,550.26,89.229
190901,Koyukuk River,2000,large aspen tortrix,521,46.89,7.604
190901,Koyukuk River,2000,northern spruce engraver,184,16.56,2.685
190901,Koyukuk River,2000,flooding-high water,33,2.97,0.482
190901,Koyukuk River,2001,defoliators,843,75.87,100.0
190901,Koyukuk River,2003,willow leaf blotchminer,8795,791.55,93.624
190901,Koyukuk River,2003,defoliators,548,49.32,5.834
190901,Koyukuk River,2003,eastern larch beetle,51,4.59,0.543
190901,Koyukuk River,2004,willow leaf blotchminer,3176,285.84,92.005
190901,Koyukuk River,2004,aspen leafminer,276,24.84,7.995
190901,Koyukuk River,2005,aspen leafminer,7691,692.19,75.439
190901,Koyukuk River,2005,defoliators,2017,181.53,19.784
190901,Koyukuk River,2005,spear-marked black moth,425,38.25,4.169
190901,Koyukuk River,2005,northern spruce engraver,62,5.58,0.608
190901,Koyukuk River,2006,aspen leafminer,90562,8150.58,76.435
190901,Koyukuk River,2006,willow leaf blotchminer,27456,2471.04,23.173
190901,Koyukuk River,2006,defoliators,291,26.19,0.246
190901,Koyukuk River,2006,northern spruce engraver,82,7.38,0.069
190901,Koyukuk River,2006,spruce beetle,82,7.38,0.069
190901,Koyukuk River,2006,large aspen tortrix,72,6.48,0.061
190901,Koyukuk River,2006,flooding-high water,19,1.71,0.016
190901,Koyukuk River,2007,northern spruce engraver,14790,1331.1,53.616
190901,Koyukuk River,2007,aspen leafminer,10756,968.04,38.992
190901,Koyukuk River,2007,willow leaf blotchminer,1277,114.93,4.629
190901,Koyukuk River,2007,flooding-high water,762,68.58,2.762
190901,Koyukuk River,2008,northern spruce engraver,27857,2507.13,57.198
190901,Koyukuk River,2008,aspen leafminer,9574,861.66,19.658
190901,Koyukuk River,2008,willow leaf blotchminer,6290,566.1,12.915
190901,Koyukuk River,2008,spruce beetle,2130,191.7,4.373
190901,Koyukuk River,2008,flooding-high water,1511,135.99,3.102
190901,Koyukuk River,2008,defoliators,541,48.69,1.111
190901,Koyukuk River,2008,spruce budworm,507,45.63,1.041
190901,Koyukuk River,2008,cottonwood leafminers,293,26.37,0.602
190901,Koyukuk River,2009,willow leaf blotchminer,44852,4036.68,43.332
190901,Koyukuk River,2009,aspen leafminer,42989,3869.01,41.532
190901,Koyukuk River,2009,northern spruce engraver,11493,1034.37,11.104
190901,Koyukuk River,2009,defoliators,3720,334.8,3.594
190901,Koyukuk River,2009,decline complex,435,39.15,0.42
190901,Koyukuk River,2009,spruce beetle,18,1.62,0.017
190901,Koyukuk River,2010,willow leaf blotchminer,223942,20154.78,66.27
190901,Koyukuk River,2010,aspen leafminer,94138,8472.42,27.858
190901,Koyukuk River,2010,defoliators,11218,1009.62,3.32
190901,Koyukuk River,2010,northern spruce engraver,4985,448.65,1.475
190901,Koyukuk River,2010,wind-tornado/hurricane,1191,107.19,0.352
190901,Koyukuk River,2010,dieback,880,79.2,0.26
190901,Koyukuk River,2010,large aspen tortrix,670,60.3,0.198
190901,Koyukuk River,2010,canker (general),485,43.65,0.144
190901,Koyukuk River,2010,cottonwood leafminers,382,34.38,0.113
190901,Koyukuk River,2010,large-spored spruce-Labrador tea rust,20,1.8,0.006
190901,Koyukuk River,2010,flooding-high water,14,1.26,0.004
190901,Koyukuk River,2011,aspen leafminer,17736,1596.24,51.838
190901,Koyukuk River,2011,willow leaf blotchminer,5044,453.96,14.743
190901,Koyukuk River,2011,northern spruce engraver,4089,368.01,11.951
190901,Koyukuk River,2011,defoliators,2797,251.73,8.175
190901,Koyukuk River,2011,spruce broom rust,2235,201.15,6.532
190901,Koyukuk River,2011,birch leafminer,1368,123.12,3.998
190901,Koyukuk River,2011,large aspen tortrix,1194,107.46,3.49
190901,Koyukuk River,2011,dieback,205,18.45,0.599
190901,Koyukuk River,2011,flooding-high water,57,5.13,0.167
190901,Koyukuk River,2012,aspen leafminer,23745,2137.05,91.394
190901,Koyukuk River,2012,willow leaf blotchminer,924,83.16,3.556
190901,Koyukuk River,2012,northern spruce engraver,629,56.61,2.421
190901,Koyukuk River,2012,defoliators,428,38.52,1.647
190901,Koyukuk River,2012,spruce broom rust,218,19.62,0.839
190901,Koyukuk River,2012,large-spored spruce-Labrador tea rust,24,2.16,0.092
190901,Koyukuk River,2012,large aspen tortrix,13,1.17,0.05
190901,Koyukuk River,2013,aspen leafminer,27430,2468.7,50.222
190901,Koyukuk River,2013,northern spruce engraver,11406,1026.54,20.884
190901,Koyukuk River,2013,spruce budworm,10090,908.1,18.474
190901,Koyukuk River,2013,defoliators,2952,265.68,5.405
190901,Koyukuk River,2013,willow leaf blotchminer,2031,182.79,3.719
190901,Koyukuk River,2013,decline complex,332,29.88,0.608
190901,Koyukuk River,2013,birch aphid,297,26.73,0.544
190901,Koyukuk River,2013,spruce beetle,60,5.4,0.11
190901,Koyukuk River,2013,flooding-high water,19,1.71,0.035
190901,Koyukuk River,2014,defoliators,57083,5137.47,54.778
190901,Koyukuk River,2014,aspen leafminer,30943,2784.87,29.693
190901,Koyukuk River,2014,large aspen tortrix,11641,1047.69,11.171
190901,Koyukuk River,2014,spruce broom rust,2824,254.16,2.71
190901,Koyukuk River,2014,birch leafroller,889,80.01,0.853
190901,Koyukuk River,2014,northern spruce engraver,466,41.94,0.447
190901,Koyukuk River,2014,flooding-high water,434,39.06,0.416
190901,Koyukuk River,2015,large aspen tortrix,35853,3226.77,37.543
190901,Koyukuk River,2015,unknown defoliator,23865,2147.85,24.99
190901,Koyukuk River,2015,aspen leafminer,20919,1882.71,21.905
190901,Koyukuk River,2015,northern spruce engraver,5130,461.7,5.372
190901,Koyukuk River,2015,willow leaf blotchminer,5093,458.37,5.333
190901,Koyukuk River,2015,flooding-high water,2698,242.82,2.825
190901,Koyukuk River,2015,spruce broom rust,1336,120.24,1.399
190901,Koyukuk River,2015,birch aphid,439,39.51,0.46
190901,Koyukuk River,2015,birch leafroller,214,19.26,0.224
190901,Koyukuk River,2015,wind-tornado/hurricane,79,7.11,0.083
190901,Koyukuk River,2016,aspen leafminer,87783,7900.47,49.938
190901,Koyukuk River,2016,unknown defoliator,59749,5377.41,33.99
190901,Koyukuk River,2016,spear-marked black moth,13853,1246.77,7.881
190901,Koyukuk River,2016,willow leaf blotchminer,8701,783.09,4.95
190901,Koyukuk River,2016,large aspen tortrix,1867,168.03,1.062
190901,Koyukuk River,2016,birch leafroller,1584,142.56,0.901
190901,Koyukuk River,2016,speckled green fruitworm,1287,115.83,0.732
190901,Koyukuk River,2016,flooding-high water,938,84.42,0.534
190901,Koyukuk River,2016,northern spruce engraver,22,1.98,0.013
190901,Koyukuk River,2017,unknown defoliator,39813,3583.17,64.802
190901,Koyukuk River,2017,willow leaf blotchminer,14518,1306.62,23.63
190901,Koyukuk River,2017,aspen leafminer,6469,582.21,10.529
190901,Koyukuk River,2017,"other canker agent, known (code pending)",220,19.8,0.358
190901,Koyukuk River,2017,northern spruce engraver,150,13.5,0.244
190901,Koyukuk River,2017,flooding-high water,139,12.51,0.226
190901,Koyukuk River,2017,spruce broom rust,73,6.57,0.119
190901,Koyukuk River,2017,mud-land slide,35,3.15,0.057
190901,Koyukuk River,2017,unknown canker,21,1.89,0.034
190901,Koyukuk River,2018,aspen leafminer,33425,3008.25,70.834
190901,Koyukuk River,2018,unknown defoliator,11216,1009.44,23.769
190901,Koyukuk River,2018,willow leaf blotchminer,1411,126.99,2.99
190901,Koyukuk River,2018,spruce broom rust,494,44.46,1.047
190901,Koyukuk River,2018,flooding-high water,250,22.5,0.53
190901,Koyukuk River,2018,unknown canker,182,16.38,0.386
190901,Koyukuk River,2018,spruce beetle,166,14.94,0.352
190901,Koyukuk River,2018,northern spruce engraver,78,7.02,0.165
190901,Koyukuk River,2021,aspen leafminer,6358,572.22,55.451
190901,Koyukuk River,2021,unknown defoliator,3136,282.24,27.35
190901,Koyukuk River,2021,willow leaf blotchminer,1728,155.52,15.071
190901,Koyukuk River,2021,spruce beetle,179,16.11,1.561
190901,Koyukuk River,2021,flooding-high water,65,5.85,0.567
190901,Koyukuk River,2022,aspen leafminer,3840,345.6,87.651
190901,Koyukuk River,2022,willow leaf blotchminer,541,48.69,12.349
190902,Melozitna River-Yukon River,1997,larch sawfly,157633,14186.97,56.353
190902,Melozitna River-Yukon River,1997,spruce budworm,102692,9242.28,36.712
190902,Melozitna River-Yukon River,1997,northern spruce engraver,17443,1569.87,6.236
190902,Melozitna River-Yukon River,1997,willow leaf blotchminer,1752,157.68,0.626
190902,Melozitna River-Yukon River,1997,spruce beetle,204,18.36,0.073
190902,Melozitna River-Yukon River,1998,spruce budworm,390771,35169.39,80.812
190902,Melozitna River-Yukon River,1998,spruce beetle,47742,4296.78,9.873
190902,Melozitna River-Yukon River,1998,larch sawfly,39305,3537.45,8.128
190902,Melozitna River-Yukon River,1998,northern spruce engraver,17488,1573.92,3.617
190902,Melozitna River-Yukon River,1998,willow leaf blotchminer,5737,516.33,1.186
190902,Melozitna River-Yukon River,1999,large aspen tortrix,24576,2211.84,33.483
190902,Melozitna River-Yukon River,1999,willow leaf blotchminer,15092,1358.28,20.562
190902,Melozitna River-Yukon River,1999,fire,11089,998.01,15.108
190902,Melozitna River-Yukon River,1999,larch sawfly,8397,755.73,11.44
190902,Melozitna River-Yukon River,1999,defoliators,6674,600.66,9.093
190902,Melozitna River-Yukon River,1999,northern spruce engraver,3603,324.27,4.909
190902,Melozitna River-Yukon River,1999,spruce budworm,3199,287.91,4.358
190902,Melozitna River-Yukon River,1999,spruce beetle,424,38.16,0.578
190902,Melozitna River-Yukon River,1999,eastern larch beetle,345,31.05,0.47
190902,Melozitna River-Yukon River,2000,willow leafblotch miner,43771,3939.39,68.004
190902,Melozitna River-Yukon River,2000,spruce beetle,15731,1415.79,24.44
190902,Melozitna River-Yukon River,2000,larch sawfly,4863,437.67,7.555
190902,Melozitna River-Yukon River,2001,flooding-high water,53804,4842.36,87.473
190902,Melozitna River-Yukon River,2001,defoliators,7678,691.02,12.483
190902,Melozitna River-Yukon River,2001,spruce beetle,27,2.43,0.044
190902,Melozitna River-Yukon River,2003,eastern larch beetle,101292,9116.28,69.551
190902,Melozitna River-Yukon River,2003,aspen leafminer,25878,2329.02,17.769
190902,Melozitna River-Yukon River,2003,willow leaf blotchminer,17905,1611.45,12.294
190902,Melozitna River-Yukon River,2003,defoliators,563,50.67,0.387
190902,Melozitna River-Yukon River,2004,aspen leafminer,112971,10167.39,99.05
190902,Melozitna River-Yukon River,2004,large-spored spruce-Labrador tea rust,1064,95.76,0.933
190902,Melozitna River-Yukon River,2004,larch sawfly,19,1.71,0.017
190902,Melozitna River-Yukon River,2005,willow leaf blotchminer,33918,3052.62,67.713
190902,Melozitna River-Yukon River,2005,defoliators,7975,717.75,15.921
190902,Melozitna River-Yukon River,2005,aspen leafminer,6378,574.02,12.733
190902,Melozitna River-Yukon River,2005,larch sawfly,1651,148.59,3.296
190902,Melozitna River-Yukon River,2005,northern spruce engraver,169,15.21,0.337
190902,Melozitna River-Yukon River,2006,aspen leafminer,115972,10437.48,88.388
190902,Melozitna River-Yukon River,2006,willow leaf blotchminer,8345,751.05,6.36
190902,Melozitna River-Yukon River,2006,defoliators,5821,523.89,4.436
190902,Melozitna River-Yukon River,2006,northern spruce engraver,533,47.97,0.406
190902,Melozitna River-Yukon River,2006,large aspen tortrix,269,24.21,0.205
190902,Melozitna River-Yukon River,2006,eastern larch beetle,144,12.96,0.11
190902,Melozitna River-Yukon River,2006,flooding-high water,83,7.47,0.063
190902,Melozitna River-Yukon River,2006,larch sawfly,41,3.69,0.031
190902,Melozitna River-Yukon River,2006,spruce beetle,19,1.71,0.014
190902,Melozitna River-Yukon River,2007,aspen leafminer,130496,11744.64,73.145
190902,Melozitna River-Yukon River,2007,willow leaf blotchminer,30556,2750.04,17.127
190902,Melozitna River-Yukon River,2007,defoliators,9214,829.26,5.165
190902,Melozitna River-Yukon River,2007,northern spruce engraver,7099,638.91,3.979
190902,Melozitna River-Yukon River,2007,flooding-high water,505,45.45,0.283
190902,Melozitna River-Yukon River,2007,larch sawfly,428,38.52,0.24
190902,Melozitna River-Yukon River,2007,large aspen tortrix,91,8.19,0.051
190902,Melozitna River-Yukon River,2007,mud-land slide,18,1.62,0.01
190902,Melozitna River-Yukon River,2008,aspen leafminer,24208,2178.72,73.933
190902,Melozitna River-Yukon River,2008,defoliators,3467,312.03,10.589
190902,Melozitna River-Yukon River,2008,northern spruce engraver,2866,257.94,8.753
190902,Melozitna River-Yukon River,2008,willow leaf blotchminer,1327,119.43,4.053
190902,Melozitna River-Yukon River,2008,spruce beetle,875,78.75,2.672
190902,Melozitna River-Yukon River,2009,willow leaf blotchminer,70297,6326.73,39.137
190902,Melozitna River-Yukon River,2009,aspen leafminer,69804,6282.36,38.863
190902,Melozitna River-Yukon River,2009,defoliators,19567,1761.03,10.894
190902,Melozitna River-Yukon River,2009,northern spruce engraver,19484,1753.56,10.848
190902,Melozitna River-Yukon River,2009,eastern larch beetle,352,31.68,0.196
190902,Melozitna River-Yukon River,2009,flooding-high water,112,10.08,0.062
190902,Melozitna River-Yukon River,2010,willow leaf blotchminer,136977,12327.93,67.612
190902,Melozitna River-Yukon River,2010,aspen leafminer,57617,5185.53,28.44
190902,Melozitna River-Yukon River,2010,northern spruce engraver,4526,407.34,2.234
190902,Melozitna River-Yukon River,2010,large-spored spruce-Labrador tea rust,1798,161.82,0.887
190902,Melozitna River-Yukon River,2010,flooding-high water,1570,141.3,0.775
190902,Melozitna River-Yukon River,2010,canker (general),59,5.31,0.029
190902,Melozitna River-Yukon River,2010,large aspen tortrix,47,4.23,0.023
190902,Melozitna River-Yukon River,2011,winter injury,45668,4110.12,43.16
190902,Melozitna River-Yukon River,2011,aspen leafminer,34951,3145.59,33.032
190902,Melozitna River-Yukon River,2011,willow leaf blotchminer,19199,1727.91,18.145
190902,Melozitna River-Yukon River,2011,dieback,4826,434.34,4.561
190902,Melozitna River-Yukon River,2011,northern spruce engraver,654,58.86,0.618
190902,Melozitna River-Yukon River,2011,spruce broom rust,212,19.08,0.2
190902,Melozitna River-Yukon River,2011,defoliators,141,12.69,0.133
190902,Melozitna River-Yukon River,2011,flooding-high water,111,9.99,0.105
190902,Melozitna River-Yukon River,2011,large-spored spruce-Labrador tea rust,36,3.24,0.034
190902,Melozitna River-Yukon River,2011,large aspen tortrix,12,1.08,0.011
190902,Melozitna River-Yukon River,2012,spruce beetle,37636,3387.24,47.647
190902,Melozitna River-Yukon River,2012,spruce budworm,20362,1832.58,25.778
190902,Melozitna River-Yukon River,2012,large aspen tortrix,16478,1483.02,20.861
190902,Melozitna River-Yukon River,2012,aspen leafminer,3572,321.48,4.522
190902,Melozitna River-Yukon River,2012,willow leaf blotchminer,642,57.78,0.813
190902,Melozitna River-Yukon River,2012,defoliators,118,10.62,0.149
190902,Melozitna River-Yukon River,2012,wind-tornado/hurricane,86,7.74,0.109
190902,Melozitna River-Yukon River,2012,birch leafminer,55,4.95,0.07
190902,Melozitna River-Yukon River,2012,spruce broom rust,41,3.69,0.052
190902,Melozitna River-Yukon River,2013,aspen leafminer,26734,2406.06,68.031
190902,Melozitna River-Yukon River,2013,defoliators,7022,631.98,17.869
190902,Melozitna River-Yukon River,2013,willow leaf blotchminer,3879,349.11,9.871
190902,Melozitna River-Yukon River,2013,northern spruce engraver,1010,90.9,2.57
190902,Melozitna River-Yukon River,2013,large aspen tortrix,409,36.81,1.041
190902,Melozitna River-Yukon River,2013,flooding-high water,390,35.1,0.992
190902,Melozitna River-Yukon River,2014,flooding-high water,25653,2308.77,52.457
190902,Melozitna River-Yukon River,2014,aspen leafminer,9234,831.06,18.882
190902,Melozitna River-Yukon River,2014,birch leafroller,8565,770.85,17.514
190902,Melozitna River-Yukon River,2014,defoliators,4000,360.0,8.179
190902,Melozitna River-Yukon River,2014,large aspen tortrix,1217,109.53,2.489
190902,Melozitna River-Yukon River,2014,northern spruce engraver,234,21.06,0.478
190902,Melozitna River-Yukon River,2015,aspen leafminer,48565,4370.85,73.056
190902,Melozitna River-Yukon River,2015,flooding-high water,9429,848.61,14.184
190902,Melozitna River-Yukon River,2015,large aspen tortrix,7512,676.08,11.3
190902,Melozitna River-Yukon River,2015,spruce broom rust,571,51.39,0.859
190902,Melozitna River-Yukon River,2015,northern spruce engraver,530,47.7,0.797
190902,Melozitna River-Yukon River,2015,unknown defoliator,96,8.64,0.144
190902,Melozitna River-Yukon River,2015,willow leaf blotchminer,18,1.62,0.027
190902,Melozitna River-Yukon River,2016,willow leaf blotchminer,26943,2424.87,50.158
190902,Melozitna River-Yukon River,2016,unknown defoliator,21723,1955.07,40.44
190902,Melozitna River-Yukon River,2016,aspen leafminer,1516,136.44,2.822
190902,Melozitna River-Yukon River,2016,birch leafroller,1350,121.5,2.513
190902,Melozitna River-Yukon River,2016,northern spruce engraver,962,86.58,1.791
190902,Melozitna River-Yukon River,2016,speckled green fruitworm,567,51.03,1.056
190902,Melozitna River-Yukon River,2016,unknown canker,541,48.69,1.007
190902,Melozitna River-Yukon River,2016,flooding-high water,62,5.58,0.115
190902,Melozitna River-Yukon River,2016,spruce beetle,52,4.68,0.097
190902,Melozitna River-Yukon River,2017,willow leaf blotchminer,23987,2158.83,62.946
190902,Melozitna River-Yukon River,2017,unknown defoliator,11933,1073.97,31.314
190902,Melozitna River-Yukon River,2017,unknown canker,1726,155.34,4.529
190902,Melozitna River-Yukon River,2017,northern spruce engraver,214,19.26,0.562
190902,Melozitna River-Yukon River,2017,spruce beetle,173,15.57,0.454
190902,Melozitna River-Yukon River,2017,spruce broom rust,45,4.05,0.118
190902,Melozitna River-Yukon River,2017,flooding-high water,29,2.61,0.076
190902,Melozitna River-Yukon River,2018,willow leaf blotchminer,44139,3972.51,51.466
190902,Melozitna River-Yukon River,2018,unknown defoliator,29411,2646.99,34.293
190902,Melozitna River-Yukon River,2018,flooding-high water,3750,337.5,4.373
190902,Melozitna River-Yukon River,2018,spruce beetle,2332,209.88,2.719
190902,Melozitna River-Yukon River,2018,unknown,1780,160.2,2.075
190902,Melozitna River-Yukon River,2018,aspen leafminer,1532,137.88,1.786
190902,Melozitna River-Yukon River,2018,northern spruce engraver,1367,123.03,1.594
190902,Melozitna River-Yukon River,2018,large aspen tortrix,1278,115.02,1.49
190902,Melozitna River-Yukon River,2018,"other canker agent, known (code pending)",158,14.22,0.184
190902,Melozitna River-Yukon River,2018,spruce broom rust,16,1.44,0.019
190902,Melozitna River-Yukon River,2021,aspen leafminer,6022,541.98,95.648
190902,Melozitna River-Yukon River,2021,spruce broom rust,141,12.69,2.24
190902,Melozitna River-Yukon River,2021,spruce beetle,96,8.64,1.525
190902,Melozitna River-Yukon River,2021,flooding-high water,28,2.52,0.445
190902,Melozitna River-Yukon River,2021,willow leaf blotchminer,9,0.81,0.143
190902,Melozitna River-Yukon River,2022,unknown defoliator,246,22.14,47.582
190902,Melozitna River-Yukon River,2022,willow leaf blotchminer,166,14.94,32.108
190902,Melozitna River-Yukon River,2022,aspen leafminer,105,9.45,20.309
190902,Melozitna River-Yukon River,2024,flooding-high water,206895,18620.55,81.835
190902,Melozitna River-Yukon River,2024,willow leaf blotchminer,44110,3969.9,17.447
190902,Melozitna River-Yukon River,2024,unknown defoliator,7403,666.27,2.928
190902,Melozitna River-Yukon River,2024,aspen leafminer,3244,291.96,1.283
190902,Melozitna River-Yukon River,2024,unknown,1315,118.35,0.52
190902,Melozitna River-Yukon River,2024,large-spored spruce-Labrador tea rust,100,9.0,0.04
190903,Outlet Yukon River,1998,northern spruce engraver,20165,1814.85,100.0
190903,Outlet Yukon River,1999,larch sawfly,273073,24576.57,95.302
190903,Outlet Yukon River,1999,willow leaf blotchminer,6581,592.29,2.297
190903,Outlet Yukon River,1999,defoliators,2130,191.7,0.743
190903,Outlet Yukon River,1999,large aspen tortrix,1751,157.59,0.611
190903,Outlet Yukon River,1999,northern spruce engraver,1487,133.83,0.519
190903,Outlet Yukon River,1999,foliage and shoot diseases,975,87.75,0.34
190903,Outlet Yukon River,1999,flooding-high water,343,30.87,0.12
190903,Outlet Yukon River,1999,spruce beetle,194,17.46,0.068
190903,Outlet Yukon River,2000,larch sawfly,164121,14770.89,73.74
190903,Outlet Yukon River,2000,northern spruce engraver,57236,5151.24,25.716
190903,Outlet Yukon River,2000,spruce beetle,1211,108.99,0.544
190903,Outlet Yukon River,2001,larch sawfly,74874,6738.66,99.486
190903,Outlet Yukon River,2001,willow leaf blotchminer,387,34.83,0.514
190903,Outlet Yukon River,2002,defoliators,17104,1539.36,100.0
190903,Outlet Yukon River,2003,willow leaf blotchminer,148705,13383.45,98.912
190903,Outlet Yukon River,2003,larch sawfly,1636,147.24,1.088
190903,Outlet Yukon River,2004,willow leaf blotchminer,21225,1910.25,98.831
190903,Outlet Yukon River,2004,northern spruce engraver,232,20.88,1.08
190903,Outlet Yukon River,2004,spruce beetle,19,1.71,0.088
190903,Outlet Yukon River,2005,larch sawfly,13617,1225.53,37.514
190903,Outlet Yukon River,2005,willow leaf blotchminer,12555,1129.95,34.589
190903,Outlet Yukon River,2005,aspen leafminer,6576,591.84,18.117
190903,Outlet Yukon River,2005,flooding-high water,2690,242.1,7.411
190903,Outlet Yukon River,2005,northern spruce engraver,860,77.4,2.369
190903,Outlet Yukon River,2005,spruce beetle,860,77.4,2.369
190903,Outlet Yukon River,2006,willow leaf blotchminer,31168,2805.12,57.004
190903,Outlet Yukon River,2006,defoliators,22160,1994.4,40.529
190903,Outlet Yukon River,2006,spruce beetle,1330,119.7,2.432
190903,Outlet Yukon River,2006,northern spruce engraver,1239,111.51,2.266
190903,Outlet Yukon River,2006,larch sawfly,19,1.71,0.035
190903,Outlet Yukon River,2007,large aspen tortrix,47530,4277.7,86.399
190903,Outlet Yukon River,2007,aspen leafminer,5911,531.99,10.745
190903,Outlet Yukon River,2007,willow leaf blotchminer,1395,125.55,2.536
190903,Outlet Yukon River,2007,defoliators,941,84.69,1.711
190903,Outlet Yukon River,2007,flooding-high water,410,36.9,0.745
190903,Outlet Yukon River,2007,mud-land slide,141,12.69,0.256
190903,Outlet Yukon River,2007,northern spruce engraver,128,11.52,0.233
190903,Outlet Yukon River,2007,larch sawfly,52,4.68,0.095
190903,Outlet Yukon River,2007,eastern larch beetle,45,4.05,0.082
190903,Outlet Yukon River,2007,spruce beetle,32,2.88,0.058
190903,Outlet Yukon River,2008,defoliators,10264,923.76,37.968
190903,Outlet Yukon River,2008,aspen leafminer,6211,558.99,22.976
190903,Outlet Yukon River,2008,willow leaf blotchminer,5008,450.72,18.526
190903,Outlet Yukon River,2008,cottonwood leafminers,2968,267.12,10.979
190903,Outlet Yukon River,2008,flooding-high water,1417,127.53,5.242
190903,Outlet Yukon River,2008,larch sawfly,798,71.82,2.952
190903,Outlet Yukon River,2008,northern spruce engraver,281,25.29,1.039
190903,Outlet Yukon River,2008,large aspen tortrix,86,7.74,0.318
190903,Outlet Yukon River,2009,willow leaf blotchminer,17675,1590.75,44.132
190903,Outlet Yukon River,2009,aspen leafminer,11200,1008.0,27.965
190903,Outlet Yukon River,2009,defoliators,8166,734.94,20.39
190903,Outlet Yukon River,2009,northern spruce engraver,1866,167.94,4.659
190903,Outlet Yukon River,2009,flooding-high water,1026,92.34,2.562
190903,Outlet Yukon River,2009,spruce beetle,60,5.4,0.15
190903,Outlet Yukon River,2009,decline complex,57,5.13,0.142
190903,Outlet Yukon River,2010,willow leaf blotchminer,38217,3439.53,60.446
190903,Outlet Yukon River,2010,aspen leafminer,16949,1525.41,26.807
190903,Outlet Yukon River,2010,canker (general),6323,569.07,10.001
190903,Outlet Yukon River,2010,large aspen tortrix,1167,105.03,1.846
190903,Outlet Yukon River,2010,flooding-high water,569,51.21,0.9
190903,Outlet Yukon River,2011,aspen leafminer,5846,526.14,66.049
190903,Outlet Yukon River,2011,dieback,1304,117.36,14.733
190903,Outlet Yukon River,2011,northern spruce engraver,783,70.47,8.846
190903,Outlet Yukon River,2011,willow leaf blotchminer,337,30.33,3.807
190903,Outlet Yukon River,2011,large aspen tortrix,223,20.07,2.519
190903,Outlet Yukon River,2011,flooding-high water,221,19.89,2.497
190903,Outlet Yukon River,2011,defoliators,77,6.93,0.87
190903,Outlet Yukon River,2011,large-spored spruce-Labrador tea rust,60,5.4,0.678
190903,Outlet Yukon River,2012,decline complex,428,38.52,84.921
190903,Outlet Yukon River,2012,defoliators,428,38.52,84.921
190903,Outlet Yukon River,2012,"other wilt, known (code pending)",76,6.84,15.079
190903,Outlet Yukon River,2013,birch leafroller,592429,53318.61,97.393
190903,Outlet Yukon River,2013,willow leaf blotchminer,12394,1115.46,2.038
190903,Outlet Yukon River,2013,defoliators,3330,299.7,0.547
190903,Outlet Yukon River,2013,northern spruce engraver,137,12.33,0.023
190903,Outlet Yukon River,2014,defoliators,379615,34165.35,79.953
190903,Outlet Yukon River,2014,birch leafroller,96412,8677.08,20.306
190903,Outlet Yukon River,2014,flooding-high water,2142,192.78,0.451
190903,Outlet Yukon River,2014,large aspen tortrix,1852,166.68,0.39
190903,Outlet Yukon River,2014,decline complex,97,8.73,0.02
190903,Outlet Yukon River,2015,unknown defoliator,380989,34289.01,95.265
190903,Outlet Yukon River,2015,willow leaf blotchminer,9846,886.14,2.462
190903,Outlet Yukon River,2015,large aspen tortrix,8798,791.82,2.2
190903,Outlet Yukon River,2015,spruce beetle,410,36.9,0.103
190903,Outlet Yukon River,2015,northern spruce engraver,192,17.28,0.048
190903,Outlet Yukon River,2015,aspen leafminer,115,10.35,0.029
190903,Outlet Yukon River,2016,speckled green fruitworm,166870,15018.3,75.439
190903,Outlet Yukon River,2016,unknown defoliator,41737,3756.33,18.869
190903,Outlet Yukon River,2016,willow leaf blotchminer,12592,1133.28,5.693
190903,Outlet Yukon River,2017,unknown defoliator,166382,14974.38,96.827
190903,Outlet Yukon River,2017,willow leaf blotchminer,5246,472.14,3.053
190903,Outlet Yukon River,2017,flooding-high water,193,17.37,0.112
190903,Outlet Yukon River,2017,spruce broom rust,13,1.17,0.008
190903,Outlet Yukon River,2018,unknown defoliator,8427,758.43,69.725
190903,Outlet Yukon River,2018,large aspen tortrix,2147,193.23,17.764
190903,Outlet Yukon River,2018,flooding-high water,724,65.16,5.99
190903,Outlet Yukon River,2018,"other canker agent, known (code pending)",465,41.85,3.847
190903,Outlet Yukon River,2018,aspen leafminer,132,11.88,1.092
190903,Outlet Yukon River,2018,northern spruce engraver,83,7.47,0.687
190903,Outlet Yukon River,2018,speckled green fruitworm,77,6.93,0.637
190903,Outlet Yukon River,2018,unknown,17,1.53,0.141
190903,Outlet Yukon River,2018,willow leaf blotchminer,14,1.26,0.116
