subregion,subregion_name,year,native_class,pixel_count,area_ha
1,Coast Range,1997,Douglas-fir beetle,2928,263.52
1,Coast Range,1997,Douglas-fir engraver,14,1.26
1,Coast Range,1997,Pacific madrone decline,28,2.52
1,Coast Range,1997,Port-Orford-cedar root disease,17580,1582.2
1,Coast Range,1997,Swiss needle cast,88,7.92
1,Coast Range,1997,balsam woolly adelgid,4190,377.1
1,Coast Range,1997,bears,46607,4194.63
1,Coast Range,1997,black stain root disease,3697,332.73
1,Coast Range,1997,fir engraver,175,15.75
1,Coast Range,1997,fire,80,7.2
1,Coast Range,1997,flooding-high water,2303,207.27
1,Coast Range,1997,mountain pine beetle,1333,119.97
1,Coast Range,1997,mud-land slide,1164,104.76
1,Coast Range,1997,pine engraver,986,88.74
1,Coast Range,1997,root diseases/decay,134,12.06
1,Coast Range,1997,silver fir beetle,80,7.2
1,Coast Range,1997,spruce aphid,4469,402.21
1,Coast Range,1997,tent caterpillars,4662,419.58
1,Coast Range,1997,western pine beetle,32,2.88
1,Coast Range,1997,white pine blister rust,280,25.2
1,Coast Range,1997,wind-tornado/hurricane,2298,206.82
1,Coast Range,1997,winter injury,6305,567.45
1,Coast Range,1998,Douglas-fir beetle,7412,667.08
1,Coast Range,1998,Douglas-fir engraver,42,3.78
1,Coast Range,1998,Pacific madrone decline,37,3.33
1,Coast Range,1998,Port-Orford-cedar root disease,7064,635.76
1,Coast Range,1998,Swiss needle cast,693,62.37
1,Coast Range,1998,balsam woolly adelgid,1173,105.57
1,Coast Range,1998,bears,32269,2904.21
1,Coast Range,1998,decline complex,2426,218.34
1,Coast Range,1998,false hemlock looper,132,11.88
1,Coast Range,1998,fir engraver,211,18.99
1,Coast Range,1998,flatheaded borer,24,2.16
1,Coast Range,1998,frost,6550,589.5
1,Coast Range,1998,maple decline,559,50.31
1,Coast Range,1998,mountain pine beetle,2770,249.3
1,Coast Range,1998,mud-land slide,121,10.89
1,Coast Range,1998,needlecast,1139,102.51
1,Coast Range,1998,root diseases/decay,4084,367.56
1,Coast Range,1998,silver fir beetle,59,5.31
1,Coast Range,1998,snow-ice,31,2.79
1,Coast Range,1998,spruce aphid,90640,8157.6
1,Coast Range,1998,spruce beetle,3848,346.32
1,Coast Range,1998,western balsam bark beetle,308,27.72
1,Coast Range,1998,white pine blister rust,538,48.42
1,Coast Range,1998,wind-tornado/hurricane,80,7.2
1,Coast Range,1999,Douglas-fir beetle,24402,2196.18
1,Coast Range,1999,Douglas-fir engraver,303,27.27
1,Coast Range,1999,Pacific madrone decline,173,15.57
1,Coast Range,1999,Port-Orford-cedar root disease,13617,1225.53
1,Coast Range,1999,bears,29003,2610.27
1,Coast Range,1999,decline complex,262,23.58
1,Coast Range,1999,fir engraver,781,70.29
1,Coast Range,1999,frost,1948,175.32
1,Coast Range,1999,hemlock decline,79,7.11
1,Coast Range,1999,mountain pine beetle,195,17.55
1,Coast Range,1999,mud-land slide,905,81.45
1,Coast Range,1999,root diseases/decay,1264,113.76
1,Coast Range,1999,snow-ice,905,81.45
1,Coast Range,1999,spruce aphid,1627,146.43
1,Coast Range,1999,spruce beetle,1568,141.12
1,Coast Range,1999,western balsam bark beetle,492,44.28
1,Coast Range,1999,wild fire,582,52.38
1,Coast Range,1999,wind-tornado/hurricane,182,16.38
1,Coast Range,2000,Douglas-fir beetle,14694,1322.46
1,Coast Range,2000,Port-Orford-cedar root disease,22355,2011.95
1,Coast Range,2000,balsam woolly adelgid,454,40.86
1,Coast Range,2000,bears,126946,11425.14
1,Coast Range,2000,fir engraver,145,13.05
1,Coast Range,2000,foliage discoloration,1406,126.54
1,Coast Range,2000,hemlock sawfly,252,22.68
1,Coast Range,2000,mountain pine beetle,290,26.1
1,Coast Range,2000,mud-land slide,802,72.18
1,Coast Range,2000,root diseases/decay,813,73.17
1,Coast Range,2000,spruce aphid,48,4.32
1,Coast Range,2000,spruce beetle,1024,92.16
1,Coast Range,2000,western balsam bark beetle,39,3.51
1,Coast Range,2000,western tent caterpillar,147,13.23
1,Coast Range,2000,wind-tornado/hurricane,668,60.12
1,Coast Range,2001,Douglas-fir beetle,11412,1027.08
1,Coast Range,2001,Port-Orford-cedar root disease,27548,2479.32
1,Coast Range,2001,Swiss needle cast,9794,881.46
1,Coast Range,2001,balsam woolly adelgid,606,54.54
1,Coast Range,2001,bears,157652,14188.68
1,Coast Range,2001,decline complex,195,17.55
1,Coast Range,2001,fir engraver,397,35.73
1,Coast Range,2001,foliage discoloration,377,33.93
1,Coast Range,2001,frost,801,72.09
1,Coast Range,2001,hemlock decline,11983,1078.47
1,Coast Range,2001,mortality,113,10.17
1,Coast Range,2001,mountain pine beetle,949,85.41
1,Coast Range,2001,mud-land slide,463,41.67
1,Coast Range,2001,needlecast,353,31.77
1,Coast Range,2001,root diseases/decay,1350,121.5
1,Coast Range,2001,sawflies,10,0.9
1,Coast Range,2001,spruce aphid,25328,2279.52
1,Coast Range,2001,spruce beetle,1420,127.8
1,Coast Range,2001,western balsam bark beetle,203,18.27
1,Coast Range,2001,western tent caterpillar,6442,579.78
1,Coast Range,2001,wind-tornado/hurricane,132,11.88
1,Coast Range,2002,Douglas-fir beetle,25936,2334.24
1,Coast Range,2002,Port-Orford-cedar root disease,25663,2309.67
1,Coast Range,2002,Swiss needle cast,392847,35356.23
1,Coast Range,2002,balsam woolly adelgid,2351,211.59
1,Coast Range,2002,bears,285287,25675.83
1,Coast Range,2002,decline complex,1031,92.79
1,Coast Range,2002,fir engraver,7370,663.3
1,Coast Range,2002,flatheaded borer,78,7.02
1,Coast Range,2002,foliage discoloration,234,21.06
1,Coast Range,2002,frost,1433,128.97
1,Coast Range,2002,hemlock decline,15155,1363.95
1,Coast Range,2002,maple decline,232,20.88
1,Coast Range,2002,mortality,39,3.51
1,Coast Range,2002,mountain pine beetle,549,49.41
1,Coast Range,2002,mud-land slide,47,4.23
1,Coast Range,2002,needlecast,2784,250.56
1,Coast Range,2002,root diseases/decay,1010,90.9
1,Coast Range,2002,silver fir beetle,8,0.72
1,Coast Range,2002,snow-ice,43,3.87
1,Coast Range,2002,spruce aphid,2398,215.82
1,Coast Range,2002,spruce beetle,3139,282.51
1,Coast Range,2002,western balsam bark beetle,40,3.6
1,Coast Range,2002,western pine beetle,1202,108.18
1,Coast Range,2002,western tent caterpillar,16579,1492.11
1,Coast Range,2002,wild fire,364,32.76
1,Coast Range,2002,wind-tornado/hurricane,2921,262.89
1,Coast Range,2003,Douglas-fir beetle,6662,599.58
1,Coast Range,2003,Douglas-fir engraver,829,74.61
1,Coast Range,2003,Port-Orford-cedar root disease,37863,3407.67
1,Coast Range,2003,Swiss needle cast,1340728,120665.52
1,Coast Range,2003,balsam woolly adelgid,686,61.74
1,Coast Range,2003,bears,455771,41019.39
1,Coast Range,2003,fir engraver,6738,606.42
1,Coast Range,2003,flatheaded borer,487,43.83
1,Coast Range,2003,foliage discoloration,408,36.72
1,Coast Range,2003,frost,1361,122.49
1,Coast Range,2003,mountain pine beetle,718,64.62
1,Coast Range,2003,mud-land slide,239,21.51
1,Coast Range,2003,needlecast,1535,138.15
1,Coast Range,2003,root diseases/decay,2257,203.13
1,Coast Range,2003,spruce aphid,2103,189.27
1,Coast Range,2003,spruce beetle,109,9.81
1,Coast Range,2003,western balsam bark beetle,251,22.59
1,Coast Range,2003,western tent caterpillar,206,18.54
1,Coast Range,2003,white pine blister rust,406,36.54
1,Coast Range,2003,wild fire,21,1.89
1,Coast Range,2003,wind-tornado/hurricane,1438,129.42
1,Coast Range,2004,Douglas-fir beetle,12667,1140.03
1,Coast Range,2004,Douglas-fir engraver,136,12.24
1,Coast Range,2004,Douglas-fir rust,713,64.17
1,Coast Range,2004,Port-Orford-cedar root disease,41215,3709.35
1,Coast Range,2004,Swiss needle cast,26483,2383.47
1,Coast Range,2004,balsam woolly adelgid,1285,115.65
1,Coast Range,2004,bears,363645,32728.05
1,Coast Range,2004,decline complex,96,8.64
1,Coast Range,2004,fir engraver,27421,2467.89
1,Coast Range,2004,flatheaded borer,62,5.58
1,Coast Range,2004,foliage discoloration,8,0.72
1,Coast Range,2004,frost,500,45.0
1,Coast Range,2004,maple decline,17,1.53
1,Coast Range,2004,mortality,30,2.7
1,Coast Range,2004,mountain pine beetle,1521,136.89
1,Coast Range,2004,needlecast,1492,134.28
1,Coast Range,2004,pine engraver,450,40.5
1,Coast Range,2004,root diseases/decay,280,25.2
1,Coast Range,2004,sawflies,198,17.82
1,Coast Range,2004,spruce aphid,178,16.02
1,Coast Range,2004,spruce beetle,17,1.53
1,Coast Range,2004,western balsam bark beetle,202,18.18
1,Coast Range,2004,western pine beetle,222,19.98
1,Coast Range,2004,western tent caterpillar,1508,135.72
1,Coast Range,2004,white pine blister rust,212,19.08
1,Coast Range,2004,wild fire,291,26.19
1,Coast Range,2004,wind-tornado/hurricane,59,5.31
1,Coast Range,2005,Douglas-fir beetle,29685,2671.65
1,Coast Range,2005,Douglas-fir engraver,158,14.22
1,Coast Range,2005,Douglas-fir rust,1762,158.58
1,Coast Range,2005,Lophodermium needle cast of pines,122,10.98
1,Coast Range,2005,Pacific madrone decline,74,6.66
1,Coast Range,2005,Port-Orford-cedar root disease,41463,3731.67
1,Coast Range,2005,Swiss needle cast,6199,557.91
1,Coast Range,2005,balsam woolly adelgid,6907,621.63
1,Coast Range,2005,bears,540241,48621.69
1,Coast Range,2005,decline complex,24,2.16
1,Coast Range,2005,fir engraver,64789,5831.01
1,Coast Range,2005,flatheaded borer,54,4.86
1,Coast Range,2005,frost,1103,99.27
1,Coast Range,2005,hemlock decline,38285,3445.65
1,Coast Range,2005,mortality,257,23.13
1,Coast Range,2005,mountain pine beetle,178,16.02
1,Coast Range,2005,needlecast,1474,132.66
1,Coast Range,2005,pine engraver,177,15.93
1,Coast Range,2005,root diseases/decay,5576,501.84
1,Coast Range,2005,spruce aphid,44928,4043.52
1,Coast Range,2005,spruce beetle,483,43.47
1,Coast Range,2005,western balsam bark beetle,894,80.46
1,Coast Range,2005,wind-tornado/hurricane,77,6.93
1,Coast Range,2006,Douglas-fir beetle,51431,4628.79
1,Coast Range,2006,Douglas-fir engraver,819,73.71
1,Coast Range,2006,Douglas-fir rust,813,73.17
1,Coast Range,2006,Lophodermium needle cast of pines,53,4.77
1,Coast Range,2006,Port-Orford-cedar root disease,47555,4279.95
1,Coast Range,2006,balsam woolly adelgid,4089,368.01
1,Coast Range,2006,bears,707308,63657.72
1,Coast Range,2006,fir engraver,109493,9854.37
1,Coast Range,2006,fire,649,58.41
1,Coast Range,2006,flatheaded borer,3721,334.89
1,Coast Range,2006,foliage discoloration,1075,96.75
1,Coast Range,2006,frost,728,65.52
1,Coast Range,2006,hemlock decline,3493,314.37
1,Coast Range,2006,maple decline,72,6.48
1,Coast Range,2006,mountain pine beetle,305,27.45
1,Coast Range,2006,needlecast,103,9.27
1,Coast Range,2006,pine engraver,55,4.95
1,Coast Range,2006,root diseases/decay,451,40.59
1,Coast Range,2006,silver fir beetle,80,7.2
1,Coast Range,2006,snow-ice,1236,111.24
1,Coast Range,2006,spruce aphid,187,16.83
1,Coast Range,2006,spruce beetle,1505,135.45
1,Coast Range,2006,western balsam bark beetle,1252,112.68
1,Coast Range,2006,western tent caterpillar,175,15.75
1,Coast Range,2006,wind-tornado/hurricane,1531,137.79
1,Coast Range,2007,Douglas-fir beetle,27027,2432.43
1,Coast Range,2007,Douglas-fir engraver,441,39.69
1,Coast Range,2007,Douglas-fir rust,1486,133.74
1,Coast Range,2007,Lophodermium needle cast of pines,610,54.9
1,Coast Range,2007,Port-Orford-cedar root disease,53988,4858.92
1,Coast Range,2007,balsam woolly adelgid,10617,955.53
1,Coast Range,2007,bears,468156,42134.04
1,Coast Range,2007,decline complex,324,29.16
1,Coast Range,2007,fir engraver,50631,4556.79
1,Coast Range,2007,fire,126,11.34
1,Coast Range,2007,flatheaded borer,1168,105.12
1,Coast Range,2007,frost,1850,166.5
1,Coast Range,2007,hemlock decline,3188,286.92
1,Coast Range,2007,maple decline,647,58.23
1,Coast Range,2007,mountain pine beetle,1059,95.31
1,Coast Range,2007,mud-land slide,104,9.36
1,Coast Range,2007,needlecast,388,34.92
1,Coast Range,2007,pine engraver,415,37.35
1,Coast Range,2007,root diseases/decay,5513,496.17
1,Coast Range,2007,snow-ice,1068,96.12
1,Coast Range,2007,spruce aphid,384,34.56
1,Coast Range,2007,spruce beetle,9,0.81
1,Coast Range,2007,western balsam bark beetle,2621,235.89
1,Coast Range,2007,western tent caterpillar,512,46.08
1,Coast Range,2007,wind-tornado/hurricane,37177,3345.93
1,Coast Range,2008,Douglas-fir beetle,13035,1173.15
1,Coast Range,2008,Douglas-fir engraver,299,26.91
1,Coast Range,2008,Douglas-fir rust,530,47.7
1,Coast Range,2008,Lophodermium needle cast of pines,67,6.03
1,Coast Range,2008,Port-Orford-cedar root disease,27446,2470.14
1,Coast Range,2008,balsam woolly adelgid,5086,457.74
1,Coast Range,2008,bears,690621,62155.89
1,Coast Range,2008,fir engraver,23045,2074.05
1,Coast Range,2008,fire,45,4.05
1,Coast Range,2008,flatheaded borer,912,82.08
1,Coast Range,2008,frost,2313,208.17
1,Coast Range,2008,hemlock decline,6408,576.72
1,Coast Range,2008,maple decline,135,12.15
1,Coast Range,2008,mountain pine beetle,157,14.13
1,Coast Range,2008,mud-land slide,1198,107.82
1,Coast Range,2008,needlecast,10306,927.54
1,Coast Range,2008,pine engraver,40,3.6
1,Coast Range,2008,root diseases/decay,2258,203.22
1,Coast Range,2008,snow-ice,1322,118.98
1,Coast Range,2008,spruce aphid,662,59.58
1,Coast Range,2008,western balsam bark beetle,3216,289.44
1,Coast Range,2008,white pine blister rust,992,89.28
1,Coast Range,2008,wind-tornado/hurricane,198996,17909.64
1,Coast Range,2009,Douglas-fir beetle,53020,4771.8
1,Coast Range,2009,Douglas-fir engraver,30,2.7
1,Coast Range,2009,Douglas-fir rust,384,34.56
1,Coast Range,2009,Port-Orford-cedar root disease,21750,1957.5
1,Coast Range,2009,Swiss needle cast,168,15.12
1,Coast Range,2009,balsam woolly adelgid,7549,679.41
1,Coast Range,2009,bears,1231058,110795.22
1,Coast Range,2009,fir engraver,13500,1215.0
1,Coast Range,2009,fire,295,26.55
1,Coast Range,2009,flatheaded borer,538,48.42
1,Coast Range,2009,flooding-high water,1202,108.18
1,Coast Range,2009,foliage discoloration,12065,1085.85
1,Coast Range,2009,hemlock decline,3688,331.92
1,Coast Range,2009,maple decline,26,2.34
1,Coast Range,2009,mortality,4045,364.05
1,Coast Range,2009,mountain pine beetle,137,12.33
1,Coast Range,2009,mud-land slide,23,2.07
1,Coast Range,2009,needlecast,553,49.77
1,Coast Range,2009,root diseases/decay,260,23.4
1,Coast Range,2009,spruce aphid,632,56.88
1,Coast Range,2009,spruce beetle,53,4.77
1,Coast Range,2009,white pine blister rust,1878,169.02
1,Coast Range,2009,wind-tornado/hurricane,10086,907.74
1,Coast Range,2009,winter injury,32,2.88
1,Coast Range,2010,Douglas-fir beetle,61520,5536.8
1,Coast Range,2010,Douglas-fir engraver,80,7.2
1,Coast Range,2010,Lophodermium needle cast of pines,426,38.34
1,Coast Range,2010,Port-Orford-cedar root disease,19262,1733.58
1,Coast Range,2010,balsam woolly adelgid,4847,436.23
1,Coast Range,2010,bears,382772,34449.48
1,Coast Range,2010,decline complex,3710,333.9
1,Coast Range,2010,fir engraver,37417,3367.53
1,Coast Range,2010,fire,1092,98.28
1,Coast Range,2010,flatheaded borer,938,84.42
1,Coast Range,2010,flooding-high water,1673,150.57
1,Coast Range,2010,hardwood leaf rusts,742,66.78
1,Coast Range,2010,hemlock decline,32084,2887.56
1,Coast Range,2010,maple decline,78,7.02
1,Coast Range,2010,mountain pine beetle,1079,97.11
1,Coast Range,2010,mud-land slide,80,7.2
1,Coast Range,2010,needlecast,1310,117.9
1,Coast Range,2010,pine engraver,85,7.65
1,Coast Range,2010,root diseases/decay,2382,214.38
1,Coast Range,2010,spruce beetle,17,1.53
1,Coast Range,2010,western balsam bark beetle,1036,93.24
1,Coast Range,2010,wind-tornado/hurricane,3132,281.88
1,Coast Range,2010,winter injury,120,10.8
1,Coast Range,2011,Douglas-fir beetle,31915,2872.35
1,Coast Range,2011,Douglas-fir engraver,97,8.73
1,Coast Range,2011,Lophodermium needle cast of pines,289,26.01
1,Coast Range,2011,Port-Orford-cedar root disease,28895,2600.55
1,Coast Range,2011,balsam woolly adelgid,4386,394.74
1,Coast Range,2011,bears,443949,39955.41
1,Coast Range,2011,decline complex,250,22.5
1,Coast Range,2011,fir engraver,23012,2071.08
1,Coast Range,2011,fire,727,65.43
1,Coast Range,2011,flatheaded borer,822,73.98
1,Coast Range,2011,flooding-high water,2705,243.45
1,Coast Range,2011,hardwood leaf rusts,776,69.84
1,Coast Range,2011,hemlock decline,17029,1532.61
1,Coast Range,2011,maple decline,23,2.07
1,Coast Range,2011,mountain pine beetle,46,4.14
1,Coast Range,2011,mud-land slide,170,15.3
1,Coast Range,2011,needlecast,2961,266.49
1,Coast Range,2011,pine engraver,216,19.44
1,Coast Range,2011,root diseases/decay,1584,142.56
1,Coast Range,2011,western balsam bark beetle,350,31.5
1,Coast Range,2011,wind-tornado/hurricane,835,75.15
1,Coast Range,2012,Douglas-fir beetle,23011,2070.99
1,Coast Range,2012,Douglas-fir engraver,36,3.24
1,Coast Range,2012,Lophodermium needle cast of pines,116,10.44
1,Coast Range,2012,Pacific madrone decline,126,11.34
1,Coast Range,2012,Port-Orford-cedar root disease,15677,1410.93
1,Coast Range,2012,balsam woolly adelgid,4006,360.54
1,Coast Range,2012,bears,442678,39841.02
1,Coast Range,2012,decline complex,9,0.81
1,Coast Range,2012,fir engraver,15699,1412.91
1,Coast Range,2012,fire,559,50.31
1,Coast Range,2012,flatheaded borer,378,34.02
1,Coast Range,2012,flooding-high water,2280,205.2
1,Coast Range,2012,foliage discoloration,718,64.62
1,Coast Range,2012,hardwood leaf rusts,1380,124.2
1,Coast Range,2012,hemlock decline,30329,2729.61
1,Coast Range,2012,maple decline,47,4.23
1,Coast Range,2012,mountain pine beetle,105,9.45
1,Coast Range,2012,mud-land slide,770,69.3
1,Coast Range,2012,needlecast,16500,1485.0
1,Coast Range,2012,pine needle sheathminer,396,35.64
1,Coast Range,2012,root diseases/decay,182,16.38
1,Coast Range,2012,sawflies,88,7.92
1,Coast Range,2012,spruce beetle,9,0.81
1,Coast Range,2012,western balsam bark beetle,1938,174.42
1,Coast Range,2012,western tent caterpillar,850,76.5
1,Coast Range,2012,wind-tornado/hurricane,1016,91.44
1,Coast Range,2012,winter injury,3593,323.37
1,Coast Range,2013,Cytospora canker of fir,64,5.76
1,Coast Range,2013,Douglas-fir beetle,11846,1066.14
1,Coast Range,2013,Douglas-fir engraver,120,10.8
1,Coast Range,2013,Lophodermium needle cast of pines,134,12.06
1,Coast Range,2013,Pacific madrone decline,18,1.62
1,Coast Range,2013,Port-Orford-cedar root disease,26853,2416.77
1,Coast Range,2013,Swiss needle cast,15556,1400.04
1,Coast Range,2013,balsam woolly adelgid,3649,328.41
1,Coast Range,2013,bears,425061,38255.49
1,Coast Range,2013,decline complex,8128,731.52
1,Coast Range,2013,fir engraver,2089,188.01
1,Coast Range,2013,fire,20,1.8
1,Coast Range,2013,flatheaded borer,420,37.8
1,Coast Range,2013,flooding-high water,785,70.65
1,Coast Range,2013,foliage discoloration,69,6.21
1,Coast Range,2013,hardwood leaf rusts,2026,182.34
1,Coast Range,2013,hemlock decline,9834,885.06
1,Coast Range,2013,maple decline,1081,97.29
1,Coast Range,2013,mountain pine beetle,380,34.2
1,Coast Range,2013,mud-land slide,49,4.41
1,Coast Range,2013,needlecast,11014,991.26
1,Coast Range,2013,pine engraver,1120,100.8
1,Coast Range,2013,pine needle sheathminer,123,11.07
1,Coast Range,2013,root diseases/decay,454,40.86
1,Coast Range,2013,sawflies,3272,294.48
1,Coast Range,2013,western balsam bark beetle,12,1.08
1,Coast Range,2013,western blackheaded budworm,17996,1619.64
1,Coast Range,2013,western tent caterpillar,4068,366.12
1,Coast Range,2013,wind-tornado/hurricane,42,3.78
1,Coast Range,2014,Douglas-fir beetle,13222,1189.98
1,Coast Range,2014,Douglas-fir engraver,92,8.28
1,Coast Range,2014,Lophodermium needle cast of pines,92,8.28
1,Coast Range,2014,Port-Orford-cedar root disease,18096,1628.64
1,Coast Range,2014,Swiss needle cast,11432,1028.88
1,Coast Range,2014,balsam woolly adelgid,3128,281.52
1,Coast Range,2014,bears,503571,45321.39
1,Coast Range,2014,decline complex,9862,887.58
1,Coast Range,2014,fir engraver,17390,1565.1
1,Coast Range,2014,fire,46,4.14
1,Coast Range,2014,flatheaded borer,681,61.29
1,Coast Range,2014,flooding-high water,961,86.49
1,Coast Range,2014,hardwood leaf rusts,1312,118.08
1,Coast Range,2014,hemlock decline,31560,2840.4
1,Coast Range,2014,maple decline,257,23.13
1,Coast Range,2014,mortality,167,15.03
1,Coast Range,2014,mountain pine beetle,121,10.89
1,Coast Range,2014,mud-land slide,120,10.8
1,Coast Range,2014,needlecast,4772,429.48
1,Coast Range,2014,pine engraver,9,0.81
1,Coast Range,2014,root diseases/decay,3999,359.91
1,Coast Range,2014,sawflies,1666,149.94
1,Coast Range,2014,western balsam bark beetle,2482,223.38
1,Coast Range,2014,western blackheaded budworm,47645,4288.05
1,Coast Range,2014,western pine beetle,9,0.81
1,Coast Range,2014,western tent caterpillar,56178,5056.02
1,Coast Range,2014,wind-tornado/hurricane,314,28.26
1,Coast Range,2015,Douglas-fir beetle,14764,1328.76
1,Coast Range,2015,Douglas-fir engraver,1090,98.1
1,Coast Range,2015,Lophodermium needle cast of pines,302,27.18
1,Coast Range,2015,Port-Orford-cedar root disease,22013,1981.17
1,Coast Range,2015,balsam woolly adelgid,5281,475.29
1,Coast Range,2015,bears,363437,32709.33
1,Coast Range,2015,fir engraver,1947,175.23
1,Coast Range,2015,flatheaded borer,1460,131.4
1,Coast Range,2015,flooding-high water,1573,141.57
1,Coast Range,2015,leaf rusts of hardwoods,704,63.36
1,Coast Range,2015,mountain pine beetle,136,12.24
1,Coast Range,2015,mud-land slide,8,0.72
1,Coast Range,2015,needlecast,12407,1116.63
1,Coast Range,2015,pine engraver,152,13.68
1,Coast Range,2015,silver fir beetle,9,0.81
1,Coast Range,2015,spruce aphid,104,9.36
1,Coast Range,2015,unknown,16759,1508.31
1,Coast Range,2015,unknown root disease or decay,1899,170.91
1,Coast Range,2015,western balsam bark beetle,279,25.11
1,Coast Range,2015,western pine beetle,52,4.68
1,Coast Range,2015,western tent caterpillar,5957,536.13
1,Coast Range,2015,wild fire,521,46.89
1,Coast Range,2015,wind-tornado/hurricane,18,1.62
1,Coast Range,2015,winter injury,3398,305.82
1,Coast Range,2016,Douglas-fir beetle,14322,1288.98
1,Coast Range,2016,Douglas-fir engraver,2432,218.88
1,Coast Range,2016,Lophodermium needle cast of pines,9,0.81
1,Coast Range,2016,Port-Orford-cedar root disease,13244,1191.96
1,Coast Range,2016,Swiss needle cast,3983,358.47
1,Coast Range,2016,balsam woolly adelgid,3362,302.58
1,Coast Range,2016,bears,259612,23365.08
1,Coast Range,2016,drought,2824,254.16
1,Coast Range,2016,fir engraver,1315,118.35
1,Coast Range,2016,fire,98,8.82
1,Coast Range,2016,flatheaded borer,2389,215.01
1,Coast Range,2016,frost,1001,90.09
1,Coast Range,2016,leaf rusts of hardwoods,198,17.82
1,Coast Range,2016,mountain pine beetle,115,10.35
1,Coast Range,2016,mud-land slide,12,1.08
1,Coast Range,2016,needlecast,8374,753.66
1,Coast Range,2016,pine engraver,367,33.03
1,Coast Range,2016,unknown,21712,1954.08
1,Coast Range,2016,western balsam bark beetle,60,5.4
1,Coast Range,2016,western pine beetle,82,7.38
1,Coast Range,2016,western tent caterpillar,637,57.33
1,Coast Range,2016,white pine blister rust,10,0.9
1,Coast Range,2016,wind-tornado/hurricane,167,15.03
1,Coast Range,2017,Douglas-fir beetle,7366,662.94
1,Coast Range,2017,Douglas-fir engraver,419,37.71
1,Coast Range,2017,Lophodermium needle cast of pines,77,6.93
1,Coast Range,2017,Port-Orford-cedar root disease,4944,444.96
1,Coast Range,2017,Swiss needle cast,6152,553.68
1,Coast Range,2017,balsam woolly adelgid,4474,402.66
1,Coast Range,2017,bears,213708,19233.72
1,Coast Range,2017,drought,159,14.31
1,Coast Range,2017,fir engraver,171,15.39
1,Coast Range,2017,fire,5180,466.2
1,Coast Range,2017,flatheaded borer,4031,362.79
1,Coast Range,2017,flooding-high water,2539,228.51
1,Coast Range,2017,ips engraver beetles,27,2.43
1,Coast Range,2017,mountain pine beetle,88,7.92
1,Coast Range,2017,mud-land slide,92,8.28
1,Coast Range,2017,needlecast,6931,623.79
1,Coast Range,2017,spruce aphid,30,2.7
1,Coast Range,2017,unknown,33416,3007.44
1,Coast Range,2017,unknown defoliator,105,9.45
1,Coast Range,2017,unknown root disease or decay,2424,218.16
1,Coast Range,2017,western balsam bark beetle,17,1.53
1,Coast Range,2017,western pine beetle,102,9.18
1,Coast Range,2017,western tent caterpillar,1109,99.81
1,Coast Range,2017,wind-tornado/hurricane,328,29.52
1,Coast Range,2017,winter injury,223,20.07
1,Coast Range,2018,Douglas-fir beetle,13269,1194.21
1,Coast Range,2018,Douglas-fir engraver,485,43.65
1,Coast Range,2018,Lophodermium needle cast of pines,135,12.15
1,Coast Range,2018,Port-Orford-cedar root disease,8703,783.27
1,Coast Range,2018,Swiss needle cast,2215085,199357.65
1,Coast Range,2018,balsam woolly adelgid,6070,546.3
1,Coast Range,2018,bears,330276,29724.84
1,Coast Range,2018,drought,174,15.66
1,Coast Range,2018,fir engraver,7157,644.13
1,Coast Range,2018,fire,299,26.91
1,Coast Range,2018,flatheaded fir borer,799,71.91
1,Coast Range,2018,flooding-high water,2571,231.39
1,Coast Range,2018,leaf rusts of hardwoods,83,7.47
1,Coast Range,2018,mountain pine beetle,3843,345.87
1,Coast Range,2018,mud-land slide,19,1.71
1,Coast Range,2018,needlecast,6328,569.52
1,Coast Range,2018,"other pest complex, known (code pending)",983,88.47
1,Coast Range,2018,ponderosa pine sawfly,14,1.26
1,Coast Range,2018,unknown,268585,24172.65
1,Coast Range,2018,unknown defoliator,226,20.34
1,Coast Range,2018,unknown root disease or decay,2851,256.59
1,Coast Range,2018,western tent caterpillar,797,71.73
1,Coast Range,2019,Douglas-fir beetle,12513,1126.17
1,Coast Range,2019,Douglas-fir engraver,771,69.39
1,Coast Range,2019,Port-Orford-cedar root disease,10006,900.54
1,Coast Range,2019,alder flea beetle,202,18.18
1,Coast Range,2019,balsam woolly adelgid,10252,922.68
1,Coast Range,2019,bears,172010,15480.9
1,Coast Range,2019,drought,753,67.77
1,Coast Range,2019,fir engraver,40734,3666.06
1,Coast Range,2019,fire,112,10.08
1,Coast Range,2019,flatheaded fir borer,8601,774.09
1,Coast Range,2019,flooding-high water,1078,97.02
1,Coast Range,2019,ips engraver beetles,102,9.18
1,Coast Range,2019,mountain pine beetle,25,2.25
1,Coast Range,2019,needlecast,5164,464.76
1,Coast Range,2019,"other root disease or decay, known (code pending)",45,4.05
1,Coast Range,2019,snow-ice,21941,1974.69
1,Coast Range,2019,spruce aphid,78562,7070.58
1,Coast Range,2019,unknown,190259,17123.31
1,Coast Range,2019,unknown defoliator,115,10.35
1,Coast Range,2019,unknown root disease or decay,130,11.7
1,Coast Range,2019,western balsam bark beetle,135,12.15
1,Coast Range,2019,wind-tornado/hurricane,63,5.67
1,Coast Range,2019,winter injury,5553,499.77
1,Coast Range,2020,Douglas-fir beetle,281,25.29
1,Coast Range,2020,Port-Orford-cedar root disease,1940,174.6
1,Coast Range,2020,balsam woolly adelgid,2018,181.62
1,Coast Range,2020,bears,8678,781.02
1,Coast Range,2020,drought,21,1.89
1,Coast Range,2020,fir engraver,1542,138.78
1,Coast Range,2020,flatheaded fir borer,655,58.95
1,Coast Range,2020,flooding-high water,4,0.36
1,Coast Range,2020,silver fir beetle,77,6.93
1,Coast Range,2020,unknown,38281,3445.29
1,Coast Range,2020,unknown defoliator,68,6.12
1,Coast Range,2021,Douglas-fir beetle,45983,4138.47
1,Coast Range,2021,Douglas-fir engraver,5590,503.1
1,Coast Range,2021,balsam woolly adelgid,4232,380.88
1,Coast Range,2021,bears,255885,23029.65
1,Coast Range,2021,fir engraver,13182,1186.38
1,Coast Range,2021,hail,16,1.44
1,Coast Range,2021,heat,919314,82738.26
1,Coast Range,2021,larch needle cast,28,2.52
1,Coast Range,2021,mountain pine beetle,696,62.64
1,Coast Range,2021,needlecast,2269,204.21
1,Coast Range,2021,spruce aphid,1172,105.48
1,Coast Range,2021,unknown,152962,13766.58
1,Coast Range,2021,unknown defoliator,703,63.27
1,Coast Range,2021,unknown root disease or decay,4041,363.69
1,Coast Range,2021,wind-tornado/hurricane,111,9.99
1,Coast Range,2022,Cytospora canker of fir,31169,2805.21
1,Coast Range,2022,Douglas-fir beetle,36312,3268.08
1,Coast Range,2022,Douglas-fir engraver,13220,1189.8
1,Coast Range,2022,Port-Orford-cedar root disease,4644,417.96
1,Coast Range,2022,Swiss needle cast,3473872,312648.48
1,Coast Range,2022,balsam woolly adelgid,37426,3368.34
1,Coast Range,2022,bears,189885,17089.65
1,Coast Range,2022,fir engraver,34236,3081.24
1,Coast Range,2022,fire,206,18.54
1,Coast Range,2022,flatheaded fir borer,6755,607.95
1,Coast Range,2022,flooding-high water,89,8.01
1,Coast Range,2022,gorse,150,13.5
1,Coast Range,2022,mountain pine beetle,1886,169.74
1,Coast Range,2022,unknown,163042,14673.78
1,Coast Range,2022,unknown defoliator,6323,569.07
1,Coast Range,2022,unknown root disease or decay,145,13.05
1,Coast Range,2022,western pine beetle,6212,559.08
1,Coast Range,2023,Cytospora canker of fir,430,38.7
1,Coast Range,2023,Douglas-fir beetle,52790,4751.1
1,Coast Range,2023,Douglas-fir engraver,5220,469.8
1,Coast Range,2023,Port-Orford-cedar root disease,1382,124.38
1,Coast Range,2023,alder flea beetle,28,2.52
1,Coast Range,2023,balsam woolly adelgid,3005,270.45
1,Coast Range,2023,bears,340980,30688.2
1,Coast Range,2023,drought,680,61.2
1,Coast Range,2023,fir engraver,25633,2306.97
1,Coast Range,2023,fire,734,66.06
1,Coast Range,2023,flatheaded fir borer,405,36.45
1,Coast Range,2023,flooding-high water,421,37.89
1,Coast Range,2023,mountain pine beetle,34,3.06
1,Coast Range,2023,needlecast,366,32.94
1,Coast Range,2023,spruce aphid,343,30.87
1,Coast Range,2023,unknown,63871,5748.39
1,Coast Range,2023,unknown defoliator,3762,338.58
1,Coast Range,2023,unknown root disease or decay,5050,454.5
1,Coast Range,2023,western balsam bark beetle,331,29.79
1,Coast Range,2023,wind-tornado/hurricane,594,53.46
1,Coast Range,2024,Cytospora canker of fir,4008,360.72
1,Coast Range,2024,Douglas-fir beetle,18150,1633.5
1,Coast Range,2024,Douglas-fir engraver,8288,745.92
1,Coast Range,2024,Port-Orford-cedar root disease,1243,111.87
1,Coast Range,2024,Swiss needle cast,4476180,402856.2
1,Coast Range,2024,balsam woolly adelgid,11405,1026.45
1,Coast Range,2024,drought,643,57.87
1,Coast Range,2024,fir engraver,21084,1897.56
1,Coast Range,2024,fire,63,5.67
1,Coast Range,2024,flatheaded fir borer,3604,324.36
1,Coast Range,2024,flooding-high water,57,5.13
1,Coast Range,2024,mountain pine beetle,226,20.34
1,Coast Range,2024,needlecast,2206,198.54
1,Coast Range,2024,oak pit scale A. minus,1092,98.28
1,Coast Range,2024,root disease or bears,113434,10209.06
1,Coast Range,2024,spruce aphid,701,63.09
1,Coast Range,2024,unknown,95002,8550.18
1,Coast Range,2024,unknown defoliator,1321,118.89
1,Coast Range,2024,unknown root disease or decay,66,5.94
1,Coast Range,2024,wind-tornado/hurricane,9403,846.27
1,Coast Range,2024,winter injury,11,0.99
1,Coast Range,2025,Cytospora canker of fir,13705,1233.45
1,Coast Range,2025,Douglas-fir beetle,23230,2090.7
1,Coast Range,2025,Douglas-fir engraver,3487,313.83
1,Coast Range,2025,Port-Orford-cedar root disease,107,9.63
1,Coast Range,2025,balsam woolly adelgid,15157,1364.13
1,Coast Range,2025,drought,174,15.66
1,Coast Range,2025,fir engraver,18174,1635.66
1,Coast Range,2025,fire,107,9.63
1,Coast Range,2025,flatheaded fir borer,3919,352.71
1,Coast Range,2025,flooding-high water,15,1.35
1,Coast Range,2025,gorse,1732,155.88
1,Coast Range,2025,mountain pine beetle,165,14.85
1,Coast Range,2025,root disease or bears,154598,13913.82
1,Coast Range,2025,sawflies,2386,214.74
1,Coast Range,2025,spruce aphid,2209,198.81
1,Coast Range,2025,unknown,27768,2499.12
1,Coast Range,2025,unknown defoliator,3953,355.77
1,Coast Range,2025,unknown root disease or decay,441,39.69
1,Coast Range,2025,wind-tornado/hurricane,327,29.43
1,Coast Range,2025,winter injury,21,1.89
11,Blue Mountains,1997,Douglas-fir beetle,10404,936.36
11,Blue Mountains,1997,balsam woolly adelgid,727,65.43
11,Blue Mountains,1997,fir engraver,47257,4253.13
11,Blue Mountains,1997,fire,25,2.25
11,Blue Mountains,1997,flooding-high water,186,16.74
11,Blue Mountains,1997,larch casebearer,748,67.32
11,Blue Mountains,1997,larch needle cast,20915,1882.35
11,Blue Mountains,1997,mountain pine beetle,47774,4299.66
11,Blue Mountains,1997,pine engraver,5350,481.5
11,Blue Mountains,1997,sawflies,112,10.08
11,Blue Mountains,1997,spruce beetle,1991,179.19
11,Blue Mountains,1997,western balsam bark beetle,88,7.92
11,Blue Mountains,1997,western pine beetle,3752,337.68
11,Blue Mountains,1998,Douglas-fir beetle,60185,5416.65
11,Blue Mountains,1998,Douglas-fir engraver,7,0.63
11,Blue Mountains,1998,Gelechiid moths/needleminers,111221,10009.89
11,Blue Mountains,1998,balsam woolly adelgid,611,54.99
11,Blue Mountains,1998,black pineleaf scale,12965,1166.85
11,Blue Mountains,1998,fir engraver,20579,1852.11
11,Blue Mountains,1998,frost,40,3.6
11,Blue Mountains,1998,larch casebearer,9616,865.44
11,Blue Mountains,1998,mountain pine beetle,79730,7175.7
11,Blue Mountains,1998,needlecast,79069,7116.21
11,Blue Mountains,1998,pine engraver,5290,476.1
11,Blue Mountains,1998,spruce beetle,5073,456.57
11,Blue Mountains,1998,western pine beetle,9607,864.63
11,Blue Mountains,1998,wild fire,169,15.21
11,Blue Mountains,1999,Cytospora canker of fir,441,39.69
11,Blue Mountains,1999,Douglas-fir beetle,99873,8988.57
11,Blue Mountains,1999,Douglas-fir engraver,87,7.83
11,Blue Mountains,1999,Douglas-fir tussock moth,94319,8488.71
11,Blue Mountains,1999,Gelechiid moths/needleminers,8827,794.43
11,Blue Mountains,1999,balsam woolly adelgid,19093,1718.37
11,Blue Mountains,1999,fir engraver,45722,4114.98
11,Blue Mountains,1999,frost,46,4.14
11,Blue Mountains,1999,larch casebearer,37805,3402.45
11,Blue Mountains,1999,loopers,610,54.9
11,Blue Mountains,1999,mountain pine beetle,55690,5012.1
11,Blue Mountains,1999,needlecast,2143,192.87
11,Blue Mountains,1999,pine engraver,4243,381.87
11,Blue Mountains,1999,spruce aphid,585,52.65
11,Blue Mountains,1999,spruce beetle,5546,499.14
11,Blue Mountains,1999,western pine beetle,11685,1051.65
11,Blue Mountains,1999,wild fire,1023,92.07
11,Blue Mountains,2000,Douglas-fir beetle,135821,12223.89
11,Blue Mountains,2000,Douglas-fir tussock moth,984017,88561.53
11,Blue Mountains,2000,Gelechiid moths/needleminers,213,19.17
11,Blue Mountains,2000,balsam woolly adelgid,4012,361.08
11,Blue Mountains,2000,fir engraver,12859,1157.31
11,Blue Mountains,2000,foliage discoloration,4859,437.31
11,Blue Mountains,2000,larch casebearer,130,11.7
11,Blue Mountains,2000,mountain pine beetle,20698,1862.82
11,Blue Mountains,2000,needlecast,288,25.92
11,Blue Mountains,2000,pine engraver,54,4.86
11,Blue Mountains,2000,satin moth,265,23.85
11,Blue Mountains,2000,spruce beetle,6336,570.24
11,Blue Mountains,2000,western balsam bark beetle,3115,280.35
11,Blue Mountains,2000,western pine beetle,8820,793.8
11,Blue Mountains,2000,western spruce budworm,3959,356.31
11,Blue Mountains,2000,white pine blister rust,1946,175.14
11,Blue Mountains,2000,wild fire,68874,6198.66
11,Blue Mountains,2000,wind-tornado/hurricane,132,11.88
11,Blue Mountains,2001,Douglas-fir beetle,69801,6282.09
11,Blue Mountains,2001,Douglas-fir tussock moth,231070,20796.3
11,Blue Mountains,2001,Gelechiid moths/needleminers,2190,197.1
11,Blue Mountains,2001,balsam woolly adelgid,84431,7598.79
11,Blue Mountains,2001,bears,35,3.15
11,Blue Mountains,2001,fir engraver,21816,1963.44
11,Blue Mountains,2001,foliage discoloration,2399,215.91
11,Blue Mountains,2001,larch casebearer,6175,555.75
11,Blue Mountains,2001,mountain pine beetle,84782,7630.38
11,Blue Mountains,2001,needlecast,12578,1132.02
11,Blue Mountains,2001,pine engraver,469,42.21
11,Blue Mountains,2001,pine needle sheathminer,658,59.22
11,Blue Mountains,2001,satin moth,43,3.87
11,Blue Mountains,2001,spruce beetle,2663,239.67
11,Blue Mountains,2001,western balsam bark beetle,38030,3422.7
11,Blue Mountains,2001,western pine beetle,10400,936.0
11,Blue Mountains,2001,white pine blister rust,28018,2521.62
11,Blue Mountains,2002,Douglas-fir beetle,174795,15731.55
11,Blue Mountains,2002,Douglas-fir tussock moth,74272,6684.48
11,Blue Mountains,2002,balsam woolly adelgid,173202,15588.18
11,Blue Mountains,2002,fir engraver,276671,24900.39
11,Blue Mountains,2002,foliage discoloration,1055,94.95
11,Blue Mountains,2002,larch casebearer,28,2.52
11,Blue Mountains,2002,mountain pine beetle,154228,13880.52
11,Blue Mountains,2002,needlecast,1166,104.94
11,Blue Mountains,2002,pine engraver,3374,303.66
11,Blue Mountains,2002,satin moth,221,19.89
11,Blue Mountains,2002,spruce beetle,584,52.56
11,Blue Mountains,2002,western balsam bark beetle,950,85.5
11,Blue Mountains,2002,western pine beetle,11131,1001.79
11,Blue Mountains,2002,western spruce budworm,8526,767.34
11,Blue Mountains,2002,white pine blister rust,5899,530.91
11,Blue Mountains,2002,wild fire,122303,11007.27
11,Blue Mountains,2002,wind-tornado/hurricane,862,77.58
11,Blue Mountains,2003,Douglas-fir beetle,36486,3283.74
11,Blue Mountains,2003,Douglas-fir engraver,562,50.58
11,Blue Mountains,2003,Douglas-fir tussock moth,3344,300.96
11,Blue Mountains,2003,balsam woolly adelgid,249223,22430.07
11,Blue Mountains,2003,black pineleaf scale,9,0.81
11,Blue Mountains,2003,fir engraver,1089085,98017.65
11,Blue Mountains,2003,foliage discoloration,2442,219.78
11,Blue Mountains,2003,larch casebearer,23450,2110.5
11,Blue Mountains,2003,mountain pine beetle,230112,20710.08
11,Blue Mountains,2003,mud-land slide,299,26.91
11,Blue Mountains,2003,needlecast,14461,1301.49
11,Blue Mountains,2003,pine engraver,7613,685.17
11,Blue Mountains,2003,satin moth,1425,128.25
11,Blue Mountains,2003,western balsam bark beetle,5812,523.08
11,Blue Mountains,2003,western pine beetle,11401,1026.09
11,Blue Mountains,2003,western spruce budworm,17916,1612.44
11,Blue Mountains,2003,white pine blister rust,21823,1964.07
11,Blue Mountains,2004,Douglas-fir beetle,15948,1435.32
11,Blue Mountains,2004,balsam woolly adelgid,224991,20249.19
11,Blue Mountains,2004,fir engraver,1123390,101105.1
11,Blue Mountains,2004,foliage discoloration,7275,654.75
11,Blue Mountains,2004,larch casebearer,16186,1456.74
11,Blue Mountains,2004,mountain pine beetle,179266,16133.94
11,Blue Mountains,2004,pine engraver,10920,982.8
11,Blue Mountains,2004,satin moth,158,14.22
11,Blue Mountains,2004,spruce beetle,109,9.81
11,Blue Mountains,2004,western balsam bark beetle,7325,659.25
11,Blue Mountains,2004,western pine beetle,262611,23634.99
11,Blue Mountains,2004,western spruce budworm,29241,2631.69
11,Blue Mountains,2004,white pine blister rust,109,9.81
11,Blue Mountains,2004,wild fire,28063,2525.67
11,Blue Mountains,2005,Douglas-fir beetle,23899,2150.91
11,Blue Mountains,2005,balsam woolly adelgid,281288,25315.92
11,Blue Mountains,2005,fir engraver,428441,38559.69
11,Blue Mountains,2005,larch casebearer,7754,697.86
11,Blue Mountains,2005,mountain pine beetle,131807,11862.63
11,Blue Mountains,2005,needlecast,2775,249.75
11,Blue Mountains,2005,pine engraver,1514,136.26
11,Blue Mountains,2005,satin moth,675,60.75
11,Blue Mountains,2005,spruce beetle,891,80.19
11,Blue Mountains,2005,western balsam bark beetle,12518,1126.62
11,Blue Mountains,2005,western pine beetle,91964,8276.76
11,Blue Mountains,2005,western spruce budworm,1137,102.33
11,Blue Mountains,2006,Douglas-fir beetle,16268,1464.12
11,Blue Mountains,2006,Douglas-fir engraver,21,1.89
11,Blue Mountains,2006,balsam woolly adelgid,178706,16083.54
11,Blue Mountains,2006,bears,158,14.22
11,Blue Mountains,2006,fir engraver,197728,17795.52
11,Blue Mountains,2006,fire,788,70.92
11,Blue Mountains,2006,foliage discoloration,321,28.89
11,Blue Mountains,2006,mountain pine beetle,121519,10936.71
11,Blue Mountains,2006,needlecast,507,45.63
11,Blue Mountains,2006,pine engraver,2931,263.79
11,Blue Mountains,2006,satin moth,64,5.76
11,Blue Mountains,2006,spruce beetle,1185,106.65
11,Blue Mountains,2006,western balsam bark beetle,16178,1456.02
11,Blue Mountains,2006,western pine beetle,63233,5690.97
11,Blue Mountains,2006,western spruce budworm,173269,15594.21
11,Blue Mountains,2006,white pine blister rust,2671,240.39
11,Blue Mountains,2007,Douglas-fir beetle,155444,13989.96
11,Blue Mountains,2007,Lophodermium needle cast of pines,81,7.29
11,Blue Mountains,2007,balsam woolly adelgid,492642,44337.78
11,Blue Mountains,2007,fir engraver,148872,13398.48
11,Blue Mountains,2007,fire,6194,557.46
11,Blue Mountains,2007,foliage discoloration,1863,167.67
11,Blue Mountains,2007,hail,468,42.12
11,Blue Mountains,2007,larch casebearer,364492,32804.28
11,Blue Mountains,2007,mountain pine beetle,176542,15888.78
11,Blue Mountains,2007,needlecast,4019,361.71
11,Blue Mountains,2007,pine engraver,1033,92.97
11,Blue Mountains,2007,satin moth,95,8.55
11,Blue Mountains,2007,snow-ice,8463,761.67
11,Blue Mountains,2007,spruce beetle,1153,103.77
11,Blue Mountains,2007,western balsam bark beetle,10,0.9
11,Blue Mountains,2007,western pine beetle,22340,2010.6
11,Blue Mountains,2007,western spruce budworm,441390,39725.1
11,Blue Mountains,2007,white pine blister rust,1555,139.95
11,Blue Mountains,2008,Douglas-fir beetle,207332,18659.88
11,Blue Mountains,2008,Douglas-fir tussock moth,501,45.09
11,Blue Mountains,2008,Lophodermium needle cast of pines,111,9.99
11,Blue Mountains,2008,balsam woolly adelgid,391335,35220.15
11,Blue Mountains,2008,black pineleaf scale,247,22.23
11,Blue Mountains,2008,fir engraver,226687,20401.83
11,Blue Mountains,2008,fire,7751,697.59
11,Blue Mountains,2008,frost,39,3.51
11,Blue Mountains,2008,larch casebearer,179954,16195.86
11,Blue Mountains,2008,mountain pine beetle,186921,16822.89
11,Blue Mountains,2008,needlecast,3914,352.26
11,Blue Mountains,2008,pine engraver,542,48.78
11,Blue Mountains,2008,root diseases/decay,9,0.81
11,Blue Mountains,2008,satin moth,3893,350.37
11,Blue Mountains,2008,spruce beetle,39,3.51
11,Blue Mountains,2008,western pine beetle,41529,3737.61
11,Blue Mountains,2008,western spruce budworm,45120,4060.8
11,Blue Mountains,2008,wind-tornado/hurricane,11,0.99
11,Blue Mountains,2009,Douglas-fir beetle,127567,11481.03
11,Blue Mountains,2009,Douglas-fir engraver,9,0.81
11,Blue Mountains,2009,Lophodermium needle cast of pines,797,71.73
11,Blue Mountains,2009,balsam woolly adelgid,468540,42168.6
11,Blue Mountains,2009,bears,10,0.9
11,Blue Mountains,2009,fir engraver,172851,15556.59
11,Blue Mountains,2009,fire,91975,8277.75
11,Blue Mountains,2009,foliage discoloration,151,13.59
11,Blue Mountains,2009,larch casebearer,44405,3996.45
11,Blue Mountains,2009,larch needle cast,3883,349.47
11,Blue Mountains,2009,mountain pine beetle,267130,24041.7
11,Blue Mountains,2009,needlecast,186,16.74
11,Blue Mountains,2009,pine butterfly,17975,1617.75
11,Blue Mountains,2009,pine engraver,292,26.28
11,Blue Mountains,2009,ponderosa pine sawfly,555,49.95
11,Blue Mountains,2009,satin moth,5264,473.76
11,Blue Mountains,2009,spruce beetle,9,0.81
11,Blue Mountains,2009,western pine beetle,48100,4329.0
11,Blue Mountains,2009,western spruce budworm,183493,16514.37
11,Blue Mountains,2010,Douglas-fir beetle,40311,3627.99
11,Blue Mountains,2010,balsam woolly adelgid,399380,35944.2
11,Blue Mountains,2010,fir engraver,85264,7673.76
11,Blue Mountains,2010,fire,4745,427.05
11,Blue Mountains,2010,flooding-high water,134,12.06
11,Blue Mountains,2010,larch casebearer,3385,304.65
11,Blue Mountains,2010,mountain pine beetle,328554,29569.86
11,Blue Mountains,2010,needlecast,12470,1122.3
11,Blue Mountains,2010,pine butterfly,107980,9718.2
11,Blue Mountains,2010,pine engraver,322,28.98
11,Blue Mountains,2010,root diseases/decay,438,39.42
11,Blue Mountains,2010,satin moth,2623,236.07
11,Blue Mountains,2010,spruce beetle,2455,220.95
11,Blue Mountains,2010,western pine beetle,250760,22568.4
11,Blue Mountains,2010,western spruce budworm,486273,43764.57
11,Blue Mountains,2010,western tent caterpillar,9,0.81
11,Blue Mountains,2010,white pine blister rust,1530,137.7
11,Blue Mountains,2010,wind-tornado/hurricane,9,0.81
11,Blue Mountains,2011,Douglas-fir beetle,16057,1445.13
11,Blue Mountains,2011,Douglas-fir tussock moth,40368,3633.12
11,Blue Mountains,2011,Lophodermium needle cast of pines,297,26.73
11,Blue Mountains,2011,balsam woolly adelgid,141247,12712.23
11,Blue Mountains,2011,bears,10,0.9
11,Blue Mountains,2011,decline complex,3299,296.91
11,Blue Mountains,2011,fir engraver,20832,1874.88
11,Blue Mountains,2011,fire,49296,4436.64
11,Blue Mountains,2011,flooding-high water,10,0.9
11,Blue Mountains,2011,larch casebearer,13705,1233.45
11,Blue Mountains,2011,larch needle cast,9804,882.36
11,Blue Mountains,2011,mountain pine beetle,240068,21606.12
11,Blue Mountains,2011,needlecast,613,55.17
11,Blue Mountains,2011,pine butterfly,1122112,100990.08
11,Blue Mountains,2011,pine engraver,72,6.48
11,Blue Mountains,2011,ponderosa pine sawfly,51286,4615.74
11,Blue Mountains,2011,spruce beetle,44,3.96
11,Blue Mountains,2011,western pine beetle,94181,8476.29
11,Blue Mountains,2011,western spruce budworm,1151517,103636.53
11,Blue Mountains,2012,Cytospora canker of fir,2341,210.69
11,Blue Mountains,2012,Douglas-fir beetle,19253,1732.77
11,Blue Mountains,2012,Douglas-fir tussock moth,46630,4196.7
11,Blue Mountains,2012,Lophodermium needle cast of pines,455,40.95
11,Blue Mountains,2012,balsam woolly adelgid,172255,15502.95
11,Blue Mountains,2012,bears,182,16.38
11,Blue Mountains,2012,decline complex,3995,359.55
11,Blue Mountains,2012,fir engraver,6876,618.84
11,Blue Mountains,2012,fire,8699,782.91
11,Blue Mountains,2012,larch casebearer,3741,336.69
11,Blue Mountains,2012,larch needle cast,4622,415.98
11,Blue Mountains,2012,mountain pine beetle,160239,14421.51
11,Blue Mountains,2012,mud-land slide,106,9.54
11,Blue Mountains,2012,needlecast,917,82.53
11,Blue Mountains,2012,pine butterfly,409409,36846.81
11,Blue Mountains,2012,pine engraver,244,21.96
11,Blue Mountains,2012,satin moth,151,13.59
11,Blue Mountains,2012,spruce beetle,228,20.52
11,Blue Mountains,2012,western pine beetle,23373,2103.57
11,Blue Mountains,2012,western spruce budworm,355857,32027.13
11,Blue Mountains,2013,Douglas-fir beetle,58990,5309.1
11,Blue Mountains,2013,Lophodermium needle cast of pines,79,7.11
11,Blue Mountains,2013,balsam woolly adelgid,159222,14329.98
11,Blue Mountains,2013,decline complex,571,51.39
11,Blue Mountains,2013,fir engraver,15982,1438.38
11,Blue Mountains,2013,fire,15515,1396.35
11,Blue Mountains,2013,flooding-high water,36,3.24
11,Blue Mountains,2013,larch casebearer,1991,179.19
11,Blue Mountains,2013,larch needle cast,5370,483.3
11,Blue Mountains,2013,mountain pine beetle,334761,30128.49
11,Blue Mountains,2013,no data,29,2.61
11,Blue Mountains,2013,pine engraver,313,28.17
11,Blue Mountains,2013,satin moth,261,23.49
11,Blue Mountains,2013,western pine beetle,17579,1582.11
11,Blue Mountains,2013,western spruce budworm,1432,128.88
11,Blue Mountains,2014,Douglas-fir beetle,80030,7202.7
11,Blue Mountains,2014,Lophodermium needle cast of pines,87,7.83
11,Blue Mountains,2014,balsam woolly adelgid,371391,33425.19
11,Blue Mountains,2014,decline complex,395,35.55
11,Blue Mountains,2014,fir engraver,95813,8623.17
11,Blue Mountains,2014,fire,10834,975.06
11,Blue Mountains,2014,larch needle cast,3189,287.01
11,Blue Mountains,2014,mountain pine beetle,439730,39575.7
11,Blue Mountains,2014,needlecast,12527,1127.43
11,Blue Mountains,2014,pine engraver,2092,188.28
11,Blue Mountains,2014,western pine beetle,38509,3465.81
11,Blue Mountains,2014,western spruce budworm,6005,540.45
11,Blue Mountains,2015,Douglas-fir beetle,34780,3130.2
11,Blue Mountains,2015,Lophodermium needle cast of pines,19951,1795.59
11,Blue Mountains,2015,balsam woolly adelgid,171705,15453.45
11,Blue Mountains,2015,fir engraver,182361,16412.49
11,Blue Mountains,2015,flooding-high water,8,0.72
11,Blue Mountains,2015,larch casebearer,1511,135.99
11,Blue Mountains,2015,larch needle cast,343,30.87
11,Blue Mountains,2015,mountain pine beetle,674442,60699.78
11,Blue Mountains,2015,needlecast,19998,1799.82
11,Blue Mountains,2015,pine engraver,3457,311.13
11,Blue Mountains,2015,satin moth,455,40.95
11,Blue Mountains,2015,unknown,706,63.54
11,Blue Mountains,2015,western pine beetle,279691,25172.19
11,Blue Mountains,2015,western spruce budworm,15599,1403.91
11,Blue Mountains,2015,wild fire,19591,1763.19
11,Blue Mountains,2016,Douglas-fir beetle,45632,4106.88
11,Blue Mountains,2016,Douglas-fir engraver,4724,425.16
11,Blue Mountains,2016,Lophodermium needle cast of pines,4281,385.29
11,Blue Mountains,2016,balsam woolly adelgid,138638,12477.42
11,Blue Mountains,2016,drought,4692,422.28
11,Blue Mountains,2016,fir engraver,284988,25648.92
11,Blue Mountains,2016,fire,69959,6296.31
11,Blue Mountains,2016,larch casebearer,3318,298.62
11,Blue Mountains,2016,larch needle cast,18,1.62
11,Blue Mountains,2016,mountain pine beetle,649934,58494.06
11,Blue Mountains,2016,needlecast,492,44.28
11,Blue Mountains,2016,pine engraver,9570,861.3
11,Blue Mountains,2016,unknown,148,13.32
11,Blue Mountains,2016,western pine beetle,344242,30981.78
11,Blue Mountains,2017,Douglas-fir beetle,263422,23707.98
11,Blue Mountains,2017,balsam woolly adelgid,173343,15600.87
11,Blue Mountains,2017,fir engraver,500726,45065.34
11,Blue Mountains,2017,fire,169687,15271.83
11,Blue Mountains,2017,ips engraver beetles,2018,181.62
11,Blue Mountains,2017,larch casebearer,1936,174.24
11,Blue Mountains,2017,mountain pine beetle,188890,17000.1
11,Blue Mountains,2017,needlecast,3985,358.65
11,Blue Mountains,2017,unknown,2132,191.88
11,Blue Mountains,2017,western pine beetle,423848,38146.32
11,Blue Mountains,2018,Douglas-fir beetle,44925,4043.25
11,Blue Mountains,2018,Douglas-fir tussock moth,42414,3817.26
11,Blue Mountains,2018,Lophodermium needle cast of pines,76,6.84
11,Blue Mountains,2018,balsam woolly adelgid,65475,5892.75
11,Blue Mountains,2018,fir engraver,1126671,101400.39
11,Blue Mountains,2018,fire,4395,395.55
11,Blue Mountains,2018,ips engraver beetles,4466,401.94
11,Blue Mountains,2018,larch casebearer,1064,95.76
11,Blue Mountains,2018,larch needle cast,21995,1979.55
11,Blue Mountains,2018,mountain pine beetle,188524,16967.16
11,Blue Mountains,2018,satin moth,25,2.25
11,Blue Mountains,2018,unknown,173,15.57
11,Blue Mountains,2018,unknown root disease or decay,30,2.7
11,Blue Mountains,2018,western pine beetle,388515,34966.35
11,Blue Mountains,2019,Douglas-fir beetle,38224,3440.16
11,Blue Mountains,2019,Douglas-fir tussock moth,63986,5758.74
11,Blue Mountains,2019,Lophodermium needle cast of pines,771,69.39
11,Blue Mountains,2019,balsam woolly adelgid,45379,4084.11
11,Blue Mountains,2019,fir engraver,1768212,159139.08
11,Blue Mountains,2019,fire,2152,193.68
11,Blue Mountains,2019,ips engraver beetles,953,85.77
11,Blue Mountains,2019,larch casebearer,3983,358.47
11,Blue Mountains,2019,larch needle cast,12745,1147.05
11,Blue Mountains,2019,mountain pine beetle,92071,8286.39
11,Blue Mountains,2019,needlecast,1202,108.18
11,Blue Mountains,2019,satin moth,328,29.52
11,Blue Mountains,2019,unknown,289,26.01
11,Blue Mountains,2019,unknown defoliator,2389,215.01
11,Blue Mountains,2019,western pine beetle,189914,17092.26
11,Blue Mountains,2019,western spruce budworm,852,76.68
11,Blue Mountains,2019,wind-tornado/hurricane,252,22.68
11,Blue Mountains,2020,Douglas-fir beetle,30651,2758.59
11,Blue Mountains,2020,Douglas-fir engraver,9004,810.36
11,Blue Mountains,2020,Douglas-fir tussock moth,24898,2240.82
11,Blue Mountains,2020,balsam woolly adelgid,2640,237.6
11,Blue Mountains,2020,fir engraver,847795,76301.55
11,Blue Mountains,2020,fire,1603,144.27
11,Blue Mountains,2020,ips engraver beetles,200,18.0
11,Blue Mountains,2020,mountain pine beetle,29889,2690.01
11,Blue Mountains,2020,needlecast,5,0.45
11,Blue Mountains,2020,unknown,28084,2527.56
11,Blue Mountains,2020,unknown defoliator,1837,165.33
11,Blue Mountains,2020,western balsam bark beetle,9,0.81
11,Blue Mountains,2020,western pine beetle,68056,6125.04
11,Blue Mountains,2020,western spruce budworm,553,49.77
11,Blue Mountains,2020,western tent caterpillar,687,61.83
11,Blue Mountains,2021,Douglas-fir beetle,24378,2194.02
11,Blue Mountains,2021,Douglas-fir engraver,126,11.34
11,Blue Mountains,2021,Douglas-fir tussock moth,57547,5179.23
11,Blue Mountains,2021,Lophodermium needle cast of pines,730,65.7
11,Blue Mountains,2021,balsam woolly adelgid,4919,442.71
11,Blue Mountains,2021,drought,364,32.76
11,Blue Mountains,2021,fir engraver,429120,38620.8
11,Blue Mountains,2021,ips engraver beetles,1499,134.91
11,Blue Mountains,2021,larch casebearer,3314,298.26
11,Blue Mountains,2021,larch needle cast,1029,92.61
11,Blue Mountains,2021,mountain pine beetle,244163,21974.67
11,Blue Mountains,2021,ponderosa pine sawfly,213,19.17
11,Blue Mountains,2021,unknown,112,10.08
11,Blue Mountains,2021,unknown defoliator,258,23.22
11,Blue Mountains,2021,western balsam bark beetle,1375,123.75
11,Blue Mountains,2021,western pine beetle,91107,8199.63
11,Blue Mountains,2021,western tent caterpillar,30,2.7
11,Blue Mountains,2022,Diplodia canker,2234,201.06
11,Blue Mountains,2022,Douglas-fir beetle,119326,10739.34
11,Blue Mountains,2022,Douglas-fir engraver,474,42.66
11,Blue Mountains,2022,Douglas-fir tussock moth,3926,353.34
11,Blue Mountains,2022,Lophodermium needle cast of pines,48,4.32
11,Blue Mountains,2022,balsam woolly adelgid,15231,1370.79
11,Blue Mountains,2022,bears,910,81.9
11,Blue Mountains,2022,drought,493,44.37
11,Blue Mountains,2022,fir engraver,2303244,207291.96
11,Blue Mountains,2022,ips engraver beetles,12955,1165.95
11,Blue Mountains,2022,larch casebearer,4139,372.51
11,Blue Mountains,2022,larch needle cast,7026,632.34
11,Blue Mountains,2022,mountain pine beetle,175737,15816.33
11,Blue Mountains,2022,needlecast,300,27.0
11,Blue Mountains,2022,silver fir beetle,65,5.85
11,Blue Mountains,2022,unknown,960,86.4
11,Blue Mountains,2022,unknown defoliator,1984,178.56
11,Blue Mountains,2022,western balsam bark beetle,4359,392.31
11,Blue Mountains,2022,western pine beetle,684503,61605.27
11,Blue Mountains,2023,Diplodia canker,4470,402.3
11,Blue Mountains,2023,Douglas-fir beetle,430902,38781.18
11,Blue Mountains,2023,Douglas-fir engraver,6282,565.38
11,Blue Mountains,2023,balsam woolly adelgid,140245,12622.05
11,Blue Mountains,2023,drought,1543,138.87
11,Blue Mountains,2023,fir engraver,2513387,226204.83
11,Blue Mountains,2023,ips engraver beetles,19614,1765.26
11,Blue Mountains,2023,larch casebearer,1270,114.3
11,Blue Mountains,2023,larch needle cast,967,87.03
11,Blue Mountains,2023,mountain pine beetle,458703,41283.27
11,Blue Mountains,2023,ponderosa pine sawfly,464,41.76
11,Blue Mountains,2023,unknown,13327,1199.43
11,Blue Mountains,2023,unknown defoliator,69,6.21
11,Blue Mountains,2023,western balsam bark beetle,2537,228.33
11,Blue Mountains,2023,western pine beetle,1488717,133984.53
11,Blue Mountains,2023,winter injury,1227,110.43
11,Blue Mountains,2024,Douglas-fir beetle,113353,10201.77
11,Blue Mountains,2024,Douglas-fir engraver,166,14.94
11,Blue Mountains,2024,balsam woolly adelgid,102713,9244.17
11,Blue Mountains,2024,drought,67,6.03
11,Blue Mountains,2024,fir engraver,248516,22366.44
11,Blue Mountains,2024,fire,1219,109.71
11,Blue Mountains,2024,ips engraver beetles,11150,1003.5
11,Blue Mountains,2024,larch casebearer,10768,969.12
11,Blue Mountains,2024,mountain pine beetle,332475,29922.75
11,Blue Mountains,2024,unknown,581,52.29
11,Blue Mountains,2024,unknown defoliator,2043,183.87
11,Blue Mountains,2024,western balsam bark beetle,1045,94.05
11,Blue Mountains,2024,western pine beetle,523112,47080.08
11,Blue Mountains,2025,Douglas-fir beetle,30215,2719.35
11,Blue Mountains,2025,Lophodermium needle cast of pines,610,54.9
11,Blue Mountains,2025,balsam woolly adelgid,21856,1967.04
11,Blue Mountains,2025,fir engraver,250286,22525.74
11,Blue Mountains,2025,fire,2251,202.59
11,Blue Mountains,2025,ips engraver beetles,6431,578.79
11,Blue Mountains,2025,larch casebearer,38938,3504.42
11,Blue Mountains,2025,larch needle cast,289,26.01
11,Blue Mountains,2025,mountain pine beetle,301694,27152.46
11,Blue Mountains,2025,unknown,103,9.27
11,Blue Mountains,2025,unknown defoliator,998,89.82
11,Blue Mountains,2025,western balsam bark beetle,2195,197.55
11,Blue Mountains,2025,western pine beetle,156887,14119.83
15,Northern Rockies,1997,Douglas-fir beetle,8274,744.66
15,Northern Rockies,1997,Douglas-fir engraver,336,30.24
15,Northern Rockies,1997,Lophodermella needle cast of pines,510,45.9
15,Northern Rockies,1997,balsam woolly adelgid,319,28.71
15,Northern Rockies,1997,bears,4192,377.28
15,Northern Rockies,1997,dieback,58,5.22
15,Northern Rockies,1997,fir engraver,8814,793.26
15,Northern Rockies,1997,fire,693,62.37
15,Northern Rockies,1997,flooding-high water,895,80.55
15,Northern Rockies,1997,larch needle cast,1576606,141894.54
15,Northern Rockies,1997,mountain pine beetle,45252,4072.68
15,Northern Rockies,1997,mud-land slide,34,3.06
15,Northern Rockies,1997,needlecast,1886,169.74
15,Northern Rockies,1997,pine engraver,56,5.04
15,Northern Rockies,1997,satin moth,788,70.92
15,Northern Rockies,1997,silver fir beetle,535,48.15
15,Northern Rockies,1997,spruce beetle,23,2.07
15,Northern Rockies,1997,western balsam bark beetle,7823,704.07
15,Northern Rockies,1997,western pine beetle,9126,821.34
15,Northern Rockies,1997,western spruce budworm,29751,2677.59
15,Northern Rockies,1997,white pine blister rust,103,9.27
15,Northern Rockies,1997,wind-tornado/hurricane,15461,1391.49
15,Northern Rockies,1997,winter injury,227,20.43
15,Northern Rockies,1998,Douglas-fir beetle,18085,1627.65
15,Northern Rockies,1998,Douglas-fir engraver,224,20.16
15,Northern Rockies,1998,bears,1596,143.64
15,Northern Rockies,1998,decline complex,7214,649.26
15,Northern Rockies,1998,fir engraver,6391,575.19
15,Northern Rockies,1998,frost,1490,134.1
15,Northern Rockies,1998,larch bud moth,9584,862.56
15,Northern Rockies,1998,mountain pine beetle,21080,1897.2
15,Northern Rockies,1998,needlecast,11714,1054.26
15,Northern Rockies,1998,pine engraver,45,4.05
15,Northern Rockies,1998,satin moth,727,65.43
15,Northern Rockies,1998,spruce beetle,156,14.04
15,Northern Rockies,1998,western balsam bark beetle,2242,201.78
15,Northern Rockies,1998,western pine beetle,43979,3958.11
15,Northern Rockies,1998,wild fire,95,8.55
15,Northern Rockies,1999,Douglas-fir beetle,97669,8790.21
15,Northern Rockies,1999,Douglas-fir engraver,33,2.97
15,Northern Rockies,1999,Douglas-fir rust,282,25.38
15,Northern Rockies,1999,Douglas-fir tussock moth,490,44.1
15,Northern Rockies,1999,Gelechiid moths/needleminers,1393,125.37
15,Northern Rockies,1999,bears,4018,361.62
15,Northern Rockies,1999,fir engraver,13747,1237.23
15,Northern Rockies,1999,frost,682,61.38
15,Northern Rockies,1999,larch casebearer,2393,215.37
15,Northern Rockies,1999,mountain pine beetle,15188,1366.92
15,Northern Rockies,1999,mud-land slide,218,19.62
15,Northern Rockies,1999,needlecast,13821,1243.89
15,Northern Rockies,1999,pine engraver,6666,599.94
15,Northern Rockies,1999,root diseases/decay,119,10.71
15,Northern Rockies,1999,satin moth,2575,231.75
15,Northern Rockies,1999,snow-ice,96,8.64
15,Northern Rockies,1999,western balsam bark beetle,1955,175.95
15,Northern Rockies,1999,western pine beetle,16231,1460.79
15,Northern Rockies,1999,white pine blister rust,1226,110.34
15,Northern Rockies,1999,wild fire,1714,154.26
15,Northern Rockies,1999,wind-tornado/hurricane,136,12.24
15,Northern Rockies,2000,Douglas-fir beetle,203000,18270.0
15,Northern Rockies,2000,Douglas-fir engraver,47,4.23
15,Northern Rockies,2000,Douglas-fir rust,349,31.41
15,Northern Rockies,2000,Gelechiid moths/needleminers,2320,208.8
15,Northern Rockies,2000,balsam woolly adelgid,243,21.87
15,Northern Rockies,2000,bears,1961,176.49
15,Northern Rockies,2000,decline complex,50,4.5
15,Northern Rockies,2000,fir engraver,3177,285.93
15,Northern Rockies,2000,foliage discoloration,824,74.16
15,Northern Rockies,2000,frost,51,4.59
15,Northern Rockies,2000,green larch looper,115,10.35
15,Northern Rockies,2000,larch casebearer,5607,504.63
15,Northern Rockies,2000,mountain pine beetle,7453,670.77
15,Northern Rockies,2000,needlecast,890,80.1
15,Northern Rockies,2000,root diseases/decay,79,7.11
15,Northern Rockies,2000,satin moth,199,17.91
15,Northern Rockies,2000,spruce beetle,462,41.58
15,Northern Rockies,2000,western balsam bark beetle,3099,278.91
15,Northern Rockies,2000,western pine beetle,7333,659.97
15,Northern Rockies,2000,western spruce budworm,423,38.07
15,Northern Rockies,2000,western tent caterpillar,26,2.34
15,Northern Rockies,2000,white pine blister rust,57,5.13
15,Northern Rockies,2001,Douglas-fir beetle,299605,26964.45
15,Northern Rockies,2001,Douglas-fir engraver,325,29.25
15,Northern Rockies,2001,Douglas-fir tussock moth,1078,97.02
15,Northern Rockies,2001,balsam woolly adelgid,613,55.17
15,Northern Rockies,2001,bears,1467,132.03
15,Northern Rockies,2001,decline complex,132,11.88
15,Northern Rockies,2001,fir engraver,3974,357.66
15,Northern Rockies,2001,foliage discoloration,1778,160.02
15,Northern Rockies,2001,frost,26,2.34
15,Northern Rockies,2001,green larch looper,962,86.58
15,Northern Rockies,2001,mountain pine beetle,27107,2439.63
15,Northern Rockies,2001,needlecast,9664,869.76
15,Northern Rockies,2001,pine engraver,1246,112.14
15,Northern Rockies,2001,pine needle scale,3109,279.81
15,Northern Rockies,2001,ponderosa pine sawfly,635,57.15
15,Northern Rockies,2001,root diseases/decay,234,21.06
15,Northern Rockies,2001,satin moth,470,42.3
15,Northern Rockies,2001,sawflies,187,16.83
15,Northern Rockies,2001,spruce aphid,216,19.44
15,Northern Rockies,2001,spruce beetle,23555,2119.95
15,Northern Rockies,2001,western balsam bark beetle,20060,1805.4
15,Northern Rockies,2001,western pine beetle,15206,1368.54
15,Northern Rockies,2001,white pine blister rust,112,10.08
15,Northern Rockies,2001,wild fire,1051,94.59
15,Northern Rockies,2002,Douglas-fir beetle,159109,14319.81
15,Northern Rockies,2002,Douglas-fir tussock moth,112,10.08
15,Northern Rockies,2002,Gelechiid moths/needleminers,70,6.3
15,Northern Rockies,2002,balsam woolly adelgid,3278,295.02
15,Northern Rockies,2002,bears,2609,234.81
15,Northern Rockies,2002,fir engraver,97640,8787.6
15,Northern Rockies,2002,foliage discoloration,40,3.6
15,Northern Rockies,2002,mountain pine beetle,10942,984.78
15,Northern Rockies,2002,needlecast,327,29.43
15,Northern Rockies,2002,pine engraver,1060,95.4
15,Northern Rockies,2002,root diseases/decay,60,5.4
15,Northern Rockies,2002,satin moth,259,23.31
15,Northern Rockies,2002,spruce beetle,964,86.76
15,Northern Rockies,2002,western balsam bark beetle,30718,2764.62
15,Northern Rockies,2002,western oak looper,51,4.59
15,Northern Rockies,2002,western pine beetle,15737,1416.33
15,Northern Rockies,2002,western spruce budworm,1106,99.54
15,Northern Rockies,2002,white pine blister rust,23,2.07
15,Northern Rockies,2002,wild fire,106,9.54
15,Northern Rockies,2002,wind-tornado/hurricane,157,14.13
15,Northern Rockies,2003,Douglas-fir beetle,201223,18110.07
15,Northern Rockies,2003,Douglas-fir engraver,5494,494.46
15,Northern Rockies,2003,bears,6400,576.0
15,Northern Rockies,2003,decline complex,111,9.99
15,Northern Rockies,2003,fir engraver,755206,67968.54
15,Northern Rockies,2003,larch casebearer,50767,4569.03
15,Northern Rockies,2003,mountain pine beetle,73421,6607.89
15,Northern Rockies,2003,needlecast,345,31.05
15,Northern Rockies,2003,pine engraver,15446,1390.14
15,Northern Rockies,2003,satin moth,1535,138.15
15,Northern Rockies,2003,spruce beetle,15270,1374.3
15,Northern Rockies,2003,western balsam bark beetle,60972,5487.48
15,Northern Rockies,2003,western pine beetle,435701,39213.09
15,Northern Rockies,2003,western tent caterpillar,79,7.11
15,Northern Rockies,2003,white pine blister rust,52,4.68
15,Northern Rockies,2003,wild fire,27522,2476.98
15,Northern Rockies,2003,wind-tornado/hurricane,149,13.41
15,Northern Rockies,2003,winter injury,142,12.78
15,Northern Rockies,2004,Douglas-fir beetle,135407,12186.63
15,Northern Rockies,2004,Douglas-fir engraver,5302,477.18
15,Northern Rockies,2004,Lophodermella needle cast of pines,158,14.22
15,Northern Rockies,2004,bears,4318,388.62
15,Northern Rockies,2004,decline complex,1502,135.18
15,Northern Rockies,2004,fir engraver,736144,66252.96
15,Northern Rockies,2004,foliage discoloration,2686,241.74
15,Northern Rockies,2004,frost,437,39.33
15,Northern Rockies,2004,larch casebearer,6851,616.59
15,Northern Rockies,2004,mountain pine beetle,260287,23425.83
15,Northern Rockies,2004,needlecast,247,22.23
15,Northern Rockies,2004,pine engraver,42093,3788.37
15,Northern Rockies,2004,root diseases/decay,834,75.06
15,Northern Rockies,2004,satin moth,1044,93.96
15,Northern Rockies,2004,spruce beetle,9471,852.39
15,Northern Rockies,2004,western balsam bark beetle,74424,6698.16
15,Northern Rockies,2004,western pine beetle,384581,34612.29
15,Northern Rockies,2004,western spruce budworm,563,50.67
15,Northern Rockies,2004,western tent caterpillar,103,9.27
15,Northern Rockies,2004,wild fire,847,76.23
15,Northern Rockies,2004,wind-tornado/hurricane,258,23.22
15,Northern Rockies,2005,Douglas-fir beetle,116611,10494.99
15,Northern Rockies,2005,Douglas-fir engraver,79,7.11
15,Northern Rockies,2005,balsam woolly adelgid,6210,558.9
15,Northern Rockies,2005,bears,6144,552.96
15,Northern Rockies,2005,decline complex,764,68.76
15,Northern Rockies,2005,fir engraver,642730,57845.7
15,Northern Rockies,2005,foliage discoloration,29,2.61
15,Northern Rockies,2005,maple decline,9,0.81
15,Northern Rockies,2005,mountain pine beetle,761845,68566.05
15,Northern Rockies,2005,needlecast,2803,252.27
15,Northern Rockies,2005,pine engraver,18138,1632.42
15,Northern Rockies,2005,satin moth,292,26.28
15,Northern Rockies,2005,spruce beetle,2501,225.09
15,Northern Rockies,2005,western balsam bark beetle,46154,4153.86
15,Northern Rockies,2005,western pine beetle,113507,10215.63
15,Northern Rockies,2005,western spruce budworm,25112,2260.08
15,Northern Rockies,2005,wild fire,1882,169.38
15,Northern Rockies,2006,Douglas-fir beetle,32370,2913.3
15,Northern Rockies,2006,Douglas-fir engraver,37,3.33
15,Northern Rockies,2006,bears,3669,330.21
15,Northern Rockies,2006,black pineleaf scale,7038,633.42
15,Northern Rockies,2006,decline complex,8,0.72
15,Northern Rockies,2006,fir engraver,88244,7941.96
15,Northern Rockies,2006,fire,6619,595.71
15,Northern Rockies,2006,foliage discoloration,1038,93.42
15,Northern Rockies,2006,frost,271,24.39
15,Northern Rockies,2006,mortality,42,3.78
15,Northern Rockies,2006,mountain pine beetle,168199,15137.91
15,Northern Rockies,2006,needlecast,63427,5708.43
15,Northern Rockies,2006,pine engraver,780,70.2
15,Northern Rockies,2006,satin moth,288,25.92
15,Northern Rockies,2006,spruce beetle,4011,360.99
15,Northern Rockies,2006,western balsam bark beetle,27168,2445.12
15,Northern Rockies,2006,western pine beetle,36568,3291.12
15,Northern Rockies,2006,western spruce budworm,5839,525.51
15,Northern Rockies,2007,Douglas-fir beetle,58359,5252.31
15,Northern Rockies,2007,balsam woolly adelgid,2844,255.96
15,Northern Rockies,2007,bears,50788,4570.92
15,Northern Rockies,2007,decline complex,220,19.8
15,Northern Rockies,2007,fir engraver,315396,28385.64
15,Northern Rockies,2007,fire,13510,1215.9
15,Northern Rockies,2007,foliage discoloration,743,66.87
15,Northern Rockies,2007,frost,1326,119.34
15,Northern Rockies,2007,mountain pine beetle,108142,9732.78
15,Northern Rockies,2007,needlecast,4707,423.63
15,Northern Rockies,2007,pine engraver,608,54.72
15,Northern Rockies,2007,root diseases/decay,292,26.28
15,Northern Rockies,2007,satin moth,55,4.95
15,Northern Rockies,2007,spruce beetle,2959,266.31
15,Northern Rockies,2007,western balsam bark beetle,91119,8200.71
15,Northern Rockies,2007,western pine beetle,23749,2137.41
15,Northern Rockies,2007,western spruce budworm,2692,242.28
15,Northern Rockies,2007,white pine blister rust,129,11.61
15,Northern Rockies,2007,wind-tornado/hurricane,83,7.47
15,Northern Rockies,2008,Douglas-fir beetle,23451,2110.59
15,Northern Rockies,2008,Douglas-fir engraver,9,0.81
15,Northern Rockies,2008,Douglas-fir tussock moth,322,28.98
15,Northern Rockies,2008,balsam woolly adelgid,189,17.01
15,Northern Rockies,2008,bears,13534,1218.06
15,Northern Rockies,2008,fir engraver,167534,15078.06
15,Northern Rockies,2008,fire,15637,1407.33
15,Northern Rockies,2008,frost,377,33.93
15,Northern Rockies,2008,larch casebearer,988,88.92
15,Northern Rockies,2008,mountain pine beetle,79277,7134.93
15,Northern Rockies,2008,needlecast,107771,9699.39
15,Northern Rockies,2008,pine engraver,893,80.37
15,Northern Rockies,2008,root diseases/decay,30,2.7
15,Northern Rockies,2008,silver fir beetle,10,0.9
15,Northern Rockies,2008,spruce beetle,75,6.75
15,Northern Rockies,2008,western balsam bark beetle,41670,3750.3
15,Northern Rockies,2008,western pine beetle,27387,2464.83
15,Northern Rockies,2008,western spruce budworm,51412,4627.08
15,Northern Rockies,2008,wind-tornado/hurricane,274,24.66
15,Northern Rockies,2009,Douglas-fir beetle,37624,3386.16
15,Northern Rockies,2009,Douglas-fir engraver,16,1.44
15,Northern Rockies,2009,Douglas-fir tussock moth,6806,612.54
15,Northern Rockies,2009,balsam woolly adelgid,20570,1851.3
15,Northern Rockies,2009,bears,14156,1274.04
15,Northern Rockies,2009,black pineleaf scale,179,16.11
15,Northern Rockies,2009,decline complex,547,49.23
15,Northern Rockies,2009,fir engraver,151789,13661.01
15,Northern Rockies,2009,fire,6656,599.04
15,Northern Rockies,2009,foliage discoloration,1282,115.38
15,Northern Rockies,2009,larch casebearer,966,86.94
15,Northern Rockies,2009,larch needle cast,928,83.52
15,Northern Rockies,2009,mountain pine beetle,136189,12257.01
15,Northern Rockies,2009,pine engraver,303,27.27
15,Northern Rockies,2009,root diseases/decay,905,81.45
15,Northern Rockies,2009,satin moth,965,86.85
15,Northern Rockies,2009,spruce beetle,18,1.62
15,Northern Rockies,2009,western balsam bark beetle,23663,2129.67
15,Northern Rockies,2009,western pine beetle,3783,340.47
15,Northern Rockies,2009,western spruce budworm,159093,14318.37
15,Northern Rockies,2009,western tent caterpillar,1050,94.5
15,Northern Rockies,2009,wind-tornado/hurricane,83,7.47
15,Northern Rockies,2009,winter injury,1999,179.91
15,Northern Rockies,2010,Douglas-fir beetle,7168,645.12
15,Northern Rockies,2010,Douglas-fir tussock moth,2704,243.36
15,Northern Rockies,2010,Lophodermium needle cast of pines,171,15.39
15,Northern Rockies,2010,balsam woolly adelgid,2031,182.79
15,Northern Rockies,2010,bears,11510,1035.9
15,Northern Rockies,2010,decline complex,1209,108.81
15,Northern Rockies,2010,fir engraver,83726,7535.34
15,Northern Rockies,2010,fire,16866,1517.94
15,Northern Rockies,2010,flooding-high water,277,24.93
15,Northern Rockies,2010,mountain pine beetle,306379,27574.11
15,Northern Rockies,2010,needlecast,25059,2255.31
15,Northern Rockies,2010,pine engraver,552,49.68
15,Northern Rockies,2010,pine needle scale,252,22.68
15,Northern Rockies,2010,root diseases/decay,6211,558.99
15,Northern Rockies,2010,satin moth,1174,105.66
15,Northern Rockies,2010,sawflies,599,53.91
15,Northern Rockies,2010,spruce beetle,53,4.77
15,Northern Rockies,2010,western balsam bark beetle,21309,1917.81
15,Northern Rockies,2010,western pine beetle,6285,565.65
15,Northern Rockies,2010,western spruce budworm,169633,15266.97
15,Northern Rockies,2010,western tent caterpillar,969,87.21
15,Northern Rockies,2010,wind-tornado/hurricane,83,7.47
15,Northern Rockies,2010,winter injury,36,3.24
15,Northern Rockies,2011,Douglas-fir beetle,2266,203.94
15,Northern Rockies,2011,Douglas-fir tussock moth,5257,473.13
15,Northern Rockies,2011,balsam woolly adelgid,4866,437.94
15,Northern Rockies,2011,bears,6488,583.92
15,Northern Rockies,2011,black pineleaf scale,9,0.81
15,Northern Rockies,2011,decline complex,308,27.72
15,Northern Rockies,2011,fir engraver,14192,1277.28
15,Northern Rockies,2011,fire,3357,302.13
15,Northern Rockies,2011,flooding-high water,370,33.3
15,Northern Rockies,2011,larch casebearer,49883,4489.47
15,Northern Rockies,2011,larch needle cast,1104,99.36
15,Northern Rockies,2011,mountain pine beetle,113725,10235.25
15,Northern Rockies,2011,pine engraver,161,14.49
15,Northern Rockies,2011,root diseases/decay,660,59.4
15,Northern Rockies,2011,satin moth,264,23.76
15,Northern Rockies,2011,western balsam bark beetle,5256,473.04
15,Northern Rockies,2011,western pine beetle,2920,262.8
15,Northern Rockies,2011,western spruce budworm,885898,79730.82
15,Northern Rockies,2011,winter injury,119,10.71
15,Northern Rockies,2012,Douglas-fir beetle,876,78.84
15,Northern Rockies,2012,Douglas-fir tussock moth,131,11.79
15,Northern Rockies,2012,Lophodermium needle cast of pines,2280,205.2
15,Northern Rockies,2012,balsam woolly adelgid,8702,783.18
15,Northern Rockies,2012,bears,17921,1612.89
15,Northern Rockies,2012,black pineleaf scale,18,1.62
15,Northern Rockies,2012,decline complex,2462,221.58
15,Northern Rockies,2012,fir engraver,23934,2154.06
15,Northern Rockies,2012,fire,2598,233.82
15,Northern Rockies,2012,flooding-high water,437,39.33
15,Northern Rockies,2012,foliage discoloration,9,0.81
15,Northern Rockies,2012,larch casebearer,5349,481.41
15,Northern Rockies,2012,larch needle cast,104443,9399.87
15,Northern Rockies,2012,mountain pine beetle,145187,13066.83
15,Northern Rockies,2012,needlecast,1161,104.49
15,Northern Rockies,2012,pine engraver,98,8.82
15,Northern Rockies,2012,root diseases/decay,47,4.23
15,Northern Rockies,2012,satin moth,675,60.75
15,Northern Rockies,2012,sawflies,88,7.92
15,Northern Rockies,2012,western balsam bark beetle,11110,999.9
15,Northern Rockies,2012,western pine beetle,1431,128.79
15,Northern Rockies,2012,western spruce budworm,967783,87100.47
15,Northern Rockies,2012,western tent caterpillar,2149,193.41
15,Northern Rockies,2012,wind-tornado/hurricane,1126,101.34
15,Northern Rockies,2012,winter injury,14,1.26
15,Northern Rockies,2013,Douglas-fir beetle,7123,641.07
15,Northern Rockies,2013,Douglas-fir engraver,18,1.62
15,Northern Rockies,2013,Douglas-fir tussock moth,135,12.15
15,Northern Rockies,2013,Gelechiid moths/needleminers,59,5.31
15,Northern Rockies,2013,Lophodermium needle cast of pines,97,8.73
15,Northern Rockies,2013,balsam woolly adelgid,8877,798.93
15,Northern Rockies,2013,bears,23588,2122.92
15,Northern Rockies,2013,decline complex,4859,437.31
15,Northern Rockies,2013,fir engraver,17039,1533.51
15,Northern Rockies,2013,fire,3173,285.57
15,Northern Rockies,2013,flooding-high water,254,22.86
15,Northern Rockies,2013,larch casebearer,2297,206.73
15,Northern Rockies,2013,larch needle cast,13573,1221.57
15,Northern Rockies,2013,mountain pine beetle,175332,15779.88
15,Northern Rockies,2013,no data,265,23.85
15,Northern Rockies,2013,pine engraver,397,35.73
15,Northern Rockies,2013,root diseases/decay,26,2.34
15,Northern Rockies,2013,satin moth,842,75.78
15,Northern Rockies,2013,spruce beetle,3216,289.44
15,Northern Rockies,2013,western balsam bark beetle,4524,407.16
15,Northern Rockies,2013,western pine beetle,7203,648.27
15,Northern Rockies,2013,western spruce budworm,331362,29822.58
15,Northern Rockies,2013,white pine blister rust,8,0.72
15,Northern Rockies,2014,Douglas-fir beetle,3400,306.0
15,Northern Rockies,2014,balsam woolly adelgid,3924,353.16
15,Northern Rockies,2014,bears,8188,736.92
15,Northern Rockies,2014,decline complex,3244,291.96
15,Northern Rockies,2014,fir engraver,10633,956.97
15,Northern Rockies,2014,fire,6758,608.22
15,Northern Rockies,2014,flooding-high water,158,14.22
15,Northern Rockies,2014,larch needle cast,1904,171.36
15,Northern Rockies,2014,mountain pine beetle,304519,27406.71
15,Northern Rockies,2014,needlecast,145,13.05
15,Northern Rockies,2014,pine engraver,200,18.0
15,Northern Rockies,2014,spruce beetle,431,38.79
15,Northern Rockies,2014,western balsam bark beetle,2451,220.59
15,Northern Rockies,2014,western pine beetle,5059,455.31
15,Northern Rockies,2014,western spruce budworm,267835,24105.15
15,Northern Rockies,2014,western tent caterpillar,89,8.01
15,Northern Rockies,2015,Douglas-fir beetle,11992,1079.28
15,Northern Rockies,2015,Lophodermium needle cast of pines,2037,183.33
15,Northern Rockies,2015,balsam woolly adelgid,3546,319.14
15,Northern Rockies,2015,bears,2583,232.47
15,Northern Rockies,2015,fir engraver,9611,864.99
15,Northern Rockies,2015,flooding-high water,12,1.08
15,Northern Rockies,2015,larch needle cast,450,40.5
15,Northern Rockies,2015,mountain pine beetle,171356,15422.04
15,Northern Rockies,2015,pine engraver,2273,204.57
15,Northern Rockies,2015,unknown,637,57.33
15,Northern Rockies,2015,western balsam bark beetle,7831,704.79
15,Northern Rockies,2015,western pine beetle,16511,1485.99
15,Northern Rockies,2015,western spruce budworm,122874,11058.66
15,Northern Rockies,2015,wild fire,3879,349.11
15,Northern Rockies,2016,Douglas-fir beetle,49806,4482.54
15,Northern Rockies,2016,Douglas-fir engraver,3493,314.37
15,Northern Rockies,2016,Lophodermium needle cast of pines,4747,427.23
15,Northern Rockies,2016,balsam woolly adelgid,10127,911.43
15,Northern Rockies,2016,bears,2829,254.61
15,Northern Rockies,2016,drought,2924,263.16
15,Northern Rockies,2016,fir engraver,48027,4322.43
15,Northern Rockies,2016,fire,8866,797.94
15,Northern Rockies,2016,frost,40,3.6
15,Northern Rockies,2016,larch needle cast,1050,94.5
15,Northern Rockies,2016,mountain pine beetle,332335,29910.15
15,Northern Rockies,2016,needlecast,2609,234.81
15,Northern Rockies,2016,pine engraver,2910,261.9
15,Northern Rockies,2016,ponderosa pine sawfly,3655,328.95
15,Northern Rockies,2016,satin moth,328,29.52
15,Northern Rockies,2016,sawflies,1388,124.92
15,Northern Rockies,2016,spruce beetle,431,38.79
15,Northern Rockies,2016,unknown,3325,299.25
15,Northern Rockies,2016,western balsam bark beetle,9694,872.46
15,Northern Rockies,2016,western pine beetle,38881,3499.29
15,Northern Rockies,2016,western spruce budworm,134660,12119.4
15,Northern Rockies,2016,wind-tornado/hurricane,459,41.31
15,Northern Rockies,2017,Douglas-fir beetle,82772,7449.48
15,Northern Rockies,2017,Douglas-fir engraver,1064,95.76
15,Northern Rockies,2017,Douglas-fir tussock moth,238,21.42
15,Northern Rockies,2017,Lophodermium needle cast of pines,1298,116.82
15,Northern Rockies,2017,balsam woolly adelgid,6883,619.47
15,Northern Rockies,2017,bears,6170,555.3
15,Northern Rockies,2017,drought,1064,95.76
15,Northern Rockies,2017,fir engraver,59355,5341.95
15,Northern Rockies,2017,fire,184247,16582.23
15,Northern Rockies,2017,ips engraver beetles,6302,567.18
15,Northern Rockies,2017,larch casebearer,76393,6875.37
15,Northern Rockies,2017,mountain pine beetle,439054,39514.86
15,Northern Rockies,2017,needlecast,6729,605.61
15,Northern Rockies,2017,satin moth,2762,248.58
15,Northern Rockies,2017,unknown,1021,91.89
15,Northern Rockies,2017,western balsam bark beetle,20400,1836.0
15,Northern Rockies,2017,western pine beetle,71382,6424.38
15,Northern Rockies,2017,western spruce budworm,148008,13320.72
15,Northern Rockies,2018,Douglas-fir beetle,42438,3819.42
15,Northern Rockies,2018,Douglas-fir engraver,10962,986.58
15,Northern Rockies,2018,Lophodermium needle cast of pines,726,65.34
15,Northern Rockies,2018,bears,7124,641.16
15,Northern Rockies,2018,birch leafminer,1502,135.18
15,Northern Rockies,2018,drought,1075,96.75
15,Northern Rockies,2018,fir engraver,80486,7243.74
15,Northern Rockies,2018,fire,70326,6329.34
15,Northern Rockies,2018,ips engraver beetles,2489,224.01
15,Northern Rockies,2018,larch casebearer,4080,367.2
15,Northern Rockies,2018,larch needle cast,18759,1688.31
15,Northern Rockies,2018,mountain pine beetle,270124,24311.16
15,Northern Rockies,2018,satin moth,416,37.44
15,Northern Rockies,2018,unknown,206,18.54
15,Northern Rockies,2018,unknown defoliator,883,79.47
15,Northern Rockies,2018,western balsam bark beetle,12022,1081.98
15,Northern Rockies,2018,western pine beetle,41223,3710.07
15,Northern Rockies,2018,western spruce budworm,22892,2060.28
15,Northern Rockies,2019,Diplodia canker,75,6.75
15,Northern Rockies,2019,Douglas-fir beetle,123439,11109.51
15,Northern Rockies,2019,Douglas-fir engraver,85723,7715.07
15,Northern Rockies,2019,Douglas-fir tussock moth,2640,237.6
15,Northern Rockies,2019,Lophodermium needle cast of pines,564,50.76
15,Northern Rockies,2019,balsam woolly adelgid,11897,1070.73
15,Northern Rockies,2019,bears,2042,183.78
15,Northern Rockies,2019,fir engraver,252758,22748.22
15,Northern Rockies,2019,fire,2169,195.21
15,Northern Rockies,2019,flooding-high water,55,4.95
15,Northern Rockies,2019,ips engraver beetles,2630,236.7
15,Northern Rockies,2019,larch casebearer,309,27.81
15,Northern Rockies,2019,larch needle cast,2525,227.25
15,Northern Rockies,2019,mountain pine beetle,58641,5277.69
15,Northern Rockies,2019,needlecast,2590,233.1
15,Northern Rockies,2019,satin moth,21,1.89
15,Northern Rockies,2019,unknown,90288,8125.92
15,Northern Rockies,2019,unknown defoliator,1582,142.38
15,Northern Rockies,2019,western balsam bark beetle,20088,1807.92
15,Northern Rockies,2019,western pine beetle,47343,4260.87
15,Northern Rockies,2019,western spruce budworm,3261,293.49
15,Northern Rockies,2020,Douglas-fir beetle,171706,15453.54
15,Northern Rockies,2020,Douglas-fir engraver,17893,1610.37
15,Northern Rockies,2020,Lophodermium needle cast of pines,24234,2181.06
15,Northern Rockies,2020,balsam woolly adelgid,24237,2181.33
15,Northern Rockies,2020,bears,1654,148.86
15,Northern Rockies,2020,drought,1226,110.34
15,Northern Rockies,2020,fir engraver,368193,33137.37
15,Northern Rockies,2020,fire,8324,749.16
15,Northern Rockies,2020,flooding-high water,147,13.23
15,Northern Rockies,2020,ips engraver beetles,79377,7143.93
15,Northern Rockies,2020,larch casebearer,28036,2523.24
15,Northern Rockies,2020,mountain pine beetle,35887,3229.83
15,Northern Rockies,2020,needlecast,13219,1189.71
15,Northern Rockies,2020,spruce beetle,11,0.99
15,Northern Rockies,2020,unknown,426379,38374.11
15,Northern Rockies,2020,unknown defoliator,1928,173.52
15,Northern Rockies,2020,unknown root disease or decay,2864,257.76
15,Northern Rockies,2020,western balsam bark beetle,31330,2819.7
15,Northern Rockies,2020,western pine beetle,128748,11587.32
15,Northern Rockies,2020,western spruce budworm,592,53.28
15,Northern Rockies,2021,Douglas-fir beetle,142352,12811.68
15,Northern Rockies,2021,Douglas-fir engraver,2973,267.57
15,Northern Rockies,2021,balsam woolly adelgid,25660,2309.4
15,Northern Rockies,2021,bears,3577,321.93
15,Northern Rockies,2021,fir engraver,71673,6450.57
15,Northern Rockies,2021,fire,1413,127.17
15,Northern Rockies,2021,ips engraver beetles,1363,122.67
15,Northern Rockies,2021,larch casebearer,1569,141.21
15,Northern Rockies,2021,larch needle cast,9178,826.02
15,Northern Rockies,2021,mountain pine beetle,23108,2079.72
15,Northern Rockies,2021,needlecast,373,33.57
15,Northern Rockies,2021,spruce beetle,34,3.06
15,Northern Rockies,2021,unknown,69633,6266.97
15,Northern Rockies,2021,western balsam bark beetle,38680,3481.2
15,Northern Rockies,2021,western pine beetle,60492,5444.28
15,Northern Rockies,2022,Douglas-fir beetle,192621,17335.89
15,Northern Rockies,2022,Douglas-fir engraver,3559,320.31
15,Northern Rockies,2022,Lophodermium needle cast of pines,1700,153.0
15,Northern Rockies,2022,balsam woolly adelgid,2867,258.03
15,Northern Rockies,2022,bears,7339,660.51
15,Northern Rockies,2022,fir engraver,46089,4148.01
15,Northern Rockies,2022,fire,385,34.65
15,Northern Rockies,2022,ips engraver beetles,2581,232.29
15,Northern Rockies,2022,larch casebearer,534,48.06
15,Northern Rockies,2022,larch needle cast,99750,8977.5
15,Northern Rockies,2022,mountain pine beetle,59548,5359.32
15,Northern Rockies,2022,silver fir beetle,1470,132.3
15,Northern Rockies,2022,unknown,63708,5733.72
15,Northern Rockies,2022,unknown defoliator,788,70.92
15,Northern Rockies,2022,western balsam bark beetle,39753,3577.77
15,Northern Rockies,2022,western pine beetle,67675,6090.75
15,Northern Rockies,2023,Douglas-fir beetle,88985,8008.65
15,Northern Rockies,2023,Douglas-fir engraver,69685,6271.65
15,Northern Rockies,2023,balsam woolly adelgid,2990,269.1
15,Northern Rockies,2023,bears,8306,747.54
15,Northern Rockies,2023,fir engraver,87803,7902.27
15,Northern Rockies,2023,fire,363,32.67
15,Northern Rockies,2023,flatheaded fir borer,35,3.15
15,Northern Rockies,2023,ips engraver beetles,208,18.72
15,Northern Rockies,2023,larch casebearer,1651,148.59
15,Northern Rockies,2023,larch needle cast,9069,816.21
15,Northern Rockies,2023,mountain pine beetle,38557,3470.13
15,Northern Rockies,2023,spruce beetle,9,0.81
15,Northern Rockies,2023,unknown,48612,4375.08
15,Northern Rockies,2023,unknown root disease or decay,2870,258.3
15,Northern Rockies,2023,western balsam bark beetle,20377,1833.93
15,Northern Rockies,2023,western pine beetle,58479,5263.11
15,Northern Rockies,2023,winter injury,4671,420.39
15,Northern Rockies,2024,Douglas-fir beetle,33899,3050.91
15,Northern Rockies,2024,Douglas-fir engraver,18117,1630.53
15,Northern Rockies,2024,Douglas-fir needle midge,996,89.64
15,Northern Rockies,2024,balsam woolly adelgid,5899,530.91
15,Northern Rockies,2024,fir engraver,27991,2519.19
15,Northern Rockies,2024,fire,1531,137.79
15,Northern Rockies,2024,ips engraver beetles,2480,223.2
15,Northern Rockies,2024,larch casebearer,115207,10368.63
15,Northern Rockies,2024,larch needle cast,155,13.95
15,Northern Rockies,2024,mountain pine beetle,42103,3789.27
15,Northern Rockies,2024,root disease or bears,5234,471.06
15,Northern Rockies,2024,unknown,5305,477.45
15,Northern Rockies,2024,unknown defoliator,320,28.8
15,Northern Rockies,2024,western balsam bark beetle,15931,1433.79
15,Northern Rockies,2024,western pine beetle,24315,2188.35
15,Northern Rockies,2025,Douglas-fir beetle,4224,380.16
15,Northern Rockies,2025,Douglas-fir engraver,9330,839.7
15,Northern Rockies,2025,Douglas-fir needle midge,7741,696.69
15,Northern Rockies,2025,Lophodermium needle cast of pines,9297,836.73
15,Northern Rockies,2025,fir engraver,7599,683.91
15,Northern Rockies,2025,fire,486,43.74
15,Northern Rockies,2025,ips engraver beetles,353,31.77
15,Northern Rockies,2025,larch casebearer,4842,435.78
15,Northern Rockies,2025,larch needle cast,654,58.86
15,Northern Rockies,2025,mountain pine beetle,11247,1012.23
15,Northern Rockies,2025,root disease or bears,1270,114.3
15,Northern Rockies,2025,unknown,122,10.98
15,Northern Rockies,2025,unknown defoliator,210,18.9
15,Northern Rockies,2025,western balsam bark beetle,30171,2715.39
15,Northern Rockies,2025,western pine beetle,2208,198.72
4,Cascades,1997,Douglas-fir beetle,2261,203.49
4,Cascades,1997,Douglas-fir engraver,15,1.35
4,Cascades,1997,balsam woolly adelgid,14521,1306.89
4,Cascades,1997,bears,28867,2598.03
4,Cascades,1997,fir engraver,13095,1178.55
4,Cascades,1997,flatheaded borer,11,0.99
4,Cascades,1997,flooding-high water,2252,202.68
4,Cascades,1997,larch needle cast,33881,3049.29
4,Cascades,1997,mountain pine beetle,199837,17985.33
4,Cascades,1997,mud-land slide,594,53.46
4,Cascades,1997,root diseases/decay,2231,200.79
4,Cascades,1997,sawflies,164,14.76
4,Cascades,1997,spruce beetle,348,31.32
4,Cascades,1997,western balsam bark beetle,2265,203.85
4,Cascades,1997,western pine beetle,386,34.74
4,Cascades,1997,western spruce budworm,15145,1363.05
4,Cascades,1997,white pine blister rust,5747,517.23
4,Cascades,1997,winter injury,425,38.25
4,Cascades,1998,Douglas-fir beetle,28164,2534.76
4,Cascades,1998,Douglas-fir engraver,6,0.54
4,Cascades,1998,Pacific madrone decline,48,4.32
4,Cascades,1998,balsam woolly adelgid,6641,597.69
4,Cascades,1998,bears,30747,2767.23
4,Cascades,1998,decline complex,343,30.87
4,Cascades,1998,fir engraver,6583,592.47
4,Cascades,1998,frost,875,78.75
4,Cascades,1998,hemlock sawfly,132,11.88
4,Cascades,1998,larch casebearer,1586,142.74
4,Cascades,1998,mountain pine beetle,64022,5761.98
4,Cascades,1998,needlecast,55638,5007.42
4,Cascades,1998,root diseases/decay,1208,108.72
4,Cascades,1998,silver fir beetle,1380,124.2
4,Cascades,1998,snow-ice,2094,188.46
4,Cascades,1998,spruce beetle,181,16.29
4,Cascades,1998,western balsam bark beetle,279,25.11
4,Cascades,1998,western pine beetle,1011,90.99
4,Cascades,1998,western spruce budworm,178359,16052.31
4,Cascades,1998,western tent caterpillar,25,2.25
4,Cascades,1998,white pine blister rust,892,80.28
4,Cascades,1998,wild fire,379,34.11
4,Cascades,1999,Cytospora canker of fir,1016,91.44
4,Cascades,1999,Douglas-fir beetle,157008,14130.72
4,Cascades,1999,Douglas-fir engraver,293,26.37
4,Cascades,1999,balsam woolly adelgid,8348,751.32
4,Cascades,1999,bears,23639,2127.51
4,Cascades,1999,decline complex,304,27.36
4,Cascades,1999,fir engraver,20001,1800.09
4,Cascades,1999,frost,616,55.44
4,Cascades,1999,larch casebearer,28232,2540.88
4,Cascades,1999,mountain pine beetle,91920,8272.8
4,Cascades,1999,mud-land slide,474,42.66
4,Cascades,1999,needlecast,2389,215.01
4,Cascades,1999,needleminers,3160,284.4
4,Cascades,1999,root diseases/decay,301,27.09
4,Cascades,1999,silver fir beetle,111,9.99
4,Cascades,1999,spruce beetle,253,22.77
4,Cascades,1999,western balsam bark beetle,13287,1195.83
4,Cascades,1999,western pine beetle,82,7.38
4,Cascades,1999,western spruce budworm,39091,3518.19
4,Cascades,1999,white pine blister rust,2088,187.92
4,Cascades,1999,wild fire,4151,373.59
4,Cascades,1999,wind-tornado/hurricane,139,12.51
4,Cascades,2000,Cytospora canker of fir,2432,218.88
4,Cascades,2000,Douglas-fir beetle,130205,11718.45
4,Cascades,2000,Douglas-fir budmoth,109,9.81
4,Cascades,2000,Gelechiid moths/needleminers,4388,394.92
4,Cascades,2000,balsam woolly adelgid,14327,1289.43
4,Cascades,2000,bears,66122,5950.98
4,Cascades,2000,fir engraver,2691,242.19
4,Cascades,2000,foliage discoloration,1092,98.28
4,Cascades,2000,frost,403,36.27
4,Cascades,2000,larch casebearer,24842,2235.78
4,Cascades,2000,maple decline,404,36.36
4,Cascades,2000,mortality,612,55.08
4,Cascades,2000,mountain pine beetle,35059,3155.31
4,Cascades,2000,mud-land slide,215,19.35
4,Cascades,2000,needlecast,5790,521.1
4,Cascades,2000,pine needle sheathminer,433,38.97
4,Cascades,2000,root diseases/decay,913,82.17
4,Cascades,2000,silver fir beetle,994,89.46
4,Cascades,2000,spruce beetle,159,14.31
4,Cascades,2000,western balsam bark beetle,1254,112.86
4,Cascades,2000,western pine beetle,89,8.01
4,Cascades,2000,western spruce budworm,383150,34483.5
4,Cascades,2000,white pine blister rust,25,2.25
4,Cascades,2000,wild fire,1008,90.72
4,Cascades,2000,wind-tornado/hurricane,176,15.84
4,Cascades,2001,Cytospora canker of fir,8982,808.38
4,Cascades,2001,Douglas-fir beetle,67426,6068.34
4,Cascades,2001,Pacific madrone decline,9,0.81
4,Cascades,2001,balsam woolly adelgid,60382,5434.38
4,Cascades,2001,bears,94760,8528.4
4,Cascades,2001,decline complex,422,37.98
4,Cascades,2001,fir engraver,18851,1696.59
4,Cascades,2001,flatheaded borer,108,9.72
4,Cascades,2001,foliage discoloration,11345,1021.05
4,Cascades,2001,frost,90,8.1
4,Cascades,2001,larch casebearer,10483,943.47
4,Cascades,2001,maple decline,2066,185.94
4,Cascades,2001,mortality,249,22.41
4,Cascades,2001,mountain pine beetle,77348,6961.32
4,Cascades,2001,needlecast,9303,837.27
4,Cascades,2001,pine engraver,1377,123.93
4,Cascades,2001,root diseases/decay,1502,135.18
4,Cascades,2001,sawflies,8364,752.76
4,Cascades,2001,silver fir beetle,81,7.29
4,Cascades,2001,snow-ice,88,7.92
4,Cascades,2001,spruce beetle,104,9.36
4,Cascades,2001,western balsam bark beetle,16242,1461.78
4,Cascades,2001,western pine beetle,546,49.14
4,Cascades,2001,western spruce budworm,321707,28953.63
4,Cascades,2001,white pine blister rust,7612,685.08
4,Cascades,2001,wild fire,5215,469.35
4,Cascades,2001,wind-tornado/hurricane,9,0.81
4,Cascades,2002,Douglas-fir beetle,61272,5514.48
4,Cascades,2002,Lophodermella needle cast of pines,1351,121.59
4,Cascades,2002,Lophodermium needle cast of pines,8363,752.67
4,Cascades,2002,Swiss needle cast,114,10.26
4,Cascades,2002,balsam woolly adelgid,70779,6370.11
4,Cascades,2002,bears,243037,21873.33
4,Cascades,2002,false hemlock looper,551,49.59
4,Cascades,2002,fir engraver,45795,4121.55
4,Cascades,2002,flatheaded borer,1686,151.74
4,Cascades,2002,foliage discoloration,404,36.36
4,Cascades,2002,frost,4476,402.84
4,Cascades,2002,larch casebearer,1079,97.11
4,Cascades,2002,mortality,113,10.17
4,Cascades,2002,mountain pine beetle,276665,24899.85
4,Cascades,2002,mud-land slide,254,22.86
4,Cascades,2002,needlecast,25401,2286.09
4,Cascades,2002,needleminers,6279,565.11
4,Cascades,2002,pine engraver,3515,316.35
4,Cascades,2002,root diseases/decay,1537,138.33
4,Cascades,2002,silver fir beetle,165,14.85
4,Cascades,2002,spruce beetle,798,71.82
4,Cascades,2002,western balsam bark beetle,14525,1307.25
4,Cascades,2002,western pine beetle,4164,374.76
4,Cascades,2002,western spruce budworm,141184,12706.56
4,Cascades,2002,western tent caterpillar,101,9.09
4,Cascades,2002,white pine blister rust,22682,2041.38
4,Cascades,2002,wild fire,1483,133.47
4,Cascades,2002,wind-tornado/hurricane,25,2.25
4,Cascades,2003,Cytospora canker of fir,4016,361.44
4,Cascades,2003,Douglas-fir beetle,39799,3581.91
4,Cascades,2003,Douglas-fir engraver,469,42.21
4,Cascades,2003,balsam woolly adelgid,241360,21722.4
4,Cascades,2003,bears,611058,54995.22
4,Cascades,2003,fir engraver,216118,19450.62
4,Cascades,2003,flatheaded borer,1159,104.31
4,Cascades,2003,foliage discoloration,4893,440.37
4,Cascades,2003,frost,1876,168.84
4,Cascades,2003,hemlock decline,19322,1738.98
4,Cascades,2003,larch casebearer,8667,780.03
4,Cascades,2003,mortality,1419,127.71
4,Cascades,2003,mountain pine beetle,243150,21883.5
4,Cascades,2003,needlecast,2416,217.44
4,Cascades,2003,needleminers,9080,817.2
4,Cascades,2003,pine engraver,2725,245.25
4,Cascades,2003,root diseases/decay,113,10.17
4,Cascades,2003,satin moth,252,22.68
4,Cascades,2003,western balsam bark beetle,11971,1077.39
4,Cascades,2003,western pine beetle,3089,278.01
4,Cascades,2003,western spruce budworm,230868,20778.12
4,Cascades,2003,western tent caterpillar,6588,592.92
4,Cascades,2003,white pine blister rust,11207,1008.63
4,Cascades,2003,wild fire,57243,5151.87
4,Cascades,2003,wind-tornado/hurricane,426,38.34
4,Cascades,2004,Cytospora canker of fir,14543,1308.87
4,Cascades,2004,Douglas-fir beetle,24220,2179.8
4,Cascades,2004,Douglas-fir engraver,170,15.3
4,Cascades,2004,Lophodermium needle cast of pines,2340,210.6
4,Cascades,2004,balsam woolly adelgid,93509,8415.81
4,Cascades,2004,bears,289421,26047.89
4,Cascades,2004,decline complex,176,15.84
4,Cascades,2004,fir engraver,332675,29940.75
4,Cascades,2004,flatheaded borer,1732,155.88
4,Cascades,2004,foliage discoloration,415,37.35
4,Cascades,2004,frost,269,24.21
4,Cascades,2004,larch casebearer,7085,637.65
4,Cascades,2004,maple decline,447,40.23
4,Cascades,2004,mountain pine beetle,367663,33089.67
4,Cascades,2004,needlecast,2940,264.6
4,Cascades,2004,pine engraver,378,34.02
4,Cascades,2004,root diseases/decay,448,40.32
4,Cascades,2004,silver fir beetle,22597,2033.73
4,Cascades,2004,spruce beetle,983,88.47
4,Cascades,2004,western balsam bark beetle,58405,5256.45
4,Cascades,2004,western pine beetle,8741,786.69
4,Cascades,2004,western spruce budworm,198004,17820.36
4,Cascades,2004,western tent caterpillar,83,7.47
4,Cascades,2004,white pine blister rust,669,60.21
4,Cascades,2004,wild fire,1325,119.25
4,Cascades,2004,wind-tornado/hurricane,40,3.6
4,Cascades,2005,Cytospora canker of fir,7778,700.02
4,Cascades,2005,Douglas-fir beetle,31107,2799.63
4,Cascades,2005,Lophodermium needle cast of pines,3419,307.71
4,Cascades,2005,Port-Orford-cedar root disease,9,0.81
4,Cascades,2005,balsam woolly adelgid,114133,10271.97
4,Cascades,2005,bears,391532,35237.88
4,Cascades,2005,decline complex,2813,253.17
4,Cascades,2005,fir engraver,238139,21432.51
4,Cascades,2005,flatheaded borer,545,49.05
4,Cascades,2005,foliage discoloration,843,75.87
4,Cascades,2005,frost,589,53.01
4,Cascades,2005,hemlock decline,2798,251.82
4,Cascades,2005,larch casebearer,3531,317.79
4,Cascades,2005,maple decline,328,29.52
4,Cascades,2005,mountain pine beetle,572328,51509.52
4,Cascades,2005,needlecast,15321,1378.89
4,Cascades,2005,pine engraver,164,14.76
4,Cascades,2005,root diseases/decay,574,51.66
4,Cascades,2005,silver fir beetle,8335,750.15
4,Cascades,2005,spruce beetle,538,48.42
4,Cascades,2005,western balsam bark beetle,12136,1092.24
4,Cascades,2005,western pine beetle,3218,289.62
4,Cascades,2005,western spruce budworm,194561,17510.49
4,Cascades,2005,western tent caterpillar,168,15.12
4,Cascades,2005,white pine blister rust,5496,494.64
4,Cascades,2005,wild fire,666,59.94
4,Cascades,2005,wind-tornado/hurricane,56,5.04
4,Cascades,2006,Cytospora canker of fir,6311,567.99
4,Cascades,2006,Douglas-fir beetle,32130,2891.7
4,Cascades,2006,Douglas-fir engraver,129,11.61
4,Cascades,2006,Lophodermium needle cast of pines,2626,236.34
4,Cascades,2006,balsam woolly adelgid,109099,9818.91
4,Cascades,2006,bears,517492,46574.28
4,Cascades,2006,black pineleaf scale,39,3.51
4,Cascades,2006,fir engraver,66609,5994.81
4,Cascades,2006,fire,5699,512.91
4,Cascades,2006,flatheaded borer,154,13.86
4,Cascades,2006,foliage discoloration,592,53.28
4,Cascades,2006,frost,476,42.84
4,Cascades,2006,hail,660,59.4
4,Cascades,2006,hemlock decline,497,44.73
4,Cascades,2006,larch casebearer,412,37.08
4,Cascades,2006,maple decline,37,3.33
4,Cascades,2006,mountain pine beetle,670858,60377.22
4,Cascades,2006,needlecast,5214,469.26
4,Cascades,2006,pine engraver,338,30.42
4,Cascades,2006,root diseases/decay,311,27.99
4,Cascades,2006,silver fir beetle,9818,883.62
4,Cascades,2006,snow-ice,1663,149.67
4,Cascades,2006,spruce beetle,736,66.24
4,Cascades,2006,western balsam bark beetle,9779,880.11
4,Cascades,2006,western pine beetle,227,20.43
4,Cascades,2006,western spruce budworm,379441,34149.69
4,Cascades,2006,white pine blister rust,1686,151.74
4,Cascades,2007,Cytospora canker of fir,85165,7664.85
4,Cascades,2007,Douglas-fir beetle,53870,4848.3
4,Cascades,2007,Douglas-fir engraver,200,18.0
4,Cascades,2007,Lophodermium needle cast of pines,3585,322.65
4,Cascades,2007,balsam woolly adelgid,126784,11410.56
4,Cascades,2007,bears,302079,27187.11
4,Cascades,2007,black pineleaf scale,111,9.99
4,Cascades,2007,fir engraver,219886,19789.74
4,Cascades,2007,fire,2276,204.84
4,Cascades,2007,flatheaded borer,1547,139.23
4,Cascades,2007,frost,3749,337.41
4,Cascades,2007,hail,334,30.06
4,Cascades,2007,hemlock decline,2853,256.77
4,Cascades,2007,larch casebearer,13154,1183.86
4,Cascades,2007,maple decline,53,4.77
4,Cascades,2007,mountain pine beetle,909074,81816.66
4,Cascades,2007,mud-land slide,313,28.17
4,Cascades,2007,needlecast,2567,231.03
4,Cascades,2007,pine engraver,928,83.52
4,Cascades,2007,root diseases/decay,10139,912.51
4,Cascades,2007,silver fir beetle,34507,3105.63
4,Cascades,2007,snow-ice,295,26.55
4,Cascades,2007,western balsam bark beetle,35809,3222.81
4,Cascades,2007,western pine beetle,1733,155.97
4,Cascades,2007,western spruce budworm,228972,20607.48
4,Cascades,2007,white pine blister rust,2422,217.98
4,Cascades,2007,wind-tornado/hurricane,2596,233.64
4,Cascades,2008,Cytospora canker of fir,97381,8764.29
4,Cascades,2008,Douglas-fir beetle,13733,1235.97
4,Cascades,2008,Douglas-fir engraver,57,5.13
4,Cascades,2008,Lophodermium needle cast of pines,10518,946.62
4,Cascades,2008,balsam woolly adelgid,185621,16705.89
4,Cascades,2008,bears,477031,42932.79
4,Cascades,2008,black pineleaf scale,1410,126.9
4,Cascades,2008,fir engraver,146552,13189.68
4,Cascades,2008,fire,1562,140.58
4,Cascades,2008,flatheaded borer,689,62.01
4,Cascades,2008,foliage discoloration,1294,116.46
4,Cascades,2008,frost,11845,1066.05
4,Cascades,2008,hemlock decline,2709,243.81
4,Cascades,2008,hemlock sawfly,749,67.41
4,Cascades,2008,larch casebearer,66019,5941.71
4,Cascades,2008,maple decline,30,2.7
4,Cascades,2008,mountain pine beetle,707350,63661.5
4,Cascades,2008,mud-land slide,862,77.58
4,Cascades,2008,needlecast,5199,467.91
4,Cascades,2008,root diseases/decay,1428,128.52
4,Cascades,2008,silver fir beetle,45505,4095.45
4,Cascades,2008,spruce beetle,14,1.26
4,Cascades,2008,western balsam bark beetle,16310,1467.9
4,Cascades,2008,western pine beetle,3292,296.28
4,Cascades,2008,western spruce budworm,67948,6115.32
4,Cascades,2008,white pine blister rust,653,58.77
4,Cascades,2008,wind-tornado/hurricane,5496,494.64
4,Cascades,2009,Cytospora canker of fir,66534,5988.06
4,Cascades,2009,Douglas-fir beetle,117940,10614.6
4,Cascades,2009,Douglas-fir engraver,26,2.34
4,Cascades,2009,Lophodermium needle cast of pines,2640,237.6
4,Cascades,2009,balsam woolly adelgid,204335,18390.15
4,Cascades,2009,bears,874428,78698.52
4,Cascades,2009,black pineleaf scale,196,17.64
4,Cascades,2009,decline complex,124,11.16
4,Cascades,2009,fir engraver,97249,8752.41
4,Cascades,2009,fire,2838,255.42
4,Cascades,2009,flatheaded borer,1583,142.47
4,Cascades,2009,flooding-high water,2203,198.27
4,Cascades,2009,foliage discoloration,150,13.5
4,Cascades,2009,hemlock decline,727,65.43
4,Cascades,2009,larch casebearer,18024,1622.16
4,Cascades,2009,maple decline,9,0.81
4,Cascades,2009,mountain pine beetle,500514,45046.26
4,Cascades,2009,needlecast,2138,192.42
4,Cascades,2009,pine engraver,88,7.92
4,Cascades,2009,root diseases/decay,1411,126.99
4,Cascades,2009,satin moth,64,5.76
4,Cascades,2009,silver fir beetle,2011,180.99
4,Cascades,2009,western balsam bark beetle,3115,280.35
4,Cascades,2009,western pine beetle,1372,123.48
4,Cascades,2009,western spruce budworm,16329,1469.61
4,Cascades,2009,western tent caterpillar,8,0.72
4,Cascades,2009,white pine blister rust,324,29.16
4,Cascades,2009,winter injury,6867,618.03
4,Cascades,2010,Cytospora canker of fir,117649,10588.41
4,Cascades,2010,Douglas-fir beetle,96076,8646.84
4,Cascades,2010,Douglas-fir engraver,19,1.71
4,Cascades,2010,Lophodermium needle cast of pines,3794,341.46
4,Cascades,2010,balsam woolly adelgid,383075,34476.75
4,Cascades,2010,bears,274435,24699.15
4,Cascades,2010,black pineleaf scale,289,26.01
4,Cascades,2010,decline complex,1013,91.17
4,Cascades,2010,fir engraver,122344,11010.96
4,Cascades,2010,fire,1829,164.61
4,Cascades,2010,flatheaded borer,24438,2199.42
4,Cascades,2010,flooding-high water,445,40.05
4,Cascades,2010,hemlock decline,3266,293.94
4,Cascades,2010,larch casebearer,5707,513.63
4,Cascades,2010,maple decline,162,14.58
4,Cascades,2010,mountain pine beetle,449428,40448.52
4,Cascades,2010,needlecast,15665,1409.85
4,Cascades,2010,pine engraver,83,7.47
4,Cascades,2010,root diseases/decay,432,38.88
4,Cascades,2010,satin moth,8,0.72
4,Cascades,2010,sawflies,1387,124.83
4,Cascades,2010,silver fir beetle,10730,965.7
4,Cascades,2010,western balsam bark beetle,2148,193.32
4,Cascades,2010,western pine beetle,1829,164.61
4,Cascades,2010,western spruce budworm,24752,2227.68
4,Cascades,2010,white pine blister rust,243,21.87
4,Cascades,2011,Cooley spruce gall adelgid,150,13.5
4,Cascades,2011,Cytospora canker of fir,140440,12639.6
4,Cascades,2011,Douglas-fir beetle,53772,4839.48
4,Cascades,2011,Douglas-fir engraver,9,0.81
4,Cascades,2011,Lophodermium needle cast of pines,4171,375.39
4,Cascades,2011,balsam woolly adelgid,411516,37036.44
4,Cascades,2011,bears,293001,26370.09
4,Cascades,2011,black pineleaf scale,440,39.6
4,Cascades,2011,decline complex,230,20.7
4,Cascades,2011,fir engraver,63651,5728.59
4,Cascades,2011,fire,6795,611.55
4,Cascades,2011,flatheaded borer,11092,998.28
4,Cascades,2011,flooding-high water,739,66.51
4,Cascades,2011,hemlock decline,3019,271.71
4,Cascades,2011,larch needle cast,609,54.81
4,Cascades,2011,mountain pine beetle,310107,27909.63
4,Cascades,2011,mud-land slide,177,15.93
4,Cascades,2011,needlecast,1946,175.14
4,Cascades,2011,pine engraver,9,0.81
4,Cascades,2011,root diseases/decay,165,14.85
4,Cascades,2011,sawflies,9,0.81
4,Cascades,2011,silver fir beetle,8110,729.9
4,Cascades,2011,western balsam bark beetle,3042,273.78
4,Cascades,2011,western pine beetle,1319,118.71
4,Cascades,2011,western spruce budworm,25778,2320.02
4,Cascades,2011,western tent caterpillar,826,74.34
4,Cascades,2011,white pine blister rust,1654,148.86
4,Cascades,2011,wind-tornado/hurricane,9,0.81
4,Cascades,2012,Cytospora canker of fir,24026,2162.34
4,Cascades,2012,Douglas-fir beetle,69193,6227.37
4,Cascades,2012,Douglas-fir engraver,17,1.53
4,Cascades,2012,Lophodermium needle cast of pines,5934,534.06
4,Cascades,2012,balsam woolly adelgid,276212,24859.08
4,Cascades,2012,bears,258723,23285.07
4,Cascades,2012,decline complex,1185,106.65
4,Cascades,2012,fir engraver,43209,3888.81
4,Cascades,2012,fire,12233,1100.97
4,Cascades,2012,flatheaded borer,2347,211.23
4,Cascades,2012,flooding-high water,844,75.96
4,Cascades,2012,hemlock decline,20036,1803.24
4,Cascades,2012,larch needle cast,13133,1181.97
4,Cascades,2012,maple decline,91,8.19
4,Cascades,2012,mountain pine beetle,319527,28757.43
4,Cascades,2012,mud-land slide,9,0.81
4,Cascades,2012,needlecast,12098,1088.82
4,Cascades,2012,pine engraver,8,0.72
4,Cascades,2012,root diseases/decay,448,40.32
4,Cascades,2012,sawflies,2366,212.94
4,Cascades,2012,silver fir beetle,698,62.82
4,Cascades,2012,western balsam bark beetle,1080,97.2
4,Cascades,2012,western pine beetle,411,36.99
4,Cascades,2012,western spruce budworm,28978,2608.02
4,Cascades,2012,western tent caterpillar,4454,400.86
4,Cascades,2012,white pine blister rust,1443,129.87
4,Cascades,2012,winter injury,1241,111.69
4,Cascades,2013,Cytospora canker of fir,25670,2310.3
4,Cascades,2013,Douglas-fir beetle,28811,2592.99
4,Cascades,2013,Douglas-fir engraver,114,10.26
4,Cascades,2013,Lophodermium needle cast of pines,4516,406.44
4,Cascades,2013,balsam woolly adelgid,157080,14137.2
4,Cascades,2013,bears,336354,30271.86
4,Cascades,2013,decline complex,1371,123.39
4,Cascades,2013,fir engraver,17459,1571.31
4,Cascades,2013,fire,7738,696.42
4,Cascades,2013,flatheaded borer,3087,277.83
4,Cascades,2013,flooding-high water,495,44.55
4,Cascades,2013,foliage discoloration,91,8.19
4,Cascades,2013,hemlock decline,1467,132.03
4,Cascades,2013,larch casebearer,1205,108.45
4,Cascades,2013,larch needle cast,22503,2025.27
4,Cascades,2013,maple decline,18,1.62
4,Cascades,2013,mortality,90,8.1
4,Cascades,2013,mountain pine beetle,273447,24610.23
4,Cascades,2013,mud-land slide,148,13.32
4,Cascades,2013,needlecast,4682,421.38
4,Cascades,2013,no data,3925,353.25
4,Cascades,2013,pine engraver,1419,127.71
4,Cascades,2013,root diseases/decay,746,67.14
4,Cascades,2013,sawflies,2413,217.17
4,Cascades,2013,silver fir beetle,4384,394.56
4,Cascades,2013,western balsam bark beetle,2011,180.99
4,Cascades,2013,western blackheaded budworm,5230,470.7
4,Cascades,2013,western pine beetle,2877,258.93
4,Cascades,2013,western spruce budworm,27488,2473.92
4,Cascades,2013,western tent caterpillar,4487,403.83
4,Cascades,2013,white pine blister rust,798,71.82
4,Cascades,2014,Cytospora canker of fir,61552,5539.68
4,Cascades,2014,Douglas-fir beetle,31886,2869.74
4,Cascades,2014,Douglas-fir engraver,133,11.97
4,Cascades,2014,Lophodermium needle cast of pines,19338,1740.42
4,Cascades,2014,Pacific madrone decline,39,3.51
4,Cascades,2014,balsam woolly adelgid,65299,5876.91
4,Cascades,2014,bears,201312,18118.08
4,Cascades,2014,decline complex,921,82.89
4,Cascades,2014,fir engraver,69714,6274.26
4,Cascades,2014,fire,17926,1613.34
4,Cascades,2014,flatheaded borer,2911,261.99
4,Cascades,2014,flooding-high water,491,44.19
4,Cascades,2014,foliage discoloration,1617,145.53
4,Cascades,2014,hemlock decline,901,81.09
4,Cascades,2014,maple decline,834,75.06
4,Cascades,2014,mortality,215,19.35
4,Cascades,2014,mountain pine beetle,244700,22023.0
4,Cascades,2014,needlecast,1616,145.44
4,Cascades,2014,pine engraver,517,46.53
4,Cascades,2014,root diseases/decay,2643,237.87
4,Cascades,2014,satin moth,277,24.93
4,Cascades,2014,sawflies,1597,143.73
4,Cascades,2014,silver fir beetle,3701,333.09
4,Cascades,2014,western balsam bark beetle,858,77.22
4,Cascades,2014,western pine beetle,5537,498.33
4,Cascades,2014,western spruce budworm,7489,674.01
4,Cascades,2014,western tent caterpillar,812,73.08
4,Cascades,2014,white pine blister rust,359,32.31
4,Cascades,2015,Cytospora canker of fir,9226,830.34
4,Cascades,2015,Douglas-fir beetle,20078,1807.02
4,Cascades,2015,Douglas-fir engraver,223,20.07
4,Cascades,2015,Lophodermium needle cast of pines,30979,2788.11
4,Cascades,2015,balsam woolly adelgid,91882,8269.38
4,Cascades,2015,bears,220241,19821.69
4,Cascades,2015,fir engraver,57133,5141.97
4,Cascades,2015,flatheaded borer,5915,532.35
4,Cascades,2015,flooding-high water,381,34.29
4,Cascades,2015,larch needle cast,908,81.72
4,Cascades,2015,mountain pine beetle,155227,13970.43
4,Cascades,2015,needlecast,13182,1186.38
4,Cascades,2015,pine engraver,1082,97.38
4,Cascades,2015,sawflies,747,67.23
4,Cascades,2015,silver fir beetle,235,21.15
4,Cascades,2015,unknown,4664,419.76
4,Cascades,2015,unknown root disease or decay,876,78.84
4,Cascades,2015,western balsam bark beetle,276,24.84
4,Cascades,2015,western pine beetle,6495,584.55
4,Cascades,2015,western spruce budworm,18646,1678.14
4,Cascades,2015,white pine blister rust,27,2.43
4,Cascades,2015,wild fire,13726,1235.34
4,Cascades,2015,winter injury,21808,1962.72
4,Cascades,2016,Cytospora canker of fir,6616,595.44
4,Cascades,2016,Douglas-fir beetle,17112,1540.08
4,Cascades,2016,Douglas-fir engraver,1864,167.76
4,Cascades,2016,Lophodermium needle cast of pines,18090,1628.1
4,Cascades,2016,balsam woolly adelgid,128044,11523.96
4,Cascades,2016,bears,146987,13228.83
4,Cascades,2016,drought,3213,289.17
4,Cascades,2016,fir engraver,98695,8882.55
4,Cascades,2016,fire,15280,1375.2
4,Cascades,2016,flatheaded borer,19962,1796.58
4,Cascades,2016,frost,483,43.47
4,Cascades,2016,larch needle cast,7,0.63
4,Cascades,2016,mountain pine beetle,142356,12812.04
4,Cascades,2016,needlecast,11742,1056.78
4,Cascades,2016,pine engraver,1770,159.3
4,Cascades,2016,silver fir beetle,587,52.83
4,Cascades,2016,snow-ice,48,4.32
4,Cascades,2016,unknown,10577,951.93
4,Cascades,2016,western balsam bark beetle,9538,858.42
4,Cascades,2016,western pine beetle,9229,830.61
4,Cascades,2016,western spruce budworm,2526,227.34
4,Cascades,2016,western tent caterpillar,789,71.01
4,Cascades,2017,Cytospora canker of fir,20884,1879.56
4,Cascades,2017,Douglas-fir beetle,18483,1663.47
4,Cascades,2017,Douglas-fir engraver,396,35.64
4,Cascades,2017,Lophodermium needle cast of pines,573,51.57
4,Cascades,2017,balsam woolly adelgid,112858,10157.22
4,Cascades,2017,bears,133175,11985.75
4,Cascades,2017,drought,553,49.77
4,Cascades,2017,fir engraver,134011,12060.99
4,Cascades,2017,fire,20154,1813.86
4,Cascades,2017,flatheaded borer,19277,1734.93
4,Cascades,2017,flooding-high water,434,39.06
4,Cascades,2017,ips engraver beetles,1391,125.19
4,Cascades,2017,larch casebearer,391,35.19
4,Cascades,2017,mountain pine beetle,89734,8076.06
4,Cascades,2017,mud-land slide,62,5.58
4,Cascades,2017,needlecast,2955,265.95
4,Cascades,2017,sawflies,133,11.97
4,Cascades,2017,silver fir beetle,1826,164.34
4,Cascades,2017,unknown,3545,319.05
4,Cascades,2017,unknown root disease or decay,3832,344.88
4,Cascades,2017,western balsam bark beetle,4637,417.33
4,Cascades,2017,western pine beetle,4708,423.72
4,Cascades,2017,western spruce budworm,294,26.46
4,Cascades,2017,winter injury,21794,1961.46
4,Cascades,2018,Cytospora canker of fir,4341,390.69
4,Cascades,2018,Douglas-fir beetle,15778,1420.02
4,Cascades,2018,Douglas-fir engraver,175,15.75
4,Cascades,2018,Lophodermium needle cast of pines,1239,111.51
4,Cascades,2018,Swiss needle cast,24955,2245.95
4,Cascades,2018,balsam woolly adelgid,68312,6148.08
4,Cascades,2018,bears,116126,10451.34
4,Cascades,2018,drought,55,4.95
4,Cascades,2018,fir engraver,84583,7612.47
4,Cascades,2018,fire,2110,189.9
4,Cascades,2018,flatheaded fir borer,14037,1263.33
4,Cascades,2018,flooding-high water,208,18.72
4,Cascades,2018,hail,4927,443.43
4,Cascades,2018,ips engraver beetles,331,29.79
4,Cascades,2018,larch needle cast,229,20.61
4,Cascades,2018,mountain pine beetle,37558,3380.22
4,Cascades,2018,mud-land slide,6,0.54
4,Cascades,2018,needlecast,797,71.73
4,Cascades,2018,pandora moth,117,10.53
4,Cascades,2018,sawflies,99,8.91
4,Cascades,2018,silver fir beetle,1763,158.67
4,Cascades,2018,unknown,2106,189.54
4,Cascades,2018,unknown defoliator,567,51.03
4,Cascades,2018,unknown root disease or decay,1134,102.06
4,Cascades,2018,western balsam bark beetle,2508,225.72
4,Cascades,2018,western pine beetle,1217,109.53
4,Cascades,2018,western spruce budworm,1710,153.9
4,Cascades,2018,western tent caterpillar,86,7.74
4,Cascades,2019,Cytospora canker of fir,830,74.7
4,Cascades,2019,Douglas-fir beetle,47983,4318.47
4,Cascades,2019,Douglas-fir engraver,1187,106.83
4,Cascades,2019,Lophodermium needle cast of pines,3826,344.34
4,Cascades,2019,balsam woolly adelgid,44601,4014.09
4,Cascades,2019,bears,60641,5457.69
4,Cascades,2019,drought,2200,198.0
4,Cascades,2019,fir engraver,240089,21608.01
4,Cascades,2019,fire,33026,2972.34
4,Cascades,2019,flatheaded fir borer,39396,3545.64
4,Cascades,2019,flooding-high water,371,33.39
4,Cascades,2019,hail,3987,358.83
4,Cascades,2019,ips engraver beetles,653,58.77
4,Cascades,2019,larch casebearer,697,62.73
4,Cascades,2019,mountain pine beetle,86209,7758.81
4,Cascades,2019,mud-land slide,39,3.51
4,Cascades,2019,needlecast,2081,187.29
4,Cascades,2019,sawflies,73,6.57
4,Cascades,2019,silver fir beetle,13249,1192.41
4,Cascades,2019,unknown,9719,874.71
4,Cascades,2019,unknown defoliator,1250,112.5
4,Cascades,2019,unknown root disease or decay,17,1.53
4,Cascades,2019,western balsam bark beetle,1168,105.12
4,Cascades,2019,western pine beetle,1601,144.09
4,Cascades,2019,western tent caterpillar,3648,328.32
4,Cascades,2019,winter injury,1343,120.87
4,Cascades,2020,Cytospora canker of fir,595,53.55
4,Cascades,2020,Douglas-fir beetle,6443,579.87
4,Cascades,2020,balsam woolly adelgid,5225,470.25
4,Cascades,2020,bears,1524,137.16
4,Cascades,2020,drought,37,3.33
4,Cascades,2020,fir engraver,91474,8232.66
4,Cascades,2020,fire,2281,205.29
4,Cascades,2020,flatheaded fir borer,22309,2007.81
4,Cascades,2020,flooding-high water,99,8.91
4,Cascades,2020,ips engraver beetles,11,0.99
4,Cascades,2020,larch casebearer,267,24.03
4,Cascades,2020,mountain pine beetle,36320,3268.8
4,Cascades,2020,needlecast,89,8.01
4,Cascades,2020,silver fir beetle,317,28.53
4,Cascades,2020,unknown,24283,2185.47
4,Cascades,2020,unknown defoliator,592,53.28
4,Cascades,2020,western balsam bark beetle,1960,176.4
4,Cascades,2020,western pine beetle,655,58.95
4,Cascades,2021,Douglas-fir beetle,47272,4254.48
4,Cascades,2021,Douglas-fir engraver,14564,1310.76
4,Cascades,2021,Douglas-fir tussock moth,911,81.99
4,Cascades,2021,Lophodermium needle cast of pines,253,22.77
4,Cascades,2021,balsam woolly adelgid,51031,4592.79
4,Cascades,2021,bears,129506,11655.54
4,Cascades,2021,fir engraver,90372,8133.48
4,Cascades,2021,fire,2055,184.95
4,Cascades,2021,heat,44300,3987.0
4,Cascades,2021,ips engraver beetles,263,23.67
4,Cascades,2021,larch needle cast,490,44.1
4,Cascades,2021,mountain pine beetle,35844,3225.96
4,Cascades,2021,mud-land slide,413,37.17
4,Cascades,2021,unknown,17401,1566.09
4,Cascades,2021,unknown defoliator,132,11.88
4,Cascades,2021,unknown root disease or decay,376,33.84
4,Cascades,2021,western balsam bark beetle,6011,540.99
4,Cascades,2021,western pine beetle,7510,675.9
4,Cascades,2021,white pine blister rust,104,9.36
4,Cascades,2021,wind-tornado/hurricane,80,7.2
4,Cascades,2022,Cytospora canker of fir,203819,18343.71
4,Cascades,2022,Douglas-fir beetle,185214,16669.26
4,Cascades,2022,Douglas-fir engraver,4697,422.73
4,Cascades,2022,Douglas-fir tussock moth,1014,91.26
4,Cascades,2022,Lophodermium needle cast of pines,8667,780.03
4,Cascades,2022,balsam woolly adelgid,291355,26221.95
4,Cascades,2022,bears,271128,24401.52
4,Cascades,2022,drought,40348,3631.32
4,Cascades,2022,fir engraver,1035880,93229.2
4,Cascades,2022,flatheaded fir borer,324534,29208.06
4,Cascades,2022,ips engraver beetles,231,20.79
4,Cascades,2022,larch needle cast,3039,273.51
4,Cascades,2022,mountain pine beetle,114155,10273.95
4,Cascades,2022,mud-land slide,148,13.32
4,Cascades,2022,unknown,31642,2847.78
4,Cascades,2022,unknown defoliator,1842,165.78
4,Cascades,2022,unknown root disease or decay,212,19.08
4,Cascades,2022,western balsam bark beetle,12341,1110.69
4,Cascades,2022,western pine beetle,28439,2559.51
4,Cascades,2023,Cytospora canker of fir,273829,24644.61
4,Cascades,2023,Douglas-fir beetle,305625,27506.25
4,Cascades,2023,Douglas-fir engraver,10514,946.26
4,Cascades,2023,Lophodermella needle cast of pines,1750,157.5
4,Cascades,2023,Port-Orford-cedar root disease,132,11.88
4,Cascades,2023,balsam woolly adelgid,510291,45926.19
4,Cascades,2023,bears,162479,14623.11
4,Cascades,2023,drought,2193,197.37
4,Cascades,2023,fir engraver,1058083,95227.47
4,Cascades,2023,fire,135,12.15
4,Cascades,2023,flatheaded fir borer,253545,22819.05
4,Cascades,2023,flooding-high water,258,23.22
4,Cascades,2023,hemlock sawfly,2980,268.2
4,Cascades,2023,ips engraver beetles,1103,99.27
4,Cascades,2023,mountain pine beetle,206225,18560.25
4,Cascades,2023,needlecast,74,6.66
4,Cascades,2023,silver fir beetle,4,0.36
4,Cascades,2023,spruce beetle,1916,172.44
4,Cascades,2023,unknown,17433,1568.97
4,Cascades,2023,unknown root disease or decay,988,88.92
4,Cascades,2023,western balsam bark beetle,17353,1561.77
4,Cascades,2023,western pine beetle,96907,8721.63
4,Cascades,2023,winter injury,631,56.79
4,Cascades,2024,Cytospora canker of fir,30104,2709.36
4,Cascades,2024,Diplodia canker,324,29.16
4,Cascades,2024,Douglas-fir beetle,185522,16696.98
4,Cascades,2024,Douglas-fir engraver,10575,951.75
4,Cascades,2024,Lophodermella needle cast of pines,28778,2590.02
4,Cascades,2024,balsam woolly adelgid,151082,13597.38
4,Cascades,2024,drought,656,59.04
4,Cascades,2024,fir engraver,534007,48060.63
4,Cascades,2024,fire,156,14.04
4,Cascades,2024,flatheaded fir borer,79077,7116.93
4,Cascades,2024,flooding-high water,116,10.44
4,Cascades,2024,hail,8761,788.49
4,Cascades,2024,ips engraver beetles,1293,116.37
4,Cascades,2024,larch casebearer,680,61.2
4,Cascades,2024,lodgepole sawfly,3805,342.45
4,Cascades,2024,mountain pine beetle,104470,9402.3
4,Cascades,2024,needlecast,1820,163.8
4,Cascades,2024,root disease or bears,112880,10159.2
4,Cascades,2024,spruce beetle,155,13.95
4,Cascades,2024,unknown,24280,2185.2
4,Cascades,2024,unknown defoliator,8214,739.26
4,Cascades,2024,western balsam bark beetle,10011,900.99
4,Cascades,2024,western blackheaded budworm,67,6.03
4,Cascades,2024,western pine beetle,74154,6673.86
4,Cascades,2024,wind-tornado/hurricane,56,5.04
4,Cascades,2024,winter injury,730,65.7
4,Cascades,2025,Cytospora canker of fir,1507,135.63
4,Cascades,2025,Douglas-fir beetle,33176,2985.84
4,Cascades,2025,Douglas-fir engraver,2310,207.9
4,Cascades,2025,Douglas-fir tussock moth,3135,282.15
4,Cascades,2025,balsam woolly adelgid,72659,6539.31
4,Cascades,2025,drought,99,8.91
4,Cascades,2025,fir engraver,117112,10540.08
4,Cascades,2025,fire,726,65.34
4,Cascades,2025,flatheaded fir borer,51558,4640.22
4,Cascades,2025,larch needle cast,233,20.97
4,Cascades,2025,mountain pine beetle,54745,4927.05
4,Cascades,2025,root disease or bears,85966,7736.94
4,Cascades,2025,silver fir beetle,129,11.61
4,Cascades,2025,unknown,2218,199.62
4,Cascades,2025,unknown defoliator,3471,312.39
4,Cascades,2025,western balsam bark beetle,2560,230.4
4,Cascades,2025,western pine beetle,25269,2274.21
77,North Cascades,1997,Douglas-fir beetle,11044,993.96
77,North Cascades,1997,Douglas-fir engraver,434,39.06
77,North Cascades,1997,Lophodermella needle cast of pines,332,29.88
77,North Cascades,1997,balsam woolly adelgid,21298,1916.82
77,North Cascades,1997,bears,20945,1885.05
77,North Cascades,1997,black pineleaf scale,454,40.86
77,North Cascades,1997,dieback,1711,153.99
77,North Cascades,1997,fir engraver,22346,2011.14
77,North Cascades,1997,fire,419,37.71
77,North Cascades,1997,flooding-high water,1547,139.23
77,North Cascades,1997,hemlock decline,100,9.0
77,North Cascades,1997,hemlock looper,240,21.6
77,North Cascades,1997,larch needle cast,33201,2988.09
77,North Cascades,1997,mountain pine beetle,247077,22236.93
77,North Cascades,1997,mud-land slide,1825,164.25
77,North Cascades,1997,root diseases/decay,303,27.27
77,North Cascades,1997,silver fir beetle,1081,97.29
77,North Cascades,1997,spruce beetle,14651,1318.59
77,North Cascades,1997,western balsam bark beetle,9124,821.16
77,North Cascades,1997,western pine beetle,16000,1440.0
77,North Cascades,1997,white pine blister rust,5944,534.96
77,North Cascades,1997,wind-tornado/hurricane,809,72.81
77,North Cascades,1998,Douglas-fir beetle,22825,2054.25
77,North Cascades,1998,Douglas-fir engraver,1241,111.69
77,North Cascades,1998,balsam woolly adelgid,1842,165.78
77,North Cascades,1998,bears,20785,1870.65
77,North Cascades,1998,black pineleaf scale,513,46.17
77,North Cascades,1998,decline complex,13548,1219.32
77,North Cascades,1998,fir engraver,6066,545.94
77,North Cascades,1998,frost,1045,94.05
77,North Cascades,1998,hemlock looper,4903,441.27
77,North Cascades,1998,mountain pine beetle,106496,9584.64
77,North Cascades,1998,needlecast,39327,3539.43
77,North Cascades,1998,root diseases/decay,368,33.12
77,North Cascades,1998,silver fir beetle,34,3.06
77,North Cascades,1998,spruce beetle,4375,393.75
77,North Cascades,1998,western balsam bark beetle,18753,1687.77
77,North Cascades,1998,western pine beetle,16396,1475.64
77,North Cascades,1998,white pine blister rust,578,52.02
77,North Cascades,1998,wild fire,585,52.65
77,North Cascades,1999,Douglas-fir beetle,33976,3057.84
77,North Cascades,1999,Douglas-fir engraver,299,26.91
77,North Cascades,1999,balsam woolly adelgid,1987,178.83
77,North Cascades,1999,bears,12929,1163.61
77,North Cascades,1999,black pineleaf scale,974,87.66
77,North Cascades,1999,fir engraver,9412,847.08
77,North Cascades,1999,frost,1263,113.67
77,North Cascades,1999,hemlock looper,96,8.64
77,North Cascades,1999,mountain pine beetle,241041,21693.69
77,North Cascades,1999,mud-land slide,1554,139.86
77,North Cascades,1999,needlecast,55,4.95
77,North Cascades,1999,pine engraver,29,2.61
77,North Cascades,1999,root diseases/decay,199,17.91
77,North Cascades,1999,satin moth,153,13.77
77,North Cascades,1999,silver fir beetle,119,10.71
77,North Cascades,1999,snow-ice,2064,185.76
77,North Cascades,1999,spruce beetle,2958,266.22
77,North Cascades,1999,western balsam bark beetle,9766,878.94
77,North Cascades,1999,western pine beetle,6783,610.47
77,North Cascades,1999,white pine blister rust,2060,185.4
77,North Cascades,1999,wild fire,1219,109.71
77,North Cascades,1999,wind-tornado/hurricane,116,10.44
77,North Cascades,2000,Douglas-fir beetle,41606,3744.54
77,North Cascades,2000,Douglas-fir engraver,18,1.62
77,North Cascades,2000,Douglas-fir tussock moth,67,6.03
77,North Cascades,2000,Gelechiid moths/needleminers,1247,112.23
77,North Cascades,2000,balsam woolly adelgid,3490,314.1
77,North Cascades,2000,bears,7485,673.65
77,North Cascades,2000,black pineleaf scale,72,6.48
77,North Cascades,2000,decline complex,414,37.26
77,North Cascades,2000,fir engraver,2735,246.15
77,North Cascades,2000,foliage discoloration,12810,1152.9
77,North Cascades,2000,frost,669,60.21
77,North Cascades,2000,hemlock looper,2243,201.87
77,North Cascades,2000,mountain pine beetle,256736,23106.24
77,North Cascades,2000,needlecast,13712,1234.08
77,North Cascades,2000,pine engraver,1049,94.41
77,North Cascades,2000,pine needle scale,161,14.49
77,North Cascades,2000,root diseases/decay,197,17.73
77,North Cascades,2000,satin moth,60,5.4
77,North Cascades,2000,silver fir beetle,22,1.98
77,North Cascades,2000,spruce beetle,6295,566.55
77,North Cascades,2000,western balsam bark beetle,8559,770.31
77,North Cascades,2000,western pine beetle,3638,327.42
77,North Cascades,2000,western spruce budworm,348,31.32
77,North Cascades,2000,white pine blister rust,10588,952.92
77,North Cascades,2001,Douglas-fir beetle,75919,6832.71
77,North Cascades,2001,Douglas-fir engraver,1935,174.15
77,North Cascades,2001,Douglas-fir rust,273,24.57
77,North Cascades,2001,Douglas-fir tussock moth,4536,408.24
77,North Cascades,2001,balsam woolly adelgid,67054,6034.86
77,North Cascades,2001,bears,23499,2114.91
77,North Cascades,2001,decline complex,839,75.51
77,North Cascades,2001,false hemlock looper,3158,284.22
77,North Cascades,2001,fir engraver,17180,1546.2
77,North Cascades,2001,foliage discoloration,3989,359.01
77,North Cascades,2001,frost,391,35.19
77,North Cascades,2001,hemlock decline,22422,2017.98
77,North Cascades,2001,hemlock looper,68920,6202.8
77,North Cascades,2001,mountain pine beetle,439059,39515.31
77,North Cascades,2001,mud-land slide,77,6.93
77,North Cascades,2001,needlecast,13868,1248.12
77,North Cascades,2001,pine engraver,2247,202.23
77,North Cascades,2001,pine needle scale,357,32.13
77,North Cascades,2001,root diseases/decay,859,77.31
77,North Cascades,2001,satin moth,404,36.36
77,North Cascades,2001,sawflies,146,13.14
77,North Cascades,2001,snow-ice,8,0.72
77,North Cascades,2001,spruce beetle,80089,7208.01
77,North Cascades,2001,western balsam bark beetle,53429,4808.61
77,North Cascades,2001,western pine beetle,6268,564.12
77,North Cascades,2001,western spruce budworm,9881,889.29
77,North Cascades,2001,white pine blister rust,13472,1212.48
77,North Cascades,2002,Douglas-fir beetle,59236,5331.24
77,North Cascades,2002,Douglas-fir engraver,428,38.52
77,North Cascades,2002,Lophodermium needle cast of pines,69,6.21
77,North Cascades,2002,balsam woolly adelgid,66892,6020.28
77,North Cascades,2002,bears,53376,4803.84
77,North Cascades,2002,black pineleaf scale,772,69.48
77,North Cascades,2002,decline complex,1052,94.68
77,North Cascades,2002,false hemlock looper,22977,2067.93
77,North Cascades,2002,fir engraver,90962,8186.58
77,North Cascades,2002,foliage discoloration,1660,149.4
77,North Cascades,2002,frost,321,28.89
77,North Cascades,2002,hemlock decline,23782,2140.38
77,North Cascades,2002,hemlock looper,156721,14104.89
77,North Cascades,2002,hemlock sawfly,277,24.93
77,North Cascades,2002,mountain pine beetle,493198,44387.82
77,North Cascades,2002,mud-land slide,1489,134.01
77,North Cascades,2002,needlecast,206,18.54
77,North Cascades,2002,pine engraver,1151,103.59
77,North Cascades,2002,root diseases/decay,121,10.89
77,North Cascades,2002,satin moth,157,14.13
77,North Cascades,2002,spruce beetle,118659,10679.31
77,North Cascades,2002,western balsam bark beetle,15936,1434.24
77,North Cascades,2002,western blackheaded budworm,7267,654.03
77,North Cascades,2002,western pine beetle,2742,246.78
77,North Cascades,2002,western tent caterpillar,2134,192.06
77,North Cascades,2002,white pine blister rust,53656,4829.04
77,North Cascades,2002,wild fire,177,15.93
77,North Cascades,2002,wind-tornado/hurricane,40,3.6
77,North Cascades,2003,Cytospora canker of fir,901,81.09
77,North Cascades,2003,Douglas-fir beetle,65311,5877.99
77,North Cascades,2003,Douglas-fir engraver,8482,763.38
77,North Cascades,2003,balsam woolly adelgid,35758,3218.22
77,North Cascades,2003,bears,179928,16193.52
77,North Cascades,2003,decline complex,1965,176.85
77,North Cascades,2003,fir engraver,158040,14223.6
77,North Cascades,2003,foliage discoloration,4142,372.78
77,North Cascades,2003,frost,448,40.32
77,North Cascades,2003,hemlock decline,33210,2988.9
77,North Cascades,2003,hemlock looper,6349,571.41
77,North Cascades,2003,larch casebearer,6903,621.27
77,North Cascades,2003,mountain pine beetle,578433,52058.97
77,North Cascades,2003,needlecast,4754,427.86
77,North Cascades,2003,pine engraver,895,80.55
77,North Cascades,2003,pine needle scale,920,82.8
77,North Cascades,2003,satin moth,329,29.61
77,North Cascades,2003,silver fir beetle,1441,129.69
77,North Cascades,2003,spruce beetle,65787,5920.83
77,North Cascades,2003,western balsam bark beetle,33470,3012.3
77,North Cascades,2003,western blackheaded budworm,4478,403.02
77,North Cascades,2003,western pine beetle,4256,383.04
77,North Cascades,2003,western spruce budworm,62461,5621.49
77,North Cascades,2003,western tent caterpillar,7157,644.13
77,North Cascades,2003,white pine blister rust,6842,615.78
77,North Cascades,2003,wild fire,7275,654.75
77,North Cascades,2004,Douglas-fir beetle,22302,2007.18
77,North Cascades,2004,Douglas-fir engraver,676,60.84
77,North Cascades,2004,balsam woolly adelgid,38641,3477.69
77,North Cascades,2004,bears,32947,2965.23
77,North Cascades,2004,black pineleaf scale,199,17.91
77,North Cascades,2004,fir engraver,168868,15198.12
77,North Cascades,2004,foliage discoloration,763,68.67
77,North Cascades,2004,frost,506,45.54
77,North Cascades,2004,hemlock decline,44732,4025.88
77,North Cascades,2004,hemlock looper,9236,831.24
77,North Cascades,2004,mortality,425,38.25
77,North Cascades,2004,mountain pine beetle,702291,63206.19
77,North Cascades,2004,pine engraver,15228,1370.52
77,North Cascades,2004,root diseases/decay,79,7.11
77,North Cascades,2004,satin moth,137,12.33
77,North Cascades,2004,silver fir beetle,28689,2582.01
77,North Cascades,2004,spruce beetle,94149,8473.41
77,North Cascades,2004,western balsam bark beetle,45737,4116.33
77,North Cascades,2004,western pine beetle,1822,163.98
77,North Cascades,2004,western spruce budworm,211254,19012.86
77,North Cascades,2004,western tent caterpillar,343,30.87
77,North Cascades,2004,white pine blister rust,5417,487.53
77,North Cascades,2004,wild fire,4014,361.26
77,North Cascades,2004,wind-tornado/hurricane,9,0.81
77,North Cascades,2005,Douglas-fir beetle,46377,4173.93
77,North Cascades,2005,balsam woolly adelgid,48939,4404.51
77,North Cascades,2005,bears,120684,10861.56
77,North Cascades,2005,black pineleaf scale,1402,126.18
77,North Cascades,2005,decline complex,1467,132.03
77,North Cascades,2005,fir engraver,274615,24715.35
77,North Cascades,2005,foliage discoloration,488,43.92
77,North Cascades,2005,frost,184,16.56
77,North Cascades,2005,hemlock decline,122889,11060.01
77,North Cascades,2005,hemlock looper,5446,490.14
77,North Cascades,2005,mountain pine beetle,839695,75572.55
77,North Cascades,2005,pine engraver,8450,760.5
77,North Cascades,2005,root diseases/decay,57,5.13
77,North Cascades,2005,spruce beetle,174402,15696.18
77,North Cascades,2005,western balsam bark beetle,27974,2517.66
77,North Cascades,2005,western pine beetle,6302,567.18
77,North Cascades,2005,western spruce budworm,739887,66589.83
77,North Cascades,2005,white pine blister rust,3612,325.08
77,North Cascades,2005,wild fire,8090,728.1
77,North Cascades,2006,Douglas-fir beetle,49042,4413.78
77,North Cascades,2006,Douglas-fir engraver,1214,109.26
77,North Cascades,2006,balsam woolly adelgid,82847,7456.23
77,North Cascades,2006,bears,108982,9808.38
77,North Cascades,2006,black pineleaf scale,20561,1850.49
77,North Cascades,2006,fir engraver,211382,19024.38
77,North Cascades,2006,fire,5559,500.31
77,North Cascades,2006,foliage discoloration,1197,107.73
77,North Cascades,2006,frost,157,14.13
77,North Cascades,2006,hemlock decline,71235,6411.15
77,North Cascades,2006,hemlock looper,7968,717.12
77,North Cascades,2006,mountain pine beetle,455998,41039.82
77,North Cascades,2006,mud-land slide,25,2.25
77,North Cascades,2006,needlecast,8094,728.46
77,North Cascades,2006,pine engraver,1451,130.59
77,North Cascades,2006,root diseases/decay,364,32.76
77,North Cascades,2006,silver fir beetle,97,8.73
77,North Cascades,2006,spruce beetle,121152,10903.68
77,North Cascades,2006,western balsam bark beetle,14263,1283.67
77,North Cascades,2006,western pine beetle,25033,2252.97
77,North Cascades,2006,western spruce budworm,1304059,117365.31
77,North Cascades,2006,white pine blister rust,132,11.88
77,North Cascades,2007,Douglas-fir beetle,58339,5250.51
77,North Cascades,2007,Douglas-fir engraver,8,0.72
77,North Cascades,2007,balsam woolly adelgid,75428,6788.52
77,North Cascades,2007,bears,77020,6931.8
77,North Cascades,2007,decline complex,584,52.56
77,North Cascades,2007,fir engraver,301841,27165.69
77,North Cascades,2007,fire,76078,6847.02
77,North Cascades,2007,frost,3270,294.3
77,North Cascades,2007,hemlock decline,125854,11326.86
77,North Cascades,2007,mountain pine beetle,452484,40723.56
77,North Cascades,2007,mud-land slide,120,10.8
77,North Cascades,2007,pine engraver,9,0.81
77,North Cascades,2007,root diseases/decay,1228,110.52
77,North Cascades,2007,satin moth,106,9.54
77,North Cascades,2007,silver fir beetle,338,30.42
77,North Cascades,2007,spruce beetle,134730,12125.7
77,North Cascades,2007,western balsam bark beetle,74162,6674.58
77,North Cascades,2007,western pine beetle,13737,1236.33
77,North Cascades,2007,western spruce budworm,1073288,96595.92
77,North Cascades,2007,western tent caterpillar,126,11.34
77,North Cascades,2007,wind-tornado/hurricane,5798,521.82
77,North Cascades,2008,Douglas-fir beetle,15994,1439.46
77,North Cascades,2008,Douglas-fir engraver,35,3.15
77,North Cascades,2008,Douglas-fir tussock moth,1107,99.63
77,North Cascades,2008,balsam woolly adelgid,92103,8289.27
77,North Cascades,2008,bears,104718,9424.62
77,North Cascades,2008,black pineleaf scale,260,23.4
77,North Cascades,2008,decline complex,65,5.85
77,North Cascades,2008,fir engraver,199940,17994.6
77,North Cascades,2008,fire,24600,2214.0
77,North Cascades,2008,frost,459,41.31
77,North Cascades,2008,hemlock decline,32361,2912.49
77,North Cascades,2008,hemlock looper,2296,206.64
77,North Cascades,2008,larch casebearer,559,50.31
77,North Cascades,2008,mountain pine beetle,505223,45470.07
77,North Cascades,2008,mud-land slide,2168,195.12
77,North Cascades,2008,needlecast,5668,510.12
77,North Cascades,2008,pine engraver,270,24.3
77,North Cascades,2008,root diseases/decay,31,2.79
77,North Cascades,2008,silver fir beetle,21,1.89
77,North Cascades,2008,spruce beetle,109553,9859.77
77,North Cascades,2008,western balsam bark beetle,79316,7138.44
77,North Cascades,2008,western oak looper,217,19.53
77,North Cascades,2008,western pine beetle,3612,325.08
77,North Cascades,2008,western spruce budworm,1819040,163713.6
77,North Cascades,2008,wind-tornado/hurricane,10996,989.64
77,North Cascades,2009,Douglas-fir beetle,33038,2973.42
77,North Cascades,2009,Douglas-fir tussock moth,9164,824.76
77,North Cascades,2009,balsam woolly adelgid,96236,8661.24
77,North Cascades,2009,bears,282805,25452.45
77,North Cascades,2009,black pineleaf scale,115,10.35
77,North Cascades,2009,decline complex,32,2.88
77,North Cascades,2009,fir engraver,245009,22050.81
77,North Cascades,2009,fire,275777,24819.93
77,North Cascades,2009,flooding-high water,1869,168.21
77,North Cascades,2009,foliage discoloration,423,38.07
77,North Cascades,2009,hemlock decline,77780,7000.2
77,North Cascades,2009,mountain pine beetle,1171605,105444.45
77,North Cascades,2009,mud-land slide,60,5.4
77,North Cascades,2009,pine engraver,617,55.53
77,North Cascades,2009,root diseases/decay,2377,213.93
77,North Cascades,2009,spruce beetle,254177,22875.93
77,North Cascades,2009,western balsam bark beetle,34318,3088.62
77,North Cascades,2009,western pine beetle,194,17.46
77,North Cascades,2009,western spruce budworm,1601221,144109.89
77,North Cascades,2009,wind-tornado/hurricane,709,63.81
77,North Cascades,2009,winter injury,141,12.69
77,North Cascades,2010,Douglas-fir beetle,7276,654.84
77,North Cascades,2010,Douglas-fir engraver,8,0.72
77,North Cascades,2010,Douglas-fir tussock moth,2430,218.7
77,North Cascades,2010,balsam woolly adelgid,67813,6103.17
77,North Cascades,2010,bears,31085,2797.65
77,North Cascades,2010,decline complex,1814,163.26
77,North Cascades,2010,fir engraver,97060,8735.4
77,North Cascades,2010,fire,74261,6683.49
77,North Cascades,2010,flooding-high water,599,53.91
77,North Cascades,2010,hemlock decline,17960,1616.4
77,North Cascades,2010,mountain pine beetle,465509,41895.81
77,North Cascades,2010,needlecast,905,81.45
77,North Cascades,2010,pine engraver,239,21.51
77,North Cascades,2010,root diseases/decay,94,8.46
77,North Cascades,2010,satin moth,900,81.0
77,North Cascades,2010,spruce beetle,67870,6108.3
77,North Cascades,2010,western balsam bark beetle,39469,3552.21
77,North Cascades,2010,western pine beetle,3939,354.51
77,North Cascades,2010,western spruce budworm,1331987,119878.83
77,North Cascades,2010,western tent caterpillar,274,24.66
77,North Cascades,2011,Douglas-fir beetle,20908,1881.72
77,North Cascades,2011,Douglas-fir engraver,26,2.34
77,North Cascades,2011,balsam woolly adelgid,72711,6543.99
77,North Cascades,2011,bears,119795,10781.55
77,North Cascades,2011,black pineleaf scale,27,2.43
77,North Cascades,2011,decline complex,2195,197.55
77,North Cascades,2011,fir engraver,82681,7441.29
77,North Cascades,2011,fire,17722,1594.98
77,North Cascades,2011,flooding-high water,1609,144.81
77,North Cascades,2011,hardwood leaf rusts,240,21.6
77,North Cascades,2011,hemlock decline,72748,6547.32
77,North Cascades,2011,hemlock looper,1310,117.9
77,North Cascades,2011,hemlock sawfly,4606,414.54
77,North Cascades,2011,larch needle cast,213,19.17
77,North Cascades,2011,maple decline,255,22.95
77,North Cascades,2011,mountain pine beetle,234663,21119.67
77,North Cascades,2011,mud-land slide,747,67.23
77,North Cascades,2011,needlecast,226,20.34
77,North Cascades,2011,pine butterfly,270,24.3
77,North Cascades,2011,pine engraver,45,4.05
77,North Cascades,2011,ponderosa pine sawfly,270,24.3
77,North Cascades,2011,root diseases/decay,214,19.26
77,North Cascades,2011,spruce beetle,66015,5941.35
77,North Cascades,2011,western balsam bark beetle,21051,1894.59
77,North Cascades,2011,western pine beetle,776,69.84
77,North Cascades,2011,western spruce budworm,1319820,118783.8
77,North Cascades,2011,wind-tornado/hurricane,56,5.04
77,North Cascades,2012,Douglas-fir beetle,84075,7566.75
77,North Cascades,2012,Lophodermium needle cast of pines,335,30.15
77,North Cascades,2012,balsam woolly adelgid,46182,4156.38
77,North Cascades,2012,bears,168366,15152.94
77,North Cascades,2012,black pineleaf scale,665,59.85
77,North Cascades,2012,decline complex,678,61.02
77,North Cascades,2012,fir engraver,42892,3860.28
77,North Cascades,2012,fire,13822,1243.98
77,North Cascades,2012,flooding-high water,1028,92.52
77,North Cascades,2012,hardwood leaf rusts,20539,1848.51
77,North Cascades,2012,hemlock decline,25429,2288.61
77,North Cascades,2012,hemlock looper,6468,582.12
77,North Cascades,2012,hemlock sawfly,223,20.07
77,North Cascades,2012,larch needle cast,586,52.74
77,North Cascades,2012,mountain pine beetle,258509,23265.81
77,North Cascades,2012,mud-land slide,111,9.99
77,North Cascades,2012,needlecast,1795,161.55
77,North Cascades,2012,pine engraver,329,29.61
77,North Cascades,2012,root diseases/decay,82,7.38
77,North Cascades,2012,satin moth,714,64.26
77,North Cascades,2012,sawflies,3553,319.77
77,North Cascades,2012,silver fir beetle,18,1.62
77,North Cascades,2012,spruce beetle,277813,25003.17
77,North Cascades,2012,western balsam bark beetle,14156,1274.04
77,North Cascades,2012,western blackheaded budworm,885,79.65
77,North Cascades,2012,western pine beetle,174,15.66
77,North Cascades,2012,western spruce budworm,1122471,101022.39
77,North Cascades,2012,western tent caterpillar,12208,1098.72
77,North Cascades,2012,wind-tornado/hurricane,34,3.06
77,North Cascades,2012,winter injury,795,71.55
77,North Cascades,2013,Douglas-fir beetle,22702,2043.18
77,North Cascades,2013,Douglas-fir engraver,86,7.74
77,North Cascades,2013,balsam woolly adelgid,26400,2376.0
77,North Cascades,2013,bears,86557,7790.13
77,North Cascades,2013,decline complex,848,76.32
77,North Cascades,2013,fir engraver,7455,670.95
77,North Cascades,2013,fire,20974,1887.66
77,North Cascades,2013,flooding-high water,549,49.41
77,North Cascades,2013,foliage discoloration,842,75.78
77,North Cascades,2013,hemlock decline,7615,685.35
77,North Cascades,2013,larch needle cast,470,42.3
77,North Cascades,2013,mountain pine beetle,225661,20309.49
77,North Cascades,2013,needlecast,2883,259.47
77,North Cascades,2013,no data,148,13.32
77,North Cascades,2013,pine engraver,194,17.46
77,North Cascades,2013,ponderosa pine sawfly,40,3.6
77,North Cascades,2013,root diseases/decay,27,2.43
77,North Cascades,2013,satin moth,292,26.28
77,North Cascades,2013,sawflies,890,80.1
77,North Cascades,2013,spruce beetle,146920,13222.8
77,North Cascades,2013,western balsam bark beetle,5717,514.53
77,North Cascades,2013,western blackheaded budworm,30541,2748.69
77,North Cascades,2013,western pine beetle,675,60.75
77,North Cascades,2013,western spruce budworm,379367,34143.03
77,North Cascades,2013,western tent caterpillar,441,39.69
77,North Cascades,2014,Douglas-fir beetle,78160,7034.4
77,North Cascades,2014,balsam woolly adelgid,36304,3267.36
77,North Cascades,2014,bears,35129,3161.61
77,North Cascades,2014,decline complex,618,55.62
77,North Cascades,2014,fir engraver,47455,4270.95
77,North Cascades,2014,fire,100812,9073.08
77,North Cascades,2014,flooding-high water,217,19.53
77,North Cascades,2014,hemlock decline,21725,1955.25
77,North Cascades,2014,larch needle cast,34,3.06
77,North Cascades,2014,mountain pine beetle,240561,21650.49
77,North Cascades,2014,mud-land slide,1536,138.24
77,North Cascades,2014,spruce beetle,166804,15012.36
77,North Cascades,2014,western balsam bark beetle,8953,805.77
77,North Cascades,2014,western blackheaded budworm,41169,3705.21
77,North Cascades,2014,western pine beetle,25162,2264.58
77,North Cascades,2014,western spruce budworm,112253,10102.77
77,North Cascades,2014,winter injury,9,0.81
77,North Cascades,2015,Douglas-fir beetle,42026,3782.34
77,North Cascades,2015,balsam woolly adelgid,44752,4027.68
77,North Cascades,2015,bears,51612,4645.08
77,North Cascades,2015,black pineleaf scale,49,4.41
77,North Cascades,2015,fir engraver,15414,1387.26
77,North Cascades,2015,flooding-high water,565,50.85
77,North Cascades,2015,mountain pine beetle,50921,4582.89
77,North Cascades,2015,pine engraver,21,1.89
77,North Cascades,2015,silver fir beetle,839,75.51
77,North Cascades,2015,spruce beetle,71781,6460.29
77,North Cascades,2015,unknown,13837,1245.33
77,North Cascades,2015,western balsam bark beetle,6164,554.76
77,North Cascades,2015,western pine beetle,998,89.82
77,North Cascades,2015,western spruce budworm,120057,10805.13
77,North Cascades,2015,wild fire,8037,723.33
77,North Cascades,2016,Douglas-fir beetle,35292,3176.28
77,North Cascades,2016,Douglas-fir engraver,712,64.08
77,North Cascades,2016,balsam woolly adelgid,93048,8374.32
77,North Cascades,2016,bears,17164,1544.76
77,North Cascades,2016,drought,677,60.93
77,North Cascades,2016,fir engraver,44922,4042.98
77,North Cascades,2016,fire,18130,1631.7
77,North Cascades,2016,larch needle cast,9,0.81
77,North Cascades,2016,mountain pine beetle,106749,9607.41
77,North Cascades,2016,mud-land slide,76,6.84
77,North Cascades,2016,pine engraver,356,32.04
77,North Cascades,2016,satin moth,138,12.42
77,North Cascades,2016,silver fir beetle,4844,435.96
77,North Cascades,2016,spruce beetle,149905,13491.45
77,North Cascades,2016,unknown,20087,1807.83
77,North Cascades,2016,western balsam bark beetle,21685,1951.65
77,North Cascades,2016,western pine beetle,426,38.34
77,North Cascades,2016,western spruce budworm,52334,4710.06
77,North Cascades,2016,white pine blister rust,10,0.9
77,North Cascades,2016,winter injury,2685,241.65
77,North Cascades,2017,Douglas-fir beetle,55669,5010.21
77,North Cascades,2017,Douglas-fir engraver,8,0.72
77,North Cascades,2017,balsam woolly adelgid,98168,8835.12
77,North Cascades,2017,bears,53394,4805.46
77,North Cascades,2017,drought,367,33.03
77,North Cascades,2017,fir engraver,82532,7427.88
77,North Cascades,2017,fire,67417,6067.53
77,North Cascades,2017,flooding-high water,305,27.45
77,North Cascades,2017,ips engraver beetles,1482,133.38
77,North Cascades,2017,larch casebearer,561,50.49
77,North Cascades,2017,mountain pine beetle,224309,20187.81
77,North Cascades,2017,mud-land slide,47,4.23
77,North Cascades,2017,needlecast,1134,102.06
77,North Cascades,2017,satin moth,1556,140.04
77,North Cascades,2017,silver fir beetle,7410,666.9
77,North Cascades,2017,spruce aphid,9,0.81
77,North Cascades,2017,spruce beetle,47498,4274.82
77,North Cascades,2017,unknown,106910,9621.9
77,North Cascades,2017,unknown root disease or decay,527,47.43
77,North Cascades,2017,western balsam bark beetle,84928,7643.52
77,North Cascades,2017,western pine beetle,2198,197.82
77,North Cascades,2017,western spruce budworm,3310,297.9
77,North Cascades,2017,wind-tornado/hurricane,36,3.24
77,North Cascades,2017,winter injury,6100,549.0
77,North Cascades,2018,Douglas-fir beetle,21823,1964.07
77,North Cascades,2018,Douglas-fir engraver,649,58.41
77,North Cascades,2018,Douglas-fir tussock moth,7046,634.14
77,North Cascades,2018,balsam woolly adelgid,38673,3480.57
77,North Cascades,2018,bears,31321,2818.89
77,North Cascades,2018,fir engraver,46831,4214.79
77,North Cascades,2018,fire,14422,1297.98
77,North Cascades,2018,flooding-high water,88,7.92
77,North Cascades,2018,hemlock looper,3916,352.44
77,North Cascades,2018,ips engraver beetles,216,19.44
77,North Cascades,2018,mountain pine beetle,108863,9797.67
77,North Cascades,2018,satin moth,19,1.71
77,North Cascades,2018,silver fir beetle,294,26.46
77,North Cascades,2018,spruce beetle,5209,468.81
77,North Cascades,2018,unknown,79579,7162.11
77,North Cascades,2018,unknown defoliator,166,14.94
77,North Cascades,2018,western balsam bark beetle,31657,2849.13
77,North Cascades,2018,western pine beetle,3199,287.91
77,North Cascades,2018,western spruce budworm,6189,557.01
77,North Cascades,2019,Douglas-fir beetle,82674,7440.66
77,North Cascades,2019,Douglas-fir engraver,21,1.89
77,North Cascades,2019,Douglas-fir tussock moth,21257,1913.13
77,North Cascades,2019,Lophodermium needle cast of pines,565,50.85
77,North Cascades,2019,balsam woolly adelgid,85868,7728.12
77,North Cascades,2019,bears,18359,1652.31
77,North Cascades,2019,fir engraver,102364,9212.76
77,North Cascades,2019,fire,98982,8908.38
77,North Cascades,2019,hemlock looper,23663,2129.67
77,North Cascades,2019,ips engraver beetles,570,51.3
77,North Cascades,2019,larch needle cast,207,18.63
77,North Cascades,2019,mountain pine beetle,187761,16898.49
77,North Cascades,2019,satin moth,289,26.01
77,North Cascades,2019,silver fir beetle,7040,633.6
77,North Cascades,2019,spruce beetle,6322,568.98
77,North Cascades,2019,unknown,51093,4598.37
77,North Cascades,2019,unknown defoliator,41,3.69
77,North Cascades,2019,unknown root disease or decay,292,26.28
77,North Cascades,2019,western balsam bark beetle,68390,6155.1
77,North Cascades,2019,western pine beetle,16982,1528.38
77,North Cascades,2019,wind-tornado/hurricane,71,6.39
77,North Cascades,2020,Douglas-fir beetle,39660,3569.4
77,North Cascades,2020,Douglas-fir engraver,1138,102.42
77,North Cascades,2020,Lophodermium needle cast of pines,129,11.61
77,North Cascades,2020,balsam woolly adelgid,11567,1041.03
77,North Cascades,2020,bears,899,80.91
77,North Cascades,2020,black pineleaf scale,53,4.77
77,North Cascades,2020,fir engraver,23424,2108.16
77,North Cascades,2020,fire,6237,561.33
77,North Cascades,2020,hemlock looper,3798,341.82
77,North Cascades,2020,ips engraver beetles,332,29.88
77,North Cascades,2020,larch needle cast,307,27.63
77,North Cascades,2020,mountain pine beetle,50672,4560.48
77,North Cascades,2020,satin moth,3265,293.85
77,North Cascades,2020,silver fir beetle,3096,278.64
77,North Cascades,2020,spruce beetle,716,64.44
77,North Cascades,2020,unknown,38126,3431.34
77,North Cascades,2020,unknown defoliator,332,29.88
77,North Cascades,2020,unknown root disease or decay,48,4.32
77,North Cascades,2020,western balsam bark beetle,24455,2200.95
77,North Cascades,2020,western pine beetle,12621,1135.89
77,North Cascades,2021,Douglas-fir beetle,21996,1979.64
77,North Cascades,2021,Douglas-fir engraver,1622,145.98
77,North Cascades,2021,balsam woolly adelgid,70398,6335.82
77,North Cascades,2021,bears,45326,4079.34
77,North Cascades,2021,fir engraver,60364,5432.76
77,North Cascades,2021,fire,112,10.08
77,North Cascades,2021,heat,9746,877.14
77,North Cascades,2021,ips engraver beetles,3297,296.73
77,North Cascades,2021,larch needle cast,679,61.11
77,North Cascades,2021,mountain pine beetle,98610,8874.9
77,North Cascades,2021,silver fir beetle,3462,311.58
77,North Cascades,2021,spruce beetle,5498,494.82
77,North Cascades,2021,unknown,90273,8124.57
77,North Cascades,2021,western balsam bark beetle,175004,15750.36
77,North Cascades,2021,western pine beetle,14783,1330.47
77,North Cascades,2021,winter injury,46,4.14
77,North Cascades,2022,Douglas-fir beetle,99618,8965.62
77,North Cascades,2022,Douglas-fir engraver,3449,310.41
77,North Cascades,2022,balsam woolly adelgid,117915,10612.35
77,North Cascades,2022,bears,105800,9522.0
77,North Cascades,2022,fir engraver,83248,7492.32
77,North Cascades,2022,flooding-high water,64,5.76
77,North Cascades,2022,ips engraver beetles,31,2.79
77,North Cascades,2022,larch needle cast,16780,1510.2
77,North Cascades,2022,mountain pine beetle,176283,15865.47
77,North Cascades,2022,mud-land slide,185,16.65
77,North Cascades,2022,satin moth,93,8.37
77,North Cascades,2022,silver fir beetle,3368,303.12
77,North Cascades,2022,spruce beetle,8695,782.55
77,North Cascades,2022,unknown,154253,13882.77
77,North Cascades,2022,unknown defoliator,9671,870.39
77,North Cascades,2022,western balsam bark beetle,129056,11615.04
77,North Cascades,2022,western pine beetle,8956,806.04
77,North Cascades,2022,wind-tornado/hurricane,66,5.94
77,North Cascades,2023,Douglas-fir beetle,30259,2723.31
77,North Cascades,2023,Douglas-fir engraver,4706,423.54
77,North Cascades,2023,balsam woolly adelgid,50758,4568.22
77,North Cascades,2023,bears,60454,5440.86
77,North Cascades,2023,fir engraver,75157,6764.13
77,North Cascades,2023,fire,847,76.23
77,North Cascades,2023,flatheaded fir borer,1867,168.03
77,North Cascades,2023,ips engraver beetles,62,5.58
77,North Cascades,2023,larch casebearer,1402,126.18
77,North Cascades,2023,larch needle cast,484,43.56
77,North Cascades,2023,mountain pine beetle,130118,11710.62
77,North Cascades,2023,silver fir beetle,2179,196.11
77,North Cascades,2023,spruce beetle,2908,261.72
77,North Cascades,2023,unknown,33655,3028.95
77,North Cascades,2023,unknown defoliator,1240,111.6
77,North Cascades,2023,unknown root disease or decay,827,74.43
77,North Cascades,2023,western balsam bark beetle,76788,6910.92
77,North Cascades,2023,western pine beetle,11143,1002.87
77,North Cascades,2023,winter injury,10335,930.15
77,North Cascades,2024,Douglas-fir beetle,31222,2809.98
77,North Cascades,2024,Douglas-fir engraver,1514,136.26
77,North Cascades,2024,balsam woolly adelgid,67393,6065.37
77,North Cascades,2024,fir engraver,118882,10699.38
77,North Cascades,2024,fire,7821,703.89
77,North Cascades,2024,flooding-high water,143,12.87
77,North Cascades,2024,ips engraver beetles,116,10.44
77,North Cascades,2024,larch casebearer,10031,902.79
77,North Cascades,2024,mountain pine beetle,113654,10228.86
77,North Cascades,2024,mud-land slide,131,11.79
77,North Cascades,2024,root disease or bears,24050,2164.5
77,North Cascades,2024,silver fir beetle,12910,1161.9
77,North Cascades,2024,spruce beetle,321,28.89
77,North Cascades,2024,unknown,55560,5000.4
77,North Cascades,2024,unknown defoliator,78,7.02
77,North Cascades,2024,unknown root disease or decay,848,76.32
77,North Cascades,2024,western balsam bark beetle,28179,2536.11
77,North Cascades,2024,western blackheaded budworm,42285,3805.65
77,North Cascades,2024,western pine beetle,6882,619.38
77,North Cascades,2024,western spruce budworm,285371,25683.39
77,North Cascades,2024,western tent caterpillar,1219,109.71
77,North Cascades,2024,winter injury,90,8.1
77,North Cascades,2025,Douglas-fir beetle,37710,3393.9
77,North Cascades,2025,Douglas-fir engraver,475,42.75
77,North Cascades,2025,balsam woolly adelgid,60711,5463.99
77,North Cascades,2025,fir engraver,37131,3341.79
77,North Cascades,2025,fire,2976,267.84
77,North Cascades,2025,larch casebearer,229,20.61
77,North Cascades,2025,larch needle cast,38,3.42
77,North Cascades,2025,mountain pine beetle,34780,3130.2
77,North Cascades,2025,root disease or bears,33330,2999.7
77,North Cascades,2025,silver fir beetle,15528,1397.52
77,North Cascades,2025,unknown,11338,1020.42
77,North Cascades,2025,unknown defoliator,315,28.35
77,North Cascades,2025,western balsam bark beetle,14027,1262.43
77,North Cascades,2025,western blackheaded budworm,33590,3023.1
77,North Cascades,2025,western pine beetle,2118,190.62
77,North Cascades,2025,western spruce budworm,637095,57338.55
77,North Cascades,2025,wind-tornado/hurricane,1549,139.41
78,Klamath Mountains/California High North Coast Range,1997,Cytospora canker of fir,2126,191.34
78,Klamath Mountains/California High North Coast Range,1997,Douglas-fir beetle,73,6.57
78,Klamath Mountains/California High North Coast Range,1997,Lophodermella needle cast of pines,825,74.25
78,Klamath Mountains/California High North Coast Range,1997,Port-Orford-cedar root disease,515,46.35
78,Klamath Mountains/California High North Coast Range,1997,bears,223,20.07
78,Klamath Mountains/California High North Coast Range,1997,fir engraver,3795,341.55
78,Klamath Mountains/California High North Coast Range,1997,flooding-high water,40,3.6
78,Klamath Mountains/California High North Coast Range,1997,mountain pine beetle,986,88.74
78,Klamath Mountains/California High North Coast Range,1997,western pine beetle,774,69.66
78,Klamath Mountains/California High North Coast Range,1997,white pine blister rust,453,40.77
78,Klamath Mountains/California High North Coast Range,1997,wind-tornado/hurricane,105,9.45
78,Klamath Mountains/California High North Coast Range,1998,Cytospora canker of fir,657,59.13
78,Klamath Mountains/California High North Coast Range,1998,Douglas-fir beetle,378,34.02
78,Klamath Mountains/California High North Coast Range,1998,Port-Orford-cedar root disease,286,25.74
78,Klamath Mountains/California High North Coast Range,1998,bears,6,0.54
78,Klamath Mountains/California High North Coast Range,1998,fir engraver,166,14.94
78,Klamath Mountains/California High North Coast Range,1998,flatheaded borer,167,15.03
78,Klamath Mountains/California High North Coast Range,1998,mountain pine beetle,511,45.99
78,Klamath Mountains/California High North Coast Range,1998,needlecast,963,86.67
78,Klamath Mountains/California High North Coast Range,1998,western pine beetle,479,43.11
78,Klamath Mountains/California High North Coast Range,1999,Douglas-fir beetle,3630,326.7
78,Klamath Mountains/California High North Coast Range,1999,Douglas-fir engraver,764,68.76
78,Klamath Mountains/California High North Coast Range,1999,Lophodermella needle cast of pines,56,5.04
78,Klamath Mountains/California High North Coast Range,1999,Port-Orford-cedar root disease,790,71.1
78,Klamath Mountains/California High North Coast Range,1999,bears,1838,165.42
78,Klamath Mountains/California High North Coast Range,1999,fir engraver,104,9.36
78,Klamath Mountains/California High North Coast Range,1999,flatheaded borer,356,32.04
78,Klamath Mountains/California High North Coast Range,1999,mountain pine beetle,4495,404.55
78,Klamath Mountains/California High North Coast Range,1999,pine engraver,31,2.79
78,Klamath Mountains/California High North Coast Range,1999,western pine beetle,395,35.55
78,Klamath Mountains/California High North Coast Range,1999,white pine blister rust,303,27.27
78,Klamath Mountains/California High North Coast Range,1999,wild fire,55,4.95
78,Klamath Mountains/California High North Coast Range,2000,Cytospora canker of fir,581,52.29
78,Klamath Mountains/California High North Coast Range,2000,Douglas-fir beetle,3439,309.51
78,Klamath Mountains/California High North Coast Range,2000,Lophodermella needle cast of pines,110,9.9
78,Klamath Mountains/California High North Coast Range,2000,Port-Orford-cedar root disease,1279,115.11
78,Klamath Mountains/California High North Coast Range,2000,bears,3683,331.47
78,Klamath Mountains/California High North Coast Range,2000,fir engraver,389,35.01
78,Klamath Mountains/California High North Coast Range,2000,flatheaded borer,177,15.93
78,Klamath Mountains/California High North Coast Range,2000,mountain pine beetle,5490,494.1
78,Klamath Mountains/California High North Coast Range,2000,pine needle sheathminer,97,8.73
78,Klamath Mountains/California High North Coast Range,2000,root diseases/decay,87,7.83
78,Klamath Mountains/California High North Coast Range,2000,western pine beetle,2121,190.89
78,Klamath Mountains/California High North Coast Range,2000,wild fire,33,2.97
78,Klamath Mountains/California High North Coast Range,2001,Cytospora canker of fir,5508,495.72
78,Klamath Mountains/California High North Coast Range,2001,Douglas-fir beetle,3210,288.9
78,Klamath Mountains/California High North Coast Range,2001,Lophodermella needle cast of pines,417,37.53
78,Klamath Mountains/California High North Coast Range,2001,Port-Orford-cedar root disease,861,77.49
78,Klamath Mountains/California High North Coast Range,2001,bears,2891,260.19
78,Klamath Mountains/California High North Coast Range,2001,fir engraver,1109,99.81
78,Klamath Mountains/California High North Coast Range,2001,flatheaded borer,593,53.37
78,Klamath Mountains/California High North Coast Range,2001,mortality,62,5.58
78,Klamath Mountains/California High North Coast Range,2001,mountain pine beetle,6913,622.17
78,Klamath Mountains/California High North Coast Range,2001,pine engraver,1333,119.97
78,Klamath Mountains/California High North Coast Range,2001,spruce aphid,35,3.15
78,Klamath Mountains/California High North Coast Range,2001,western pine beetle,3265,293.85
78,Klamath Mountains/California High North Coast Range,2001,white pine blister rust,1450,130.5
78,Klamath Mountains/California High North Coast Range,2001,wild fire,404,36.36
78,Klamath Mountains/California High North Coast Range,2002,Cytospora canker of fir,6446,580.14
78,Klamath Mountains/California High North Coast Range,2002,Douglas-fir beetle,2286,205.74
78,Klamath Mountains/California High North Coast Range,2002,Douglas-fir engraver,36,3.24
78,Klamath Mountains/California High North Coast Range,2002,Lophodermella needle cast of pines,2317,208.53
78,Klamath Mountains/California High North Coast Range,2002,Port-Orford-cedar root disease,1271,114.39
78,Klamath Mountains/California High North Coast Range,2002,bears,3027,272.43
78,Klamath Mountains/California High North Coast Range,2002,fir engraver,17120,1540.8
78,Klamath Mountains/California High North Coast Range,2002,flatheaded borer,109990,9899.1
78,Klamath Mountains/California High North Coast Range,2002,foliage discoloration,1298,116.82
78,Klamath Mountains/California High North Coast Range,2002,mountain pine beetle,17133,1541.97
78,Klamath Mountains/California High North Coast Range,2002,pine engraver,13463,1211.67
78,Klamath Mountains/California High North Coast Range,2002,western pine beetle,107197,9647.73
78,Klamath Mountains/California High North Coast Range,2002,white pine blister rust,2666,239.94
78,Klamath Mountains/California High North Coast Range,2003,Cytospora canker of fir,102,9.18
78,Klamath Mountains/California High North Coast Range,2003,Douglas-fir beetle,64,5.76
78,Klamath Mountains/California High North Coast Range,2003,Lophodermella needle cast of pines,1320,118.8
78,Klamath Mountains/California High North Coast Range,2003,Lophodermium needle cast of pines,169,15.21
78,Klamath Mountains/California High North Coast Range,2003,Port-Orford-cedar root disease,1369,123.21
78,Klamath Mountains/California High North Coast Range,2003,balsam woolly adelgid,517,46.53
78,Klamath Mountains/California High North Coast Range,2003,bears,3656,329.04
78,Klamath Mountains/California High North Coast Range,2003,fir engraver,68969,6207.21
78,Klamath Mountains/California High North Coast Range,2003,flatheaded borer,246475,22182.75
78,Klamath Mountains/California High North Coast Range,2003,maple decline,1762,158.58
78,Klamath Mountains/California High North Coast Range,2003,mountain pine beetle,6768,609.12
78,Klamath Mountains/California High North Coast Range,2003,pine engraver,695,62.55
78,Klamath Mountains/California High North Coast Range,2003,western pine beetle,8581,772.29
78,Klamath Mountains/California High North Coast Range,2003,white pine blister rust,2,0.18
78,Klamath Mountains/California High North Coast Range,2003,wild fire,9,0.81
78,Klamath Mountains/California High North Coast Range,2004,Cytospora canker of fir,6716,604.44
78,Klamath Mountains/California High North Coast Range,2004,Douglas-fir beetle,18,1.62
78,Klamath Mountains/California High North Coast Range,2004,Port-Orford-cedar root disease,3440,309.6
78,Klamath Mountains/California High North Coast Range,2004,bears,2490,224.1
78,Klamath Mountains/California High North Coast Range,2004,fir engraver,121017,10891.53
78,Klamath Mountains/California High North Coast Range,2004,flatheaded borer,22401,2016.09
78,Klamath Mountains/California High North Coast Range,2004,frost,31,2.79
78,Klamath Mountains/California High North Coast Range,2004,mountain pine beetle,14773,1329.57
78,Klamath Mountains/California High North Coast Range,2004,pine engraver,22770,2049.3
78,Klamath Mountains/California High North Coast Range,2004,western pine beetle,17905,1611.45
78,Klamath Mountains/California High North Coast Range,2004,white pine blister rust,1677,150.93
78,Klamath Mountains/California High North Coast Range,2004,wild fire,80,7.2
78,Klamath Mountains/California High North Coast Range,2005,Cytospora canker of fir,5532,497.88
78,Klamath Mountains/California High North Coast Range,2005,Douglas-fir beetle,151,13.59
78,Klamath Mountains/California High North Coast Range,2005,Lophodermella needle cast of pines,441,39.69
78,Klamath Mountains/California High North Coast Range,2005,Lophodermium needle cast of pines,429,38.61
78,Klamath Mountains/California High North Coast Range,2005,Port-Orford-cedar root disease,990,89.1
78,Klamath Mountains/California High North Coast Range,2005,bears,2862,257.58
78,Klamath Mountains/California High North Coast Range,2005,fir engraver,75072,6756.48
78,Klamath Mountains/California High North Coast Range,2005,flatheaded borer,8191,737.19
78,Klamath Mountains/California High North Coast Range,2005,mountain pine beetle,2565,230.85
78,Klamath Mountains/California High North Coast Range,2005,pine engraver,1888,169.92
78,Klamath Mountains/California High North Coast Range,2005,western pine beetle,16787,1510.83
78,Klamath Mountains/California High North Coast Range,2006,Cytospora canker of fir,8096,728.64
78,Klamath Mountains/California High North Coast Range,2006,Douglas-fir beetle,208,18.72
78,Klamath Mountains/California High North Coast Range,2006,Douglas-fir engraver,1591,143.19
78,Klamath Mountains/California High North Coast Range,2006,Port-Orford-cedar root disease,449,40.41
78,Klamath Mountains/California High North Coast Range,2006,bears,8377,753.93
78,Klamath Mountains/California High North Coast Range,2006,fir engraver,5927,533.43
78,Klamath Mountains/California High North Coast Range,2006,fire,18,1.62
78,Klamath Mountains/California High North Coast Range,2006,flatheaded borer,1901,171.09
78,Klamath Mountains/California High North Coast Range,2006,foliage discoloration,1631,146.79
78,Klamath Mountains/California High North Coast Range,2006,frost,44,3.96
78,Klamath Mountains/California High North Coast Range,2006,mountain pine beetle,2183,196.47
78,Klamath Mountains/California High North Coast Range,2006,pine engraver,121,10.89
78,Klamath Mountains/California High North Coast Range,2006,root diseases/decay,73,6.57
78,Klamath Mountains/California High North Coast Range,2006,western pine beetle,1069,96.21
78,Klamath Mountains/California High North Coast Range,2007,Cytospora canker of fir,28858,2597.22
78,Klamath Mountains/California High North Coast Range,2007,Douglas-fir beetle,241,21.69
78,Klamath Mountains/California High North Coast Range,2007,Douglas-fir engraver,147,13.23
78,Klamath Mountains/California High North Coast Range,2007,Lophodermium needle cast of pines,797,71.73
78,Klamath Mountains/California High North Coast Range,2007,Port-Orford-cedar root disease,1558,140.22
78,Klamath Mountains/California High North Coast Range,2007,bears,4367,393.03
78,Klamath Mountains/California High North Coast Range,2007,fir engraver,11885,1069.65
78,Klamath Mountains/California High North Coast Range,2007,fire,1853,166.77
78,Klamath Mountains/California High North Coast Range,2007,flatheaded borer,9203,828.27
78,Klamath Mountains/California High North Coast Range,2007,mountain pine beetle,1856,167.04
78,Klamath Mountains/California High North Coast Range,2007,mud-land slide,8,0.72
78,Klamath Mountains/California High North Coast Range,2007,needlecast,923,83.07
78,Klamath Mountains/California High North Coast Range,2007,pine engraver,610,54.9
78,Klamath Mountains/California High North Coast Range,2007,western pine beetle,3369,303.21
78,Klamath Mountains/California High North Coast Range,2007,wind-tornado/hurricane,86,7.74
78,Klamath Mountains/California High North Coast Range,2008,Cytospora canker of fir,35995,3239.55
78,Klamath Mountains/California High North Coast Range,2008,Douglas-fir beetle,178,16.02
78,Klamath Mountains/California High North Coast Range,2008,Douglas-fir engraver,251,22.59
78,Klamath Mountains/California High North Coast Range,2008,Lophodermium needle cast of pines,597,53.73
78,Klamath Mountains/California High North Coast Range,2008,Pacific madrone decline,171,15.39
78,Klamath Mountains/California High North Coast Range,2008,Port-Orford-cedar root disease,1618,145.62
78,Klamath Mountains/California High North Coast Range,2008,bears,7567,681.03
78,Klamath Mountains/California High North Coast Range,2008,fir engraver,4901,441.09
78,Klamath Mountains/California High North Coast Range,2008,fire,78,7.02
78,Klamath Mountains/California High North Coast Range,2008,flatheaded borer,3084,277.56
78,Klamath Mountains/California High North Coast Range,2008,frost,17,1.53
78,Klamath Mountains/California High North Coast Range,2008,mountain pine beetle,1807,162.63
78,Klamath Mountains/California High North Coast Range,2008,needlecast,1602,144.18
78,Klamath Mountains/California High North Coast Range,2008,pine engraver,100,9.0
78,Klamath Mountains/California High North Coast Range,2008,root diseases/decay,168,15.12
78,Klamath Mountains/California High North Coast Range,2008,snow-ice,435,39.15
78,Klamath Mountains/California High North Coast Range,2008,western oak looper,7268,654.12
78,Klamath Mountains/California High North Coast Range,2008,western pine beetle,2475,222.75
78,Klamath Mountains/California High North Coast Range,2008,wind-tornado/hurricane,1074,96.66
78,Klamath Mountains/California High North Coast Range,2009,Cytospora canker of fir,31085,2797.65
78,Klamath Mountains/California High North Coast Range,2009,Douglas-fir beetle,157,14.13
78,Klamath Mountains/California High North Coast Range,2009,Douglas-fir engraver,45,4.05
78,Klamath Mountains/California High North Coast Range,2009,Lophodermium needle cast of pines,530,47.7
78,Klamath Mountains/California High North Coast Range,2009,Port-Orford-cedar root disease,643,57.87
78,Klamath Mountains/California High North Coast Range,2009,bears,3265,293.85
78,Klamath Mountains/California High North Coast Range,2009,decline complex,352,31.68
78,Klamath Mountains/California High North Coast Range,2009,fir engraver,1051,94.59
78,Klamath Mountains/California High North Coast Range,2009,fire,150,13.5
78,Klamath Mountains/California High North Coast Range,2009,flatheaded borer,3788,340.92
78,Klamath Mountains/California High North Coast Range,2009,mountain pine beetle,1216,109.44
78,Klamath Mountains/California High North Coast Range,2009,needlecast,323,29.07
78,Klamath Mountains/California High North Coast Range,2009,pine engraver,252,22.68
78,Klamath Mountains/California High North Coast Range,2009,western pine beetle,1530,137.7
78,Klamath Mountains/California High North Coast Range,2010,Cytospora canker of fir,27216,2449.44
78,Klamath Mountains/California High North Coast Range,2010,Douglas-fir beetle,1406,126.54
78,Klamath Mountains/California High North Coast Range,2010,Douglas-fir engraver,9,0.81
78,Klamath Mountains/California High North Coast Range,2010,Lophodermium needle cast of pines,594,53.46
78,Klamath Mountains/California High North Coast Range,2010,Port-Orford-cedar root disease,387,34.83
78,Klamath Mountains/California High North Coast Range,2010,bears,3025,272.25
78,Klamath Mountains/California High North Coast Range,2010,decline complex,198,17.82
78,Klamath Mountains/California High North Coast Range,2010,fir engraver,13424,1208.16
78,Klamath Mountains/California High North Coast Range,2010,fire,104,9.36
78,Klamath Mountains/California High North Coast Range,2010,flatheaded borer,44634,4017.06
78,Klamath Mountains/California High North Coast Range,2010,mountain pine beetle,661,59.49
78,Klamath Mountains/California High North Coast Range,2010,pine engraver,178,16.02
78,Klamath Mountains/California High North Coast Range,2010,root diseases/decay,27,2.43
78,Klamath Mountains/California High North Coast Range,2010,western pine beetle,3790,341.1
78,Klamath Mountains/California High North Coast Range,2011,Cytospora canker of fir,23946,2155.14
78,Klamath Mountains/California High North Coast Range,2011,Douglas-fir beetle,216,19.44
78,Klamath Mountains/California High North Coast Range,2011,Douglas-fir engraver,8,0.72
78,Klamath Mountains/California High North Coast Range,2011,Lophodermium needle cast of pines,611,54.99
78,Klamath Mountains/California High North Coast Range,2011,Port-Orford-cedar root disease,626,56.34
78,Klamath Mountains/California High North Coast Range,2011,bears,5113,460.17
78,Klamath Mountains/California High North Coast Range,2011,fir engraver,4031,362.79
78,Klamath Mountains/California High North Coast Range,2011,fire,194,17.46
78,Klamath Mountains/California High North Coast Range,2011,flatheaded borer,42590,3833.1
78,Klamath Mountains/California High North Coast Range,2011,mountain pine beetle,758,68.22
78,Klamath Mountains/California High North Coast Range,2011,pine engraver,165,14.85
78,Klamath Mountains/California High North Coast Range,2011,western pine beetle,3357,302.13
78,Klamath Mountains/California High North Coast Range,2012,Cytospora canker of fir,24741,2226.69
78,Klamath Mountains/California High North Coast Range,2012,Douglas-fir beetle,338,30.42
78,Klamath Mountains/California High North Coast Range,2012,Douglas-fir engraver,104,9.36
78,Klamath Mountains/California High North Coast Range,2012,Lophodermium needle cast of pines,234,21.06
78,Klamath Mountains/California High North Coast Range,2012,Port-Orford-cedar root disease,1007,90.63
78,Klamath Mountains/California High North Coast Range,2012,bears,4711,423.99
78,Klamath Mountains/California High North Coast Range,2012,fir engraver,3168,285.12
78,Klamath Mountains/California High North Coast Range,2012,fire,1142,102.78
78,Klamath Mountains/California High North Coast Range,2012,flatheaded borer,7187,646.83
78,Klamath Mountains/California High North Coast Range,2012,mountain pine beetle,2333,209.97
78,Klamath Mountains/California High North Coast Range,2012,pine engraver,85,7.65
78,Klamath Mountains/California High North Coast Range,2012,root diseases/decay,85,7.65
78,Klamath Mountains/California High North Coast Range,2012,satin moth,300,27.0
78,Klamath Mountains/California High North Coast Range,2012,western pine beetle,1697,152.73
78,Klamath Mountains/California High North Coast Range,2013,Cytospora canker of fir,36748,3307.32
78,Klamath Mountains/California High North Coast Range,2013,Douglas-fir beetle,197,17.73
78,Klamath Mountains/California High North Coast Range,2013,Douglas-fir engraver,53,4.77
78,Klamath Mountains/California High North Coast Range,2013,Lophodermium needle cast of pines,403,36.27
78,Klamath Mountains/California High North Coast Range,2013,Port-Orford-cedar root disease,523,47.07
78,Klamath Mountains/California High North Coast Range,2013,bears,4899,440.91
78,Klamath Mountains/California High North Coast Range,2013,decline complex,94,8.46
78,Klamath Mountains/California High North Coast Range,2013,fir engraver,1290,116.1
78,Klamath Mountains/California High North Coast Range,2013,fire,319,28.71
78,Klamath Mountains/California High North Coast Range,2013,flatheaded borer,5792,521.28
78,Klamath Mountains/California High North Coast Range,2013,mountain pine beetle,2380,214.2
78,Klamath Mountains/California High North Coast Range,2013,no data,25,2.25
78,Klamath Mountains/California High North Coast Range,2013,pine engraver,1035,93.15
78,Klamath Mountains/California High North Coast Range,2013,western pine beetle,2085,187.65
78,Klamath Mountains/California High North Coast Range,2014,Cytospora canker of fir,24487,2203.83
78,Klamath Mountains/California High North Coast Range,2014,Douglas-fir beetle,299,26.91
78,Klamath Mountains/California High North Coast Range,2014,Douglas-fir engraver,9,0.81
78,Klamath Mountains/California High North Coast Range,2014,Lophodermium needle cast of pines,746,67.14
78,Klamath Mountains/California High North Coast Range,2014,Port-Orford-cedar root disease,1202,108.18
78,Klamath Mountains/California High North Coast Range,2014,bears,6222,559.98
78,Klamath Mountains/California High North Coast Range,2014,decline complex,350,31.5
78,Klamath Mountains/California High North Coast Range,2014,fir engraver,1013,91.17
78,Klamath Mountains/California High North Coast Range,2014,fire,420,37.8
78,Klamath Mountains/California High North Coast Range,2014,flatheaded borer,10997,989.73
78,Klamath Mountains/California High North Coast Range,2014,mountain pine beetle,2734,246.06
78,Klamath Mountains/California High North Coast Range,2014,needlecast,269,24.21
78,Klamath Mountains/California High North Coast Range,2014,pine engraver,301,27.09
78,Klamath Mountains/California High North Coast Range,2014,root diseases/decay,13,1.17
78,Klamath Mountains/California High North Coast Range,2014,satin moth,195,17.55
78,Klamath Mountains/California High North Coast Range,2014,western pine beetle,2834,255.06
78,Klamath Mountains/California High North Coast Range,2015,Cytospora canker of fir,15938,1434.42
78,Klamath Mountains/California High North Coast Range,2015,Douglas-fir beetle,426,38.34
78,Klamath Mountains/California High North Coast Range,2015,Douglas-fir engraver,27,2.43
78,Klamath Mountains/California High North Coast Range,2015,Lophodermium needle cast of pines,3997,359.73
78,Klamath Mountains/California High North Coast Range,2015,Port-Orford-cedar root disease,1622,145.98
78,Klamath Mountains/California High North Coast Range,2015,bears,13377,1203.93
78,Klamath Mountains/California High North Coast Range,2015,fir engraver,23168,2085.12
78,Klamath Mountains/California High North Coast Range,2015,flatheaded borer,28098,2528.82
78,Klamath Mountains/California High North Coast Range,2015,mountain pine beetle,2394,215.46
78,Klamath Mountains/California High North Coast Range,2015,pine engraver,1229,110.61
78,Klamath Mountains/California High North Coast Range,2015,unknown,951,85.59
78,Klamath Mountains/California High North Coast Range,2015,unknown root disease or decay,146,13.14
78,Klamath Mountains/California High North Coast Range,2015,western pine beetle,25469,2292.21
78,Klamath Mountains/California High North Coast Range,2015,wild fire,2889,260.01
78,Klamath Mountains/California High North Coast Range,2016,Cytospora canker of fir,16062,1445.58
78,Klamath Mountains/California High North Coast Range,2016,Douglas-fir beetle,540,48.6
78,Klamath Mountains/California High North Coast Range,2016,Douglas-fir engraver,2588,232.92
78,Klamath Mountains/California High North Coast Range,2016,Lophodermium needle cast of pines,575,51.75
78,Klamath Mountains/California High North Coast Range,2016,Port-Orford-cedar root disease,2043,183.87
78,Klamath Mountains/California High North Coast Range,2016,bears,22674,2040.66
78,Klamath Mountains/California High North Coast Range,2016,drought,3702,333.18
78,Klamath Mountains/California High North Coast Range,2016,fir engraver,26260,2363.4
78,Klamath Mountains/California High North Coast Range,2016,fire,589,53.01
78,Klamath Mountains/California High North Coast Range,2016,flatheaded borer,177169,15945.21
78,Klamath Mountains/California High North Coast Range,2016,mountain pine beetle,2958,266.22
78,Klamath Mountains/California High North Coast Range,2016,pine engraver,911,81.99
78,Klamath Mountains/California High North Coast Range,2016,unknown,4092,368.28
78,Klamath Mountains/California High North Coast Range,2016,western pine beetle,20381,1834.29
78,Klamath Mountains/California High North Coast Range,2017,Cytospora canker of fir,14359,1292.31
78,Klamath Mountains/California High North Coast Range,2017,Douglas-fir beetle,614,55.26
78,Klamath Mountains/California High North Coast Range,2017,Douglas-fir engraver,9,0.81
78,Klamath Mountains/California High North Coast Range,2017,Lophodermium needle cast of pines,591,53.19
78,Klamath Mountains/California High North Coast Range,2017,Port-Orford-cedar root disease,346,31.14
78,Klamath Mountains/California High North Coast Range,2017,bears,3289,296.01
78,Klamath Mountains/California High North Coast Range,2017,fir engraver,20965,1886.85
78,Klamath Mountains/California High North Coast Range,2017,fire,2806,252.54
78,Klamath Mountains/California High North Coast Range,2017,flatheaded borer,52966,4766.94
78,Klamath Mountains/California High North Coast Range,2017,ips engraver beetles,525,47.25
78,Klamath Mountains/California High North Coast Range,2017,mountain pine beetle,1833,164.97
78,Klamath Mountains/California High North Coast Range,2017,unknown,240,21.6
78,Klamath Mountains/California High North Coast Range,2017,unknown root disease or decay,714,64.26
78,Klamath Mountains/California High North Coast Range,2017,western pine beetle,4654,418.86
78,Klamath Mountains/California High North Coast Range,2018,Cytospora canker of fir,4455,400.95
78,Klamath Mountains/California High North Coast Range,2018,Douglas-fir beetle,482,43.38
78,Klamath Mountains/California High North Coast Range,2018,Port-Orford-cedar root disease,129,11.61
78,Klamath Mountains/California High North Coast Range,2018,Swiss needle cast,673,60.57
78,Klamath Mountains/California High North Coast Range,2018,bears,4030,362.7
78,Klamath Mountains/California High North Coast Range,2018,drought,1044,93.96
78,Klamath Mountains/California High North Coast Range,2018,fir engraver,17720,1594.8
78,Klamath Mountains/California High North Coast Range,2018,fire,418,37.62
78,Klamath Mountains/California High North Coast Range,2018,flatheaded fir borer,41486,3733.74
78,Klamath Mountains/California High North Coast Range,2018,ips engraver beetles,65,5.85
78,Klamath Mountains/California High North Coast Range,2018,mountain pine beetle,69,6.21
78,Klamath Mountains/California High North Coast Range,2018,unknown,2880,259.2
78,Klamath Mountains/California High North Coast Range,2018,unknown defoliator,58,5.22
78,Klamath Mountains/California High North Coast Range,2018,unknown root disease or decay,896,80.64
78,Klamath Mountains/California High North Coast Range,2018,western pine beetle,2418,217.62
78,Klamath Mountains/California High North Coast Range,2019,Cytospora canker of fir,5470,492.3
78,Klamath Mountains/California High North Coast Range,2019,Douglas-fir beetle,24,2.16
78,Klamath Mountains/California High North Coast Range,2019,Douglas-fir engraver,12,1.08
78,Klamath Mountains/California High North Coast Range,2019,Port-Orford-cedar root disease,738,66.42
78,Klamath Mountains/California High North Coast Range,2019,bears,7872,708.48
78,Klamath Mountains/California High North Coast Range,2019,drought,77,6.93
78,Klamath Mountains/California High North Coast Range,2019,fir engraver,52213,4699.17
78,Klamath Mountains/California High North Coast Range,2019,fire,596,53.64
78,Klamath Mountains/California High North Coast Range,2019,flatheaded fir borer,197014,17731.26
78,Klamath Mountains/California High North Coast Range,2019,ips engraver beetles,38,3.42
78,Klamath Mountains/California High North Coast Range,2019,mountain pine beetle,132,11.88
78,Klamath Mountains/California High North Coast Range,2019,unknown,5708,513.72
78,Klamath Mountains/California High North Coast Range,2019,unknown root disease or decay,186,16.74
78,Klamath Mountains/California High North Coast Range,2019,western pine beetle,10046,904.14
78,Klamath Mountains/California High North Coast Range,2019,winter injury,132,11.88
78,Klamath Mountains/California High North Coast Range,2020,bears,615,55.35
78,Klamath Mountains/California High North Coast Range,2020,drought,99,8.91
78,Klamath Mountains/California High North Coast Range,2020,fir engraver,22746,2047.14
78,Klamath Mountains/California High North Coast Range,2020,fire,13145,1183.05
78,Klamath Mountains/California High North Coast Range,2020,flatheaded fir borer,22636,2037.24
78,Klamath Mountains/California High North Coast Range,2020,ips engraver beetles,247,22.23
78,Klamath Mountains/California High North Coast Range,2020,mountain pine beetle,521,46.89
78,Klamath Mountains/California High North Coast Range,2020,unknown,191511,17235.99
78,Klamath Mountains/California High North Coast Range,2020,unknown defoliator,176,15.84
78,Klamath Mountains/California High North Coast Range,2020,western pine beetle,1043,93.87
78,Klamath Mountains/California High North Coast Range,2020,white pine blister rust,396,35.64
78,Klamath Mountains/California High North Coast Range,2021,Cytospora canker of fir,12048,1084.32
78,Klamath Mountains/California High North Coast Range,2021,Douglas-fir beetle,5106,459.54
78,Klamath Mountains/California High North Coast Range,2021,balsam woolly adelgid,22482,2023.38
78,Klamath Mountains/California High North Coast Range,2021,bears,1322,118.98
78,Klamath Mountains/California High North Coast Range,2021,drought,21010,1890.9
78,Klamath Mountains/California High North Coast Range,2021,fir engraver,9249,832.41
78,Klamath Mountains/California High North Coast Range,2021,flatheaded fir borer,158093,14228.37
78,Klamath Mountains/California High North Coast Range,2021,heat,9574,861.66
78,Klamath Mountains/California High North Coast Range,2021,ips engraver beetles,98,8.82
78,Klamath Mountains/California High North Coast Range,2021,phantom hemlock looper,924,83.16
78,Klamath Mountains/California High North Coast Range,2021,unknown,122220,10999.8
78,Klamath Mountains/California High North Coast Range,2021,unknown defoliator,167,15.03
78,Klamath Mountains/California High North Coast Range,2021,western pine beetle,52875,4758.75
78,Klamath Mountains/California High North Coast Range,2022,Cytospora canker of fir,63510,5715.9
78,Klamath Mountains/California High North Coast Range,2022,Douglas-fir beetle,5193,467.37
78,Klamath Mountains/California High North Coast Range,2022,Douglas-fir engraver,2123,191.07
78,Klamath Mountains/California High North Coast Range,2022,Jeffrey pine beetle,253,22.77
78,Klamath Mountains/California High North Coast Range,2022,Lophodermella needle cast of pines,5100,459.0
78,Klamath Mountains/California High North Coast Range,2022,Port-Orford-cedar root disease,43,3.87
78,Klamath Mountains/California High North Coast Range,2022,Swiss needle cast,339,30.51
78,Klamath Mountains/California High North Coast Range,2022,balsam woolly adelgid,107244,9651.96
78,Klamath Mountains/California High North Coast Range,2022,bears,825,74.25
78,Klamath Mountains/California High North Coast Range,2022,drought,29,2.61
78,Klamath Mountains/California High North Coast Range,2022,fir engraver,526796,47411.64
78,Klamath Mountains/California High North Coast Range,2022,flatheaded fir borer,1544110,138969.9
78,Klamath Mountains/California High North Coast Range,2022,ips engraver beetles,1034,93.06
78,Klamath Mountains/California High North Coast Range,2022,mountain pine beetle,9823,884.07
78,Klamath Mountains/California High North Coast Range,2022,unknown,111981,10078.29
78,Klamath Mountains/California High North Coast Range,2022,unknown defoliator,18790,1691.1
78,Klamath Mountains/California High North Coast Range,2022,western pine beetle,513893,46250.37
78,Klamath Mountains/California High North Coast Range,2023,Cytospora canker of fir,21525,1937.25
78,Klamath Mountains/California High North Coast Range,2023,Douglas-fir beetle,21633,1946.97
78,Klamath Mountains/California High North Coast Range,2023,Douglas-fir engraver,4957,446.13
78,Klamath Mountains/California High North Coast Range,2023,balsam woolly adelgid,111705,10053.45
78,Klamath Mountains/California High North Coast Range,2023,bears,5360,482.4
78,Klamath Mountains/California High North Coast Range,2023,fir engraver,436903,39321.27
78,Klamath Mountains/California High North Coast Range,2023,fire,147,13.23
78,Klamath Mountains/California High North Coast Range,2023,flatheaded fir borer,1036678,93301.02
78,Klamath Mountains/California High North Coast Range,2023,pandora moth,618,55.62
78,Klamath Mountains/California High North Coast Range,2023,unknown,2435,219.15
78,Klamath Mountains/California High North Coast Range,2023,unknown defoliator,9623,866.07
78,Klamath Mountains/California High North Coast Range,2023,western pine beetle,149788,13480.92
78,Klamath Mountains/California High North Coast Range,2024,Cytospora canker of fir,32843,2955.87
78,Klamath Mountains/California High North Coast Range,2024,Douglas-fir beetle,225,20.25
78,Klamath Mountains/California High North Coast Range,2024,Lophodermella needle cast of pines,10926,983.34
78,Klamath Mountains/California High North Coast Range,2024,balsam woolly adelgid,38651,3478.59
78,Klamath Mountains/California High North Coast Range,2024,drought,1077,96.93
78,Klamath Mountains/California High North Coast Range,2024,fir engraver,87113,7840.17
78,Klamath Mountains/California High North Coast Range,2024,fire,5159,464.31
78,Klamath Mountains/California High North Coast Range,2024,flatheaded fir borer,427024,38432.16
78,Klamath Mountains/California High North Coast Range,2024,hail,275,24.75
78,Klamath Mountains/California High North Coast Range,2024,mountain pine beetle,1680,151.2
78,Klamath Mountains/California High North Coast Range,2024,oak pit scale A. minus,693,62.37
78,Klamath Mountains/California High North Coast Range,2024,root disease or bears,1469,132.21
78,Klamath Mountains/California High North Coast Range,2024,unknown,6163,554.67
78,Klamath Mountains/California High North Coast Range,2024,unknown defoliator,1591,143.19
78,Klamath Mountains/California High North Coast Range,2024,western pine beetle,92522,8326.98
78,Klamath Mountains/California High North Coast Range,2025,Cytospora canker of fir,7893,710.37
78,Klamath Mountains/California High North Coast Range,2025,Douglas-fir beetle,4771,429.39
78,Klamath Mountains/California High North Coast Range,2025,balsam woolly adelgid,20384,1834.56
78,Klamath Mountains/California High North Coast Range,2025,fir engraver,85063,7655.67
78,Klamath Mountains/California High North Coast Range,2025,fire,977,87.93
78,Klamath Mountains/California High North Coast Range,2025,flatheaded fir borer,335984,30238.56
78,Klamath Mountains/California High North Coast Range,2025,root disease or bears,1958,176.22
78,Klamath Mountains/California High North Coast Range,2025,unknown,7089,638.01
78,Klamath Mountains/California High North Coast Range,2025,unknown defoliator,2131,191.79
78,Klamath Mountains/California High North Coast Range,2025,unknown root disease or decay,20,1.8
78,Klamath Mountains/California High North Coast Range,2025,western pine beetle,78928,7103.52
9,Eastern Cascades Slopes and Foothills,1997,Douglas-fir beetle,1244,111.96
9,Eastern Cascades Slopes and Foothills,1997,Modoc budworm,72520,6526.8
9,Eastern Cascades Slopes and Foothills,1997,balsam woolly adelgid,69,6.21
9,Eastern Cascades Slopes and Foothills,1997,bears,789,71.01
9,Eastern Cascades Slopes and Foothills,1997,fir engraver,19420,1747.8
9,Eastern Cascades Slopes and Foothills,1997,flooding-high water,861,77.49
9,Eastern Cascades Slopes and Foothills,1997,larch needle cast,90995,8189.55
9,Eastern Cascades Slopes and Foothills,1997,lodgepole needleminer,113040,10173.6
9,Eastern Cascades Slopes and Foothills,1997,mountain pine beetle,129043,11613.87
9,Eastern Cascades Slopes and Foothills,1997,needlecast,144,12.96
9,Eastern Cascades Slopes and Foothills,1997,pine engraver,284,25.56
9,Eastern Cascades Slopes and Foothills,1997,root diseases/decay,34,3.06
9,Eastern Cascades Slopes and Foothills,1997,spruce beetle,5497,494.73
9,Eastern Cascades Slopes and Foothills,1997,western balsam bark beetle,5050,454.5
9,Eastern Cascades Slopes and Foothills,1997,western pine beetle,9706,873.54
9,Eastern Cascades Slopes and Foothills,1997,western spruce budworm,701395,63125.55
9,Eastern Cascades Slopes and Foothills,1997,white pine blister rust,589,53.01
9,Eastern Cascades Slopes and Foothills,1997,wind-tornado/hurricane,1672,150.48
9,Eastern Cascades Slopes and Foothills,1997,winter injury,2117,190.53
9,Eastern Cascades Slopes and Foothills,1998,Douglas-fir beetle,4678,421.02
9,Eastern Cascades Slopes and Foothills,1998,Modoc budworm,129455,11650.95
9,Eastern Cascades Slopes and Foothills,1998,balsam woolly adelgid,1038,93.42
9,Eastern Cascades Slopes and Foothills,1998,bears,510,45.9
9,Eastern Cascades Slopes and Foothills,1998,decline complex,1023,92.07
9,Eastern Cascades Slopes and Foothills,1998,fir engraver,10716,964.44
9,Eastern Cascades Slopes and Foothills,1998,frost,405,36.45
9,Eastern Cascades Slopes and Foothills,1998,larch casebearer,9091,818.19
9,Eastern Cascades Slopes and Foothills,1998,mountain pine beetle,154735,13926.15
9,Eastern Cascades Slopes and Foothills,1998,needlecast,353591,31823.19
9,Eastern Cascades Slopes and Foothills,1998,spruce beetle,557,50.13
9,Eastern Cascades Slopes and Foothills,1998,western balsam bark beetle,2793,251.37
9,Eastern Cascades Slopes and Foothills,1998,western pine beetle,10868,978.12
9,Eastern Cascades Slopes and Foothills,1998,western spruce budworm,1992335,179310.15
9,Eastern Cascades Slopes and Foothills,1998,western tent caterpillar,220,19.8
9,Eastern Cascades Slopes and Foothills,1998,white pine blister rust,894,80.46
9,Eastern Cascades Slopes and Foothills,1998,wild fire,651,58.59
9,Eastern Cascades Slopes and Foothills,1999,Douglas-fir beetle,29441,2649.69
9,Eastern Cascades Slopes and Foothills,1999,Douglas-fir engraver,117,10.53
9,Eastern Cascades Slopes and Foothills,1999,Gelechiid moths/needleminers,704,63.36
9,Eastern Cascades Slopes and Foothills,1999,Modoc budworm,114602,10314.18
9,Eastern Cascades Slopes and Foothills,1999,bears,119,10.71
9,Eastern Cascades Slopes and Foothills,1999,fir engraver,66198,5957.82
9,Eastern Cascades Slopes and Foothills,1999,frost,900,81.0
9,Eastern Cascades Slopes and Foothills,1999,larch casebearer,2155,193.95
9,Eastern Cascades Slopes and Foothills,1999,mountain pine beetle,69142,6222.78
9,Eastern Cascades Slopes and Foothills,1999,needlecast,65537,5898.33
9,Eastern Cascades Slopes and Foothills,1999,pine engraver,336,30.24
9,Eastern Cascades Slopes and Foothills,1999,satin moth,28,2.52
9,Eastern Cascades Slopes and Foothills,1999,snow-ice,148,13.32
9,Eastern Cascades Slopes and Foothills,1999,spruce beetle,47,4.23
9,Eastern Cascades Slopes and Foothills,1999,western balsam bark beetle,7757,698.13
9,Eastern Cascades Slopes and Foothills,1999,western pine beetle,9704,873.36
9,Eastern Cascades Slopes and Foothills,1999,western spruce budworm,814091,73268.19
9,Eastern Cascades Slopes and Foothills,1999,western tent caterpillar,177,15.93
9,Eastern Cascades Slopes and Foothills,1999,white pine blister rust,8431,758.79
9,Eastern Cascades Slopes and Foothills,1999,wild fire,754,67.86
9,Eastern Cascades Slopes and Foothills,2000,Douglas-fir beetle,21738,1956.42
9,Eastern Cascades Slopes and Foothills,2000,Douglas-fir engraver,20,1.8
9,Eastern Cascades Slopes and Foothills,2000,Douglas-fir tussock moth,705,63.45
9,Eastern Cascades Slopes and Foothills,2000,Modoc budworm,2149,193.41
9,Eastern Cascades Slopes and Foothills,2000,balsam woolly adelgid,5676,510.84
9,Eastern Cascades Slopes and Foothills,2000,bears,219,19.71
9,Eastern Cascades Slopes and Foothills,2000,black pineleaf scale,489,44.01
9,Eastern Cascades Slopes and Foothills,2000,decline complex,3118,280.62
9,Eastern Cascades Slopes and Foothills,2000,fir engraver,5762,518.58
9,Eastern Cascades Slopes and Foothills,2000,foliage discoloration,1193,107.37
9,Eastern Cascades Slopes and Foothills,2000,frost,226,20.34
9,Eastern Cascades Slopes and Foothills,2000,mountain pine beetle,143076,12876.84
9,Eastern Cascades Slopes and Foothills,2000,needlecast,69154,6223.86
9,Eastern Cascades Slopes and Foothills,2000,pine needle scale,243,21.87
9,Eastern Cascades Slopes and Foothills,2000,silver fir beetle,27,2.43
9,Eastern Cascades Slopes and Foothills,2000,spruce beetle,360,32.4
9,Eastern Cascades Slopes and Foothills,2000,western balsam bark beetle,1642,147.78
9,Eastern Cascades Slopes and Foothills,2000,western pine beetle,7110,639.9
9,Eastern Cascades Slopes and Foothills,2000,western spruce budworm,1341418,120727.62
9,Eastern Cascades Slopes and Foothills,2000,white pine blister rust,1535,138.15
9,Eastern Cascades Slopes and Foothills,2000,wild fire,11405,1026.45
9,Eastern Cascades Slopes and Foothills,2001,Douglas-fir beetle,113292,10196.28
9,Eastern Cascades Slopes and Foothills,2001,Douglas-fir engraver,52,4.68
9,Eastern Cascades Slopes and Foothills,2001,balsam woolly adelgid,12244,1101.96
9,Eastern Cascades Slopes and Foothills,2001,bears,467,42.03
9,Eastern Cascades Slopes and Foothills,2001,decline complex,23412,2107.08
9,Eastern Cascades Slopes and Foothills,2001,fir engraver,25147,2263.23
9,Eastern Cascades Slopes and Foothills,2001,foliage discoloration,507,45.63
9,Eastern Cascades Slopes and Foothills,2001,frost,18,1.62
9,Eastern Cascades Slopes and Foothills,2001,larch casebearer,3536,318.24
9,Eastern Cascades Slopes and Foothills,2001,mountain pine beetle,189805,17082.45
9,Eastern Cascades Slopes and Foothills,2001,needlecast,715,64.35
9,Eastern Cascades Slopes and Foothills,2001,pine engraver,316,28.44
9,Eastern Cascades Slopes and Foothills,2001,root diseases/decay,333,29.97
9,Eastern Cascades Slopes and Foothills,2001,satin moth,970,87.3
9,Eastern Cascades Slopes and Foothills,2001,spruce beetle,3560,320.4
9,Eastern Cascades Slopes and Foothills,2001,western balsam bark beetle,17821,1603.89
9,Eastern Cascades Slopes and Foothills,2001,western oak looper,127,11.43
9,Eastern Cascades Slopes and Foothills,2001,western pine beetle,36504,3285.36
9,Eastern Cascades Slopes and Foothills,2001,western spruce budworm,892202,80298.18
9,Eastern Cascades Slopes and Foothills,2001,white pine blister rust,13211,1188.99
9,Eastern Cascades Slopes and Foothills,2001,wild fire,695,62.55
9,Eastern Cascades Slopes and Foothills,2002,Douglas-fir beetle,126062,11345.58
9,Eastern Cascades Slopes and Foothills,2002,Douglas-fir engraver,17,1.53
9,Eastern Cascades Slopes and Foothills,2002,balsam woolly adelgid,29658,2669.22
9,Eastern Cascades Slopes and Foothills,2002,bears,1025,92.25
9,Eastern Cascades Slopes and Foothills,2002,fir engraver,176096,15848.64
9,Eastern Cascades Slopes and Foothills,2002,foliage discoloration,2531,227.79
9,Eastern Cascades Slopes and Foothills,2002,frost,28,2.52
9,Eastern Cascades Slopes and Foothills,2002,mountain pine beetle,467660,42089.4
9,Eastern Cascades Slopes and Foothills,2002,needlecast,2656,239.04
9,Eastern Cascades Slopes and Foothills,2002,pine engraver,18736,1686.24
9,Eastern Cascades Slopes and Foothills,2002,satin moth,77,6.93
9,Eastern Cascades Slopes and Foothills,2002,spruce aphid,89,8.01
9,Eastern Cascades Slopes and Foothills,2002,spruce beetle,26,2.34
9,Eastern Cascades Slopes and Foothills,2002,western balsam bark beetle,6682,601.38
9,Eastern Cascades Slopes and Foothills,2002,western blackheaded budworm,3495,314.55
9,Eastern Cascades Slopes and Foothills,2002,western oak looper,1035,93.15
9,Eastern Cascades Slopes and Foothills,2002,western pine beetle,24363,2192.67
9,Eastern Cascades Slopes and Foothills,2002,western spruce budworm,112381,10114.29
9,Eastern Cascades Slopes and Foothills,2002,white pine blister rust,504,45.36
9,Eastern Cascades Slopes and Foothills,2002,wild fire,36899,3320.91
9,Eastern Cascades Slopes and Foothills,2002,wind-tornado/hurricane,54,4.86
9,Eastern Cascades Slopes and Foothills,2003,Cytospora canker of fir,425,38.25
9,Eastern Cascades Slopes and Foothills,2003,Douglas-fir beetle,62762,5648.58
9,Eastern Cascades Slopes and Foothills,2003,Modoc budworm,3150,283.5
9,Eastern Cascades Slopes and Foothills,2003,balsam woolly adelgid,37761,3398.49
9,Eastern Cascades Slopes and Foothills,2003,bears,3937,354.33
9,Eastern Cascades Slopes and Foothills,2003,black pineleaf scale,335,30.15
9,Eastern Cascades Slopes and Foothills,2003,fir engraver,371430,33428.7
9,Eastern Cascades Slopes and Foothills,2003,flatheaded borer,279,25.11
9,Eastern Cascades Slopes and Foothills,2003,foliage discoloration,688,61.92
9,Eastern Cascades Slopes and Foothills,2003,frost,638,57.42
9,Eastern Cascades Slopes and Foothills,2003,larch casebearer,3792,341.28
9,Eastern Cascades Slopes and Foothills,2003,mountain pine beetle,527188,47446.92
9,Eastern Cascades Slopes and Foothills,2003,needlecast,6150,553.5
9,Eastern Cascades Slopes and Foothills,2003,pine engraver,4776,429.84
9,Eastern Cascades Slopes and Foothills,2003,root diseases/decay,165,14.85
9,Eastern Cascades Slopes and Foothills,2003,satin moth,985,88.65
9,Eastern Cascades Slopes and Foothills,2003,spruce beetle,4286,385.74
9,Eastern Cascades Slopes and Foothills,2003,western balsam bark beetle,28700,2583.0
9,Eastern Cascades Slopes and Foothills,2003,western pine beetle,34865,3137.85
9,Eastern Cascades Slopes and Foothills,2003,western spruce budworm,329844,29685.96
9,Eastern Cascades Slopes and Foothills,2003,western tent caterpillar,32,2.88
9,Eastern Cascades Slopes and Foothills,2003,white pine blister rust,19061,1715.49
9,Eastern Cascades Slopes and Foothills,2003,wild fire,163,14.67
9,Eastern Cascades Slopes and Foothills,2004,Cytospora canker of fir,2522,226.98
9,Eastern Cascades Slopes and Foothills,2004,Douglas-fir beetle,20179,1816.11
9,Eastern Cascades Slopes and Foothills,2004,Lophodermium needle cast of pines,248,22.32
9,Eastern Cascades Slopes and Foothills,2004,balsam woolly adelgid,15824,1424.16
9,Eastern Cascades Slopes and Foothills,2004,bears,1588,142.92
9,Eastern Cascades Slopes and Foothills,2004,black pineleaf scale,32,2.88
9,Eastern Cascades Slopes and Foothills,2004,decline complex,10,0.9
9,Eastern Cascades Slopes and Foothills,2004,fir engraver,485567,43701.03
9,Eastern Cascades Slopes and Foothills,2004,frost,84,7.56
9,Eastern Cascades Slopes and Foothills,2004,larch casebearer,6206,558.54
9,Eastern Cascades Slopes and Foothills,2004,mountain pine beetle,687934,61914.06
9,Eastern Cascades Slopes and Foothills,2004,needlecast,9068,816.12
9,Eastern Cascades Slopes and Foothills,2004,pine engraver,28528,2567.52
9,Eastern Cascades Slopes and Foothills,2004,root diseases/decay,498,44.82
9,Eastern Cascades Slopes and Foothills,2004,satin moth,1811,162.99
9,Eastern Cascades Slopes and Foothills,2004,silver fir beetle,224,20.16
9,Eastern Cascades Slopes and Foothills,2004,spruce beetle,2380,214.2
9,Eastern Cascades Slopes and Foothills,2004,western balsam bark beetle,40620,3655.8
9,Eastern Cascades Slopes and Foothills,2004,western oak looper,8,0.72
9,Eastern Cascades Slopes and Foothills,2004,western pine beetle,106476,9582.84
9,Eastern Cascades Slopes and Foothills,2004,western spruce budworm,441285,39715.65
9,Eastern Cascades Slopes and Foothills,2004,white pine blister rust,2763,248.67
9,Eastern Cascades Slopes and Foothills,2004,wild fire,5921,532.89
9,Eastern Cascades Slopes and Foothills,2005,Douglas-fir beetle,77120,6940.8
9,Eastern Cascades Slopes and Foothills,2005,Lophodermium needle cast of pines,671,60.39
9,Eastern Cascades Slopes and Foothills,2005,balsam woolly adelgid,14542,1308.78
9,Eastern Cascades Slopes and Foothills,2005,bears,9970,897.3
9,Eastern Cascades Slopes and Foothills,2005,black pineleaf scale,24,2.16
9,Eastern Cascades Slopes and Foothills,2005,decline complex,4193,377.37
9,Eastern Cascades Slopes and Foothills,2005,fir engraver,602446,54220.14
9,Eastern Cascades Slopes and Foothills,2005,foliage discoloration,737,66.33
9,Eastern Cascades Slopes and Foothills,2005,frost,312,28.08
9,Eastern Cascades Slopes and Foothills,2005,larch casebearer,60,5.4
9,Eastern Cascades Slopes and Foothills,2005,mountain pine beetle,933928,84053.52
9,Eastern Cascades Slopes and Foothills,2005,needlecast,8250,742.5
9,Eastern Cascades Slopes and Foothills,2005,pine engraver,35962,3236.58
9,Eastern Cascades Slopes and Foothills,2005,pine needle scale,153,13.77
9,Eastern Cascades Slopes and Foothills,2005,root diseases/decay,65,5.85
9,Eastern Cascades Slopes and Foothills,2005,satin moth,332,29.88
9,Eastern Cascades Slopes and Foothills,2005,western balsam bark beetle,44980,4048.2
9,Eastern Cascades Slopes and Foothills,2005,western oak looper,184,16.56
9,Eastern Cascades Slopes and Foothills,2005,western pine beetle,44143,3972.87
9,Eastern Cascades Slopes and Foothills,2005,western spruce budworm,598885,53899.65
9,Eastern Cascades Slopes and Foothills,2005,white pine blister rust,835,75.15
9,Eastern Cascades Slopes and Foothills,2005,wild fire,3350,301.5
9,Eastern Cascades Slopes and Foothills,2006,Douglas-fir beetle,20169,1815.21
9,Eastern Cascades Slopes and Foothills,2006,Douglas-fir engraver,689,62.01
9,Eastern Cascades Slopes and Foothills,2006,balsam woolly adelgid,13282,1195.38
9,Eastern Cascades Slopes and Foothills,2006,bears,10228,920.52
9,Eastern Cascades Slopes and Foothills,2006,black pineleaf scale,994,89.46
9,Eastern Cascades Slopes and Foothills,2006,fir engraver,175464,15791.76
9,Eastern Cascades Slopes and Foothills,2006,fire,13397,1205.73
9,Eastern Cascades Slopes and Foothills,2006,flatheaded borer,14,1.26
9,Eastern Cascades Slopes and Foothills,2006,foliage discoloration,1001,90.09
9,Eastern Cascades Slopes and Foothills,2006,frost,195,17.55
9,Eastern Cascades Slopes and Foothills,2006,hail,13601,1224.09
9,Eastern Cascades Slopes and Foothills,2006,larch casebearer,1107,99.63
9,Eastern Cascades Slopes and Foothills,2006,mountain pine beetle,1007399,90665.91
9,Eastern Cascades Slopes and Foothills,2006,needlecast,47411,4266.99
9,Eastern Cascades Slopes and Foothills,2006,pine engraver,16448,1480.32
9,Eastern Cascades Slopes and Foothills,2006,satin moth,3136,282.24
9,Eastern Cascades Slopes and Foothills,2006,silver fir beetle,304,27.36
9,Eastern Cascades Slopes and Foothills,2006,snow-ice,112,10.08
9,Eastern Cascades Slopes and Foothills,2006,spruce beetle,10093,908.37
9,Eastern Cascades Slopes and Foothills,2006,western balsam bark beetle,4248,382.32
9,Eastern Cascades Slopes and Foothills,2006,western pine beetle,141431,12728.79
9,Eastern Cascades Slopes and Foothills,2006,western spruce budworm,835108,75159.72
9,Eastern Cascades Slopes and Foothills,2007,Douglas-fir beetle,60936,5484.24
9,Eastern Cascades Slopes and Foothills,2007,Douglas-fir engraver,9,0.81
9,Eastern Cascades Slopes and Foothills,2007,balsam woolly adelgid,12197,1097.73
9,Eastern Cascades Slopes and Foothills,2007,bears,8576,771.84
9,Eastern Cascades Slopes and Foothills,2007,black pineleaf scale,5100,459.0
9,Eastern Cascades Slopes and Foothills,2007,fir engraver,292517,26326.53
9,Eastern Cascades Slopes and Foothills,2007,fire,13880,1249.2
9,Eastern Cascades Slopes and Foothills,2007,flatheaded borer,9,0.81
9,Eastern Cascades Slopes and Foothills,2007,frost,2657,239.13
9,Eastern Cascades Slopes and Foothills,2007,larch casebearer,6937,624.33
9,Eastern Cascades Slopes and Foothills,2007,mountain pine beetle,1555962,140036.58
9,Eastern Cascades Slopes and Foothills,2007,needlecast,1207,108.63
9,Eastern Cascades Slopes and Foothills,2007,pine engraver,5811,522.99
9,Eastern Cascades Slopes and Foothills,2007,root diseases/decay,659,59.31
9,Eastern Cascades Slopes and Foothills,2007,satin moth,975,87.75
9,Eastern Cascades Slopes and Foothills,2007,sawflies,141,12.69
9,Eastern Cascades Slopes and Foothills,2007,western balsam bark beetle,43313,3898.17
9,Eastern Cascades Slopes and Foothills,2007,western pine beetle,31305,2817.45
9,Eastern Cascades Slopes and Foothills,2007,western spruce budworm,293128,26381.52
9,Eastern Cascades Slopes and Foothills,2007,wind-tornado/hurricane,272,24.48
9,Eastern Cascades Slopes and Foothills,2008,Cytospora canker of fir,44,3.96
9,Eastern Cascades Slopes and Foothills,2008,Douglas-fir beetle,6450,580.5
9,Eastern Cascades Slopes and Foothills,2008,Douglas-fir engraver,22,1.98
9,Eastern Cascades Slopes and Foothills,2008,Lophodermium needle cast of pines,2098,188.82
9,Eastern Cascades Slopes and Foothills,2008,balsam woolly adelgid,15275,1374.75
9,Eastern Cascades Slopes and Foothills,2008,bears,37226,3350.34
9,Eastern Cascades Slopes and Foothills,2008,black pineleaf scale,4481,403.29
9,Eastern Cascades Slopes and Foothills,2008,fir engraver,266456,23981.04
9,Eastern Cascades Slopes and Foothills,2008,fire,20576,1851.84
9,Eastern Cascades Slopes and Foothills,2008,flatheaded borer,45,4.05
9,Eastern Cascades Slopes and Foothills,2008,frost,4430,398.7
9,Eastern Cascades Slopes and Foothills,2008,larch casebearer,150926,13583.34
9,Eastern Cascades Slopes and Foothills,2008,mountain pine beetle,1895573,170601.57
9,Eastern Cascades Slopes and Foothills,2008,needlecast,16926,1523.34
9,Eastern Cascades Slopes and Foothills,2008,pine engraver,1056,95.04
9,Eastern Cascades Slopes and Foothills,2008,root diseases/decay,9,0.81
9,Eastern Cascades Slopes and Foothills,2008,satin moth,9160,824.4
9,Eastern Cascades Slopes and Foothills,2008,spruce beetle,6,0.54
9,Eastern Cascades Slopes and Foothills,2008,western balsam bark beetle,2994,269.46
9,Eastern Cascades Slopes and Foothills,2008,western pine beetle,204266,18383.94
9,Eastern Cascades Slopes and Foothills,2008,western spruce budworm,97632,8786.88
9,Eastern Cascades Slopes and Foothills,2008,white pine blister rust,229,20.61
9,Eastern Cascades Slopes and Foothills,2008,wind-tornado/hurricane,9,0.81
9,Eastern Cascades Slopes and Foothills,2009,Douglas-fir beetle,54459,4901.31
9,Eastern Cascades Slopes and Foothills,2009,Lophodermium needle cast of pines,515,46.35
9,Eastern Cascades Slopes and Foothills,2009,balsam woolly adelgid,42872,3858.48
9,Eastern Cascades Slopes and Foothills,2009,bears,15243,1371.87
9,Eastern Cascades Slopes and Foothills,2009,black pineleaf scale,129,11.61
9,Eastern Cascades Slopes and Foothills,2009,fir engraver,125144,11262.96
9,Eastern Cascades Slopes and Foothills,2009,fire,18355,1651.95
9,Eastern Cascades Slopes and Foothills,2009,flooding-high water,276,24.84
9,Eastern Cascades Slopes and Foothills,2009,larch casebearer,3448,310.32
9,Eastern Cascades Slopes and Foothills,2009,mountain pine beetle,1472266,132503.94
9,Eastern Cascades Slopes and Foothills,2009,needlecast,146,13.14
9,Eastern Cascades Slopes and Foothills,2009,pine engraver,24288,2185.92
9,Eastern Cascades Slopes and Foothills,2009,satin moth,1110,99.9
9,Eastern Cascades Slopes and Foothills,2009,western balsam bark beetle,9332,839.88
9,Eastern Cascades Slopes and Foothills,2009,western pine beetle,103843,9345.87
9,Eastern Cascades Slopes and Foothills,2009,western spruce budworm,79864,7187.76
9,Eastern Cascades Slopes and Foothills,2009,white pine blister rust,655,58.95
9,Eastern Cascades Slopes and Foothills,2009,winter injury,5430,488.7
9,Eastern Cascades Slopes and Foothills,2010,Cytospora canker of fir,67,6.03
9,Eastern Cascades Slopes and Foothills,2010,Douglas-fir beetle,5031,452.79
9,Eastern Cascades Slopes and Foothills,2010,balsam woolly adelgid,13381,1204.29
9,Eastern Cascades Slopes and Foothills,2010,bears,2744,246.96
9,Eastern Cascades Slopes and Foothills,2010,black pineleaf scale,955,85.95
9,Eastern Cascades Slopes and Foothills,2010,decline complex,17,1.53
9,Eastern Cascades Slopes and Foothills,2010,fir engraver,61607,5544.63
9,Eastern Cascades Slopes and Foothills,2010,fire,4906,441.54
9,Eastern Cascades Slopes and Foothills,2010,flooding-high water,106,9.54
9,Eastern Cascades Slopes and Foothills,2010,maple decline,42,3.78
9,Eastern Cascades Slopes and Foothills,2010,mountain pine beetle,1363293,122696.37
9,Eastern Cascades Slopes and Foothills,2010,needlecast,40944,3684.96
9,Eastern Cascades Slopes and Foothills,2010,pine engraver,1462,131.58
9,Eastern Cascades Slopes and Foothills,2010,root diseases/decay,9,0.81
9,Eastern Cascades Slopes and Foothills,2010,satin moth,5057,455.13
9,Eastern Cascades Slopes and Foothills,2010,spruce beetle,256,23.04
9,Eastern Cascades Slopes and Foothills,2010,western balsam bark beetle,6536,588.24
9,Eastern Cascades Slopes and Foothills,2010,western pine beetle,162548,14629.32
9,Eastern Cascades Slopes and Foothills,2010,western spruce budworm,143765,12938.85
9,Eastern Cascades Slopes and Foothills,2010,white pine blister rust,19,1.71
9,Eastern Cascades Slopes and Foothills,2011,Douglas-fir beetle,4329,389.61
9,Eastern Cascades Slopes and Foothills,2011,Douglas-fir engraver,43,3.87
9,Eastern Cascades Slopes and Foothills,2011,Lophodermium needle cast of pines,8,0.72
9,Eastern Cascades Slopes and Foothills,2011,balsam woolly adelgid,13359,1202.31
9,Eastern Cascades Slopes and Foothills,2011,bears,4598,413.82
9,Eastern Cascades Slopes and Foothills,2011,black pineleaf scale,2035,183.15
9,Eastern Cascades Slopes and Foothills,2011,decline complex,5029,452.61
9,Eastern Cascades Slopes and Foothills,2011,fir engraver,48351,4351.59
9,Eastern Cascades Slopes and Foothills,2011,fire,7235,651.15
9,Eastern Cascades Slopes and Foothills,2011,flatheaded borer,43,3.87
9,Eastern Cascades Slopes and Foothills,2011,larch casebearer,656,59.04
9,Eastern Cascades Slopes and Foothills,2011,larch needle cast,10749,967.41
9,Eastern Cascades Slopes and Foothills,2011,mountain pine beetle,642723,57845.07
9,Eastern Cascades Slopes and Foothills,2011,needlecast,8626,776.34
9,Eastern Cascades Slopes and Foothills,2011,pine engraver,12402,1116.18
9,Eastern Cascades Slopes and Foothills,2011,satin moth,128,11.52
9,Eastern Cascades Slopes and Foothills,2011,western balsam bark beetle,2636,237.24
9,Eastern Cascades Slopes and Foothills,2011,western pine beetle,21463,1931.67
9,Eastern Cascades Slopes and Foothills,2011,western spruce budworm,178772,16089.48
9,Eastern Cascades Slopes and Foothills,2011,white pine blister rust,9,0.81
9,Eastern Cascades Slopes and Foothills,2012,Douglas-fir beetle,2529,227.61
9,Eastern Cascades Slopes and Foothills,2012,Lophodermium needle cast of pines,29281,2635.29
9,Eastern Cascades Slopes and Foothills,2012,balsam woolly adelgid,55516,4996.44
9,Eastern Cascades Slopes and Foothills,2012,bears,7497,674.73
9,Eastern Cascades Slopes and Foothills,2012,black pineleaf scale,480,43.2
9,Eastern Cascades Slopes and Foothills,2012,decline complex,8631,776.79
9,Eastern Cascades Slopes and Foothills,2012,fir engraver,38322,3448.98
9,Eastern Cascades Slopes and Foothills,2012,fire,2290,206.1
9,Eastern Cascades Slopes and Foothills,2012,flatheaded borer,181,16.29
9,Eastern Cascades Slopes and Foothills,2012,flooding-high water,236,21.24
9,Eastern Cascades Slopes and Foothills,2012,larch casebearer,93,8.37
9,Eastern Cascades Slopes and Foothills,2012,larch needle cast,35075,3156.75
9,Eastern Cascades Slopes and Foothills,2012,lodgepole sawfly,20015,1801.35
9,Eastern Cascades Slopes and Foothills,2012,mountain pine beetle,807197,72647.73
9,Eastern Cascades Slopes and Foothills,2012,needlecast,25077,2256.93
9,Eastern Cascades Slopes and Foothills,2012,pine engraver,1920,172.8
9,Eastern Cascades Slopes and Foothills,2012,root diseases/decay,9,0.81
9,Eastern Cascades Slopes and Foothills,2012,western balsam bark beetle,1092,98.28
9,Eastern Cascades Slopes and Foothills,2012,western pine beetle,15519,1396.71
9,Eastern Cascades Slopes and Foothills,2012,western spruce budworm,169072,15216.48
9,Eastern Cascades Slopes and Foothills,2012,western tent caterpillar,1912,172.08
9,Eastern Cascades Slopes and Foothills,2013,Cytospora canker of fir,498,44.82
9,Eastern Cascades Slopes and Foothills,2013,Douglas-fir beetle,2169,195.21
9,Eastern Cascades Slopes and Foothills,2013,Lophodermium needle cast of pines,1404,126.36
9,Eastern Cascades Slopes and Foothills,2013,balsam woolly adelgid,13040,1173.6
9,Eastern Cascades Slopes and Foothills,2013,bears,16144,1452.96
9,Eastern Cascades Slopes and Foothills,2013,decline complex,14389,1295.01
9,Eastern Cascades Slopes and Foothills,2013,fir engraver,34580,3112.2
9,Eastern Cascades Slopes and Foothills,2013,fire,10747,967.23
9,Eastern Cascades Slopes and Foothills,2013,flatheaded borer,42,3.78
9,Eastern Cascades Slopes and Foothills,2013,flooding-high water,8,0.72
9,Eastern Cascades Slopes and Foothills,2013,larch casebearer,643,57.87
9,Eastern Cascades Slopes and Foothills,2013,larch needle cast,19518,1756.62
9,Eastern Cascades Slopes and Foothills,2013,lodgepole sawfly,10047,904.23
9,Eastern Cascades Slopes and Foothills,2013,mountain pine beetle,793864,71447.76
9,Eastern Cascades Slopes and Foothills,2013,needlecast,897,80.73
9,Eastern Cascades Slopes and Foothills,2013,no data,1194,107.46
9,Eastern Cascades Slopes and Foothills,2013,pine engraver,5143,462.87
9,Eastern Cascades Slopes and Foothills,2013,satin moth,1503,135.27
9,Eastern Cascades Slopes and Foothills,2013,sawflies,1038,93.42
9,Eastern Cascades Slopes and Foothills,2013,western balsam bark beetle,1885,169.65
9,Eastern Cascades Slopes and Foothills,2013,western pine beetle,32656,2939.04
9,Eastern Cascades Slopes and Foothills,2013,western spruce budworm,48236,4341.24
9,Eastern Cascades Slopes and Foothills,2013,wind-tornado/hurricane,90,8.1
9,Eastern Cascades Slopes and Foothills,2013,winter injury,6234,561.06
9,Eastern Cascades Slopes and Foothills,2014,Cytospora canker of fir,885,79.65
9,Eastern Cascades Slopes and Foothills,2014,Douglas-fir beetle,23691,2132.19
9,Eastern Cascades Slopes and Foothills,2014,Lophodermium needle cast of pines,2539,228.51
9,Eastern Cascades Slopes and Foothills,2014,balsam woolly adelgid,9002,810.18
9,Eastern Cascades Slopes and Foothills,2014,bears,2897,260.73
9,Eastern Cascades Slopes and Foothills,2014,black pineleaf scale,143,12.87
9,Eastern Cascades Slopes and Foothills,2014,decline complex,16193,1457.37
9,Eastern Cascades Slopes and Foothills,2014,fir engraver,89549,8059.41
9,Eastern Cascades Slopes and Foothills,2014,fire,122605,11034.45
9,Eastern Cascades Slopes and Foothills,2014,flatheaded borer,189,17.01
9,Eastern Cascades Slopes and Foothills,2014,flooding-high water,77,6.93
9,Eastern Cascades Slopes and Foothills,2014,larch needle cast,637,57.33
9,Eastern Cascades Slopes and Foothills,2014,mountain pine beetle,889907,80091.63
9,Eastern Cascades Slopes and Foothills,2014,needlecast,2531,227.79
9,Eastern Cascades Slopes and Foothills,2014,pine engraver,15656,1409.04
9,Eastern Cascades Slopes and Foothills,2014,pine needle scale,807,72.63
9,Eastern Cascades Slopes and Foothills,2014,root diseases/decay,457,41.13
9,Eastern Cascades Slopes and Foothills,2014,satin moth,1734,156.06
9,Eastern Cascades Slopes and Foothills,2014,silver fir beetle,26,2.34
9,Eastern Cascades Slopes and Foothills,2014,western balsam bark beetle,832,74.88
9,Eastern Cascades Slopes and Foothills,2014,western pine beetle,60028,5402.52
9,Eastern Cascades Slopes and Foothills,2014,western spruce budworm,15456,1391.04
9,Eastern Cascades Slopes and Foothills,2014,white pine blister rust,27,2.43
9,Eastern Cascades Slopes and Foothills,2015,Douglas-fir beetle,9732,875.88
9,Eastern Cascades Slopes and Foothills,2015,Douglas-fir engraver,46,4.14
9,Eastern Cascades Slopes and Foothills,2015,Lophodermium needle cast of pines,6514,586.26
9,Eastern Cascades Slopes and Foothills,2015,balsam woolly adelgid,14698,1322.82
9,Eastern Cascades Slopes and Foothills,2015,bears,5254,472.86
9,Eastern Cascades Slopes and Foothills,2015,fir engraver,382255,34402.95
9,Eastern Cascades Slopes and Foothills,2015,flatheaded borer,28,2.52
9,Eastern Cascades Slopes and Foothills,2015,flooding-high water,211,18.99
9,Eastern Cascades Slopes and Foothills,2015,hail,8,0.72
9,Eastern Cascades Slopes and Foothills,2015,larch needle cast,11726,1055.34
9,Eastern Cascades Slopes and Foothills,2015,mountain pine beetle,411816,37063.44
9,Eastern Cascades Slopes and Foothills,2015,pine engraver,15709,1413.81
9,Eastern Cascades Slopes and Foothills,2015,satin moth,1225,110.25
9,Eastern Cascades Slopes and Foothills,2015,unknown,2609,234.81
9,Eastern Cascades Slopes and Foothills,2015,unknown root disease or decay,72,6.48
9,Eastern Cascades Slopes and Foothills,2015,western balsam bark beetle,655,58.95
9,Eastern Cascades Slopes and Foothills,2015,western pine beetle,49023,4412.07
9,Eastern Cascades Slopes and Foothills,2015,western spruce budworm,89129,8021.61
9,Eastern Cascades Slopes and Foothills,2015,wild fire,59906,5391.54
9,Eastern Cascades Slopes and Foothills,2016,Douglas-fir beetle,20597,1853.73
9,Eastern Cascades Slopes and Foothills,2016,Douglas-fir engraver,7575,681.75
9,Eastern Cascades Slopes and Foothills,2016,Lophodermium needle cast of pines,4703,423.27
9,Eastern Cascades Slopes and Foothills,2016,balsam woolly adelgid,30690,2762.1
9,Eastern Cascades Slopes and Foothills,2016,bears,10314,928.26
9,Eastern Cascades Slopes and Foothills,2016,black pineleaf scale,148,13.32
9,Eastern Cascades Slopes and Foothills,2016,drought,5404,486.36
9,Eastern Cascades Slopes and Foothills,2016,fir engraver,404427,36398.43
9,Eastern Cascades Slopes and Foothills,2016,fire,28036,2523.24
9,Eastern Cascades Slopes and Foothills,2016,frost,256,23.04
9,Eastern Cascades Slopes and Foothills,2016,larch needle cast,11947,1075.23
9,Eastern Cascades Slopes and Foothills,2016,mountain pine beetle,269795,24281.55
9,Eastern Cascades Slopes and Foothills,2016,needlecast,5761,518.49
9,Eastern Cascades Slopes and Foothills,2016,pine engraver,48775,4389.75
9,Eastern Cascades Slopes and Foothills,2016,satin moth,1693,152.37
9,Eastern Cascades Slopes and Foothills,2016,unknown,3213,289.17
9,Eastern Cascades Slopes and Foothills,2016,western balsam bark beetle,256,23.04
9,Eastern Cascades Slopes and Foothills,2016,western pine beetle,48848,4396.32
9,Eastern Cascades Slopes and Foothills,2016,western spruce budworm,15463,1391.67
9,Eastern Cascades Slopes and Foothills,2017,Douglas-fir beetle,13773,1239.57
9,Eastern Cascades Slopes and Foothills,2017,Douglas-fir engraver,2015,181.35
9,Eastern Cascades Slopes and Foothills,2017,balsam woolly adelgid,9912,892.08
9,Eastern Cascades Slopes and Foothills,2017,bears,7866,707.94
9,Eastern Cascades Slopes and Foothills,2017,drought,953,85.77
9,Eastern Cascades Slopes and Foothills,2017,fir engraver,381491,34334.19
9,Eastern Cascades Slopes and Foothills,2017,fire,31803,2862.27
9,Eastern Cascades Slopes and Foothills,2017,flatheaded borer,1197,107.73
9,Eastern Cascades Slopes and Foothills,2017,flooding-high water,173,15.57
9,Eastern Cascades Slopes and Foothills,2017,ips engraver beetles,18833,1694.97
9,Eastern Cascades Slopes and Foothills,2017,larch casebearer,2182,196.38
9,Eastern Cascades Slopes and Foothills,2017,mountain pine beetle,160148,14413.32
9,Eastern Cascades Slopes and Foothills,2017,needlecast,6176,555.84
9,Eastern Cascades Slopes and Foothills,2017,satin moth,477,42.93
9,Eastern Cascades Slopes and Foothills,2017,unknown,11,0.99
9,Eastern Cascades Slopes and Foothills,2017,western balsam bark beetle,3775,339.75
9,Eastern Cascades Slopes and Foothills,2017,western pine beetle,62139,5592.51
9,Eastern Cascades Slopes and Foothills,2017,western spruce budworm,1202,108.18
9,Eastern Cascades Slopes and Foothills,2018,Douglas-fir beetle,3468,312.12
9,Eastern Cascades Slopes and Foothills,2018,Douglas-fir tussock moth,1061,95.49
9,Eastern Cascades Slopes and Foothills,2018,balsam woolly adelgid,2757,248.13
9,Eastern Cascades Slopes and Foothills,2018,bears,3662,329.58
9,Eastern Cascades Slopes and Foothills,2018,fir engraver,158057,14225.13
9,Eastern Cascades Slopes and Foothills,2018,fire,24059,2165.31
9,Eastern Cascades Slopes and Foothills,2018,flooding-high water,841,75.69
9,Eastern Cascades Slopes and Foothills,2018,hail,3582,322.38
9,Eastern Cascades Slopes and Foothills,2018,ips engraver beetles,5451,490.59
9,Eastern Cascades Slopes and Foothills,2018,larch casebearer,4806,432.54
9,Eastern Cascades Slopes and Foothills,2018,larch needle cast,2741,246.69
9,Eastern Cascades Slopes and Foothills,2018,mountain pine beetle,87304,7857.36
9,Eastern Cascades Slopes and Foothills,2018,needlecast,13,1.17
9,Eastern Cascades Slopes and Foothills,2018,pandora moth,651980,58678.2
9,Eastern Cascades Slopes and Foothills,2018,satin moth,1287,115.83
9,Eastern Cascades Slopes and Foothills,2018,unknown,905,81.45
9,Eastern Cascades Slopes and Foothills,2018,western balsam bark beetle,2943,264.87
9,Eastern Cascades Slopes and Foothills,2018,western pine beetle,45476,4092.84
9,Eastern Cascades Slopes and Foothills,2018,western spruce budworm,2646,238.14
9,Eastern Cascades Slopes and Foothills,2019,Douglas-fir beetle,16067,1446.03
9,Eastern Cascades Slopes and Foothills,2019,Douglas-fir engraver,8,0.72
9,Eastern Cascades Slopes and Foothills,2019,Douglas-fir tussock moth,681,61.29
9,Eastern Cascades Slopes and Foothills,2019,Gelechiid moths/needleminers,3443,309.87
9,Eastern Cascades Slopes and Foothills,2019,Lophodermium needle cast of pines,3786,340.74
9,Eastern Cascades Slopes and Foothills,2019,balsam woolly adelgid,7944,714.96
9,Eastern Cascades Slopes and Foothills,2019,bears,2514,226.26
9,Eastern Cascades Slopes and Foothills,2019,drought,336,30.24
9,Eastern Cascades Slopes and Foothills,2019,fir engraver,334810,30132.9
9,Eastern Cascades Slopes and Foothills,2019,fire,23127,2081.43
9,Eastern Cascades Slopes and Foothills,2019,flatheaded fir borer,721,64.89
9,Eastern Cascades Slopes and Foothills,2019,flooding-high water,399,35.91
9,Eastern Cascades Slopes and Foothills,2019,ips engraver beetles,32720,2944.8
9,Eastern Cascades Slopes and Foothills,2019,larch casebearer,10780,970.2
9,Eastern Cascades Slopes and Foothills,2019,larch needle cast,4774,429.66
9,Eastern Cascades Slopes and Foothills,2019,lodgepole sawfly,18538,1668.42
9,Eastern Cascades Slopes and Foothills,2019,mountain pine beetle,137005,12330.45
9,Eastern Cascades Slopes and Foothills,2019,needlecast,2072,186.48
9,Eastern Cascades Slopes and Foothills,2019,satin moth,1417,127.53
9,Eastern Cascades Slopes and Foothills,2019,spruce beetle,935,84.15
9,Eastern Cascades Slopes and Foothills,2019,unknown,5615,505.35
9,Eastern Cascades Slopes and Foothills,2019,unknown defoliator,268,24.12
9,Eastern Cascades Slopes and Foothills,2019,western balsam bark beetle,2886,259.74
9,Eastern Cascades Slopes and Foothills,2019,western pine beetle,96847,8716.23
9,Eastern Cascades Slopes and Foothills,2019,western spruce budworm,205,18.45
9,Eastern Cascades Slopes and Foothills,2020,Douglas-fir beetle,21121,1900.89
9,Eastern Cascades Slopes and Foothills,2020,balsam woolly adelgid,3869,348.21
9,Eastern Cascades Slopes and Foothills,2020,bears,467,42.03
9,Eastern Cascades Slopes and Foothills,2020,fir engraver,64153,5773.77
9,Eastern Cascades Slopes and Foothills,2020,fire,640,57.6
9,Eastern Cascades Slopes and Foothills,2020,flatheaded fir borer,4508,405.72
9,Eastern Cascades Slopes and Foothills,2020,ips engraver beetles,866,77.94
9,Eastern Cascades Slopes and Foothills,2020,larch casebearer,212,19.08
9,Eastern Cascades Slopes and Foothills,2020,larch needle cast,517,46.53
9,Eastern Cascades Slopes and Foothills,2020,lodgepole sawfly,12226,1100.34
9,Eastern Cascades Slopes and Foothills,2020,mountain pine beetle,65916,5932.44
9,Eastern Cascades Slopes and Foothills,2020,mud-land slide,1135,102.15
9,Eastern Cascades Slopes and Foothills,2020,pandora moth,32542,2928.78
9,Eastern Cascades Slopes and Foothills,2020,satin moth,87,7.83
9,Eastern Cascades Slopes and Foothills,2020,unknown,6235,561.15
9,Eastern Cascades Slopes and Foothills,2020,unknown defoliator,2292,206.28
9,Eastern Cascades Slopes and Foothills,2020,unknown root disease or decay,50,4.5
9,Eastern Cascades Slopes and Foothills,2020,western balsam bark beetle,976,87.84
9,Eastern Cascades Slopes and Foothills,2020,western pine beetle,27316,2458.44
9,Eastern Cascades Slopes and Foothills,2020,western tent caterpillar,205,18.45
9,Eastern Cascades Slopes and Foothills,2020,white pine blister rust,184,16.56
9,Eastern Cascades Slopes and Foothills,2021,Douglas-fir beetle,11063,995.67
9,Eastern Cascades Slopes and Foothills,2021,Douglas-fir engraver,8086,727.74
9,Eastern Cascades Slopes and Foothills,2021,Douglas-fir tussock moth,52,4.68
9,Eastern Cascades Slopes and Foothills,2021,Lophodermium needle cast of pines,3277,294.93
9,Eastern Cascades Slopes and Foothills,2021,balsam woolly adelgid,2926,263.34
9,Eastern Cascades Slopes and Foothills,2021,bears,2207,198.63
9,Eastern Cascades Slopes and Foothills,2021,drought,515,46.35
9,Eastern Cascades Slopes and Foothills,2021,fir engraver,211096,18998.64
9,Eastern Cascades Slopes and Foothills,2021,fire,285,25.65
9,Eastern Cascades Slopes and Foothills,2021,heat,4,0.36
9,Eastern Cascades Slopes and Foothills,2021,ips engraver beetles,19229,1730.61
9,Eastern Cascades Slopes and Foothills,2021,larch needle cast,250,22.5
9,Eastern Cascades Slopes and Foothills,2021,lodgepole sawfly,14315,1288.35
9,Eastern Cascades Slopes and Foothills,2021,mountain pine beetle,117668,10590.12
9,Eastern Cascades Slopes and Foothills,2021,"other pest complex, known (code pending)",40,3.6
9,Eastern Cascades Slopes and Foothills,2021,silver fir beetle,17,1.53
9,Eastern Cascades Slopes and Foothills,2021,spruce beetle,658,59.22
9,Eastern Cascades Slopes and Foothills,2021,unknown,3481,313.29
9,Eastern Cascades Slopes and Foothills,2021,unknown defoliator,60,5.4
9,Eastern Cascades Slopes and Foothills,2021,unknown root disease or decay,172,15.48
9,Eastern Cascades Slopes and Foothills,2021,western balsam bark beetle,1957,176.13
9,Eastern Cascades Slopes and Foothills,2021,western pine beetle,156643,14097.87
9,Eastern Cascades Slopes and Foothills,2022,Douglas-fir beetle,36550,3289.5
9,Eastern Cascades Slopes and Foothills,2022,Douglas-fir engraver,11631,1046.79
9,Eastern Cascades Slopes and Foothills,2022,Lophodermium needle cast of pines,1846,166.14
9,Eastern Cascades Slopes and Foothills,2022,balsam woolly adelgid,4349,391.41
9,Eastern Cascades Slopes and Foothills,2022,bears,9337,840.33
9,Eastern Cascades Slopes and Foothills,2022,drought,660,59.4
9,Eastern Cascades Slopes and Foothills,2022,fir engraver,1456993,131129.37
9,Eastern Cascades Slopes and Foothills,2022,fire,2147,193.23
9,Eastern Cascades Slopes and Foothills,2022,flatheaded fir borer,6378,574.02
9,Eastern Cascades Slopes and Foothills,2022,ips engraver beetles,23215,2089.35
9,Eastern Cascades Slopes and Foothills,2022,larch needle cast,1206,108.54
9,Eastern Cascades Slopes and Foothills,2022,lodgepole sawfly,6225,560.25
9,Eastern Cascades Slopes and Foothills,2022,mountain pine beetle,262918,23662.62
9,Eastern Cascades Slopes and Foothills,2022,pandora moth,2005,180.45
9,Eastern Cascades Slopes and Foothills,2022,unknown,1994,179.46
9,Eastern Cascades Slopes and Foothills,2022,western balsam bark beetle,2254,202.86
9,Eastern Cascades Slopes and Foothills,2022,western pine beetle,714837,64335.33
9,Eastern Cascades Slopes and Foothills,2023,American beaver,120,10.8
9,Eastern Cascades Slopes and Foothills,2023,Cytospora canker of fir,12984,1168.56
9,Eastern Cascades Slopes and Foothills,2023,Diplodia canker,1514,136.26
9,Eastern Cascades Slopes and Foothills,2023,Douglas-fir beetle,46427,4178.43
9,Eastern Cascades Slopes and Foothills,2023,Douglas-fir engraver,5448,490.32
9,Eastern Cascades Slopes and Foothills,2023,Gelechiid moths/needleminers,12591,1133.19
9,Eastern Cascades Slopes and Foothills,2023,balsam woolly adelgid,11043,993.87
9,Eastern Cascades Slopes and Foothills,2023,bears,19190,1727.1
9,Eastern Cascades Slopes and Foothills,2023,drought,819,73.71
9,Eastern Cascades Slopes and Foothills,2023,fir engraver,2091285,188215.65
9,Eastern Cascades Slopes and Foothills,2023,flatheaded fir borer,78801,7092.09
9,Eastern Cascades Slopes and Foothills,2023,flooding-high water,161,14.49
9,Eastern Cascades Slopes and Foothills,2023,ips engraver beetles,11712,1054.08
9,Eastern Cascades Slopes and Foothills,2023,larch needle cast,799,71.91
9,Eastern Cascades Slopes and Foothills,2023,leaf rusts of hardwoods,384,34.56
9,Eastern Cascades Slopes and Foothills,2023,mountain pine beetle,913101,82179.09
9,Eastern Cascades Slopes and Foothills,2023,unknown,7316,658.44
9,Eastern Cascades Slopes and Foothills,2023,unknown defoliator,92,8.28
9,Eastern Cascades Slopes and Foothills,2023,unknown root disease or decay,55,4.95
9,Eastern Cascades Slopes and Foothills,2023,weevil,1607,144.63
9,Eastern Cascades Slopes and Foothills,2023,western balsam bark beetle,1191,107.19
9,Eastern Cascades Slopes and Foothills,2023,western pine beetle,864258,77783.22
9,Eastern Cascades Slopes and Foothills,2023,wind-tornado/hurricane,55,4.95
9,Eastern Cascades Slopes and Foothills,2023,winter injury,7330,659.7
9,Eastern Cascades Slopes and Foothills,2024,Cytospora canker of fir,1069,96.21
9,Eastern Cascades Slopes and Foothills,2024,Douglas-fir beetle,57557,5180.13
9,Eastern Cascades Slopes and Foothills,2024,Douglas-fir engraver,2385,214.65
9,Eastern Cascades Slopes and Foothills,2024,Lophodermella needle cast of pines,728,65.52
9,Eastern Cascades Slopes and Foothills,2024,Lophodermium needle cast of pines,205,18.45
9,Eastern Cascades Slopes and Foothills,2024,Modoc budworm,1194,107.46
9,Eastern Cascades Slopes and Foothills,2024,balsam woolly adelgid,17469,1572.21
9,Eastern Cascades Slopes and Foothills,2024,fir engraver,484944,43644.96
9,Eastern Cascades Slopes and Foothills,2024,fire,119,10.71
9,Eastern Cascades Slopes and Foothills,2024,flatheaded fir borer,4801,432.09
9,Eastern Cascades Slopes and Foothills,2024,ips engraver beetles,25655,2308.95
9,Eastern Cascades Slopes and Foothills,2024,larch casebearer,1054,94.86
9,Eastern Cascades Slopes and Foothills,2024,leaf rusts of hardwoods,16,1.44
9,Eastern Cascades Slopes and Foothills,2024,mountain pine beetle,576964,51926.76
9,Eastern Cascades Slopes and Foothills,2024,needlecast,7513,676.17
9,Eastern Cascades Slopes and Foothills,2024,root disease or bears,5050,454.5
9,Eastern Cascades Slopes and Foothills,2024,silver fir beetle,323,29.07
9,Eastern Cascades Slopes and Foothills,2024,spruce beetle,383,34.47
9,Eastern Cascades Slopes and Foothills,2024,unknown,5280,475.2
9,Eastern Cascades Slopes and Foothills,2024,western balsam bark beetle,1906,171.54
9,Eastern Cascades Slopes and Foothills,2024,western pine beetle,955711,86013.99
9,Eastern Cascades Slopes and Foothills,2024,winter injury,6871,618.39
9,Eastern Cascades Slopes and Foothills,2025,Douglas-fir beetle,7641,687.69
9,Eastern Cascades Slopes and Foothills,2025,Douglas-fir engraver,432,38.88
9,Eastern Cascades Slopes and Foothills,2025,Douglas-fir tussock moth,267,24.03
9,Eastern Cascades Slopes and Foothills,2025,balsam woolly adelgid,7867,708.03
9,Eastern Cascades Slopes and Foothills,2025,black pineleaf scale,8814,793.26
9,Eastern Cascades Slopes and Foothills,2025,drought,922,82.98
9,Eastern Cascades Slopes and Foothills,2025,fir engraver,164875,14838.75
9,Eastern Cascades Slopes and Foothills,2025,fire,1983,178.47
9,Eastern Cascades Slopes and Foothills,2025,flatheaded fir borer,1731,155.79
9,Eastern Cascades Slopes and Foothills,2025,ips engraver beetles,64324,5789.16
9,Eastern Cascades Slopes and Foothills,2025,larch casebearer,97,8.73
9,Eastern Cascades Slopes and Foothills,2025,larch needle cast,673,60.57
9,Eastern Cascades Slopes and Foothills,2025,mountain pine beetle,107472,9672.48
9,Eastern Cascades Slopes and Foothills,2025,root disease or bears,3406,306.54
9,Eastern Cascades Slopes and Foothills,2025,unknown,66,5.94
9,Eastern Cascades Slopes and Foothills,2025,unknown root disease or decay,43,3.87
9,Eastern Cascades Slopes and Foothills,2025,western balsam bark beetle,726,65.34
9,Eastern Cascades Slopes and Foothills,2025,western pine beetle,457769,41199.21
