dataset,aoi,year,change_class,Event_type,In_Park,Dist_name,Chnge_type,pct_own_area_outside,centroid_dist_to_aoi_m
MORA_1987_2017_V2_1_1_UTM,lpa01_10mi_buffer,2000,Defoliation,Office,N,,,19.823732403725643,0.0
MORA_1987_2017_V2_1_1_UTM,lpa01_10mi_buffer,2000,Defoliation,Office,N,,,11.84080438046426,0.0
MORA_1987_2017_V2_1_1_UTM,lpa01_10mi_buffer,2000,Defoliation,Office,N,,,34.63444401033692,0.0
MORA_1987_2017_V2_1_1_UTM,lpa01_10mi_buffer,2000,Defoliation,Office,N,,,21.497642884279546,0.0
MORA_1987_2017_V2_1_1_UTM,lpa01_10mi_buffer,2000,Defoliation,Office,N,,,10.93094375698542,0.0
MORA_1987_2017_V2_1_1_UTM,lpa01_10mi_buffer,2000,Defoliation,Office,N,,,1.8233274906465873,0.0
MORA_1987_2017_V2_1_1_UTM,lpa01_10mi_buffer,2000,Defoliation,Office,N,,,1.8341069139698836,0.0
MORA_1987_2017_V2_1_1_UTM,lpa01_10mi_buffer,2000,Defoliation,Office,N,,,1.788084847637763,0.0
MORA_1987_2017_V2_1_1_UTM,lpa01_10mi_buffer,2000,Defoliation,Office,N,,,13.496269634693004,0.0
MORA_1987_2017_V2_1_1_UTM,lpa01_10mi_buffer,2001,Defoliation,Office,N,,,39.37098027071237,0.0
MORA_1987_2017_V2_1_1_UTM,lpa01_10mi_buffer,2001,Defoliation,Office,N,,,2.738059228175829,0.0
MORA_1987_2017_V2_1_1_UTM,lpa01_10mi_buffer,2001,Defoliation,Office,N,,,36.5304615372759,0.0
MORA_1987_2017_V2_1_1_UTM,lpa01_10mi_buffer,2002,Defoliation,Office,N,,,28.632515496656524,0.0
MORA_1987_2017_V2_1_1_UTM,lpa01_10mi_buffer,2002,Defoliation,Office,N,,,9.020485283636429,0.0
MORA_1987_2017_V2_1_1_UTM,lpa01_10mi_buffer,2002,Defoliation,Office,N,,,49.59280327218057,0.0
MORA_1987_2017_V2_1_1_UTM,lpa01_10mi_buffer,2003,Defoliation,Office,N,,,27.832777824471584,0.0
MORA_1987_2017_V2_1_1_UTM,lpa01_10mi_buffer,2003,Defoliation,Office,N,,,47.447050310007135,0.0
MORA_1987_2017_V2_1_1_UTM,lpa01_10mi_buffer,2004,Defoliation,Office,N,,,4.927543379082006,0.0
MORA_1987_2017_V2_1_1_UTM,lpa01_10mi_buffer,2004,Defoliation,Office,N,,,49.070772410366516,0.0
MORA_1987_2017_V2_1_1_UTM,lpa01_10mi_buffer,2004,Defoliation,Office,N,,,50.51381972343415,0.0
MORA_1987_2017_V2_1_1_UTM,lpa01_10mi_buffer,2006,Defoliation,Office,N,,,8.516465338837692,0.0
MORA_1987_2017_V2_1_1_UTM,lpa01_10mi_buffer,2007,Fire,Office,N,Rattlesnake Creek,,30.0874975412659,0.0
MORA_1987_2017_V2_1_1_UTM,lpa01_10mi_buffer,2009,Fire,Office,N,Twin Peaks,,22.044030471665327,0.0
MORA_1987_2017_V2_1_1_UTM,lpa01_10mi_buffer,2007,Fire,Office,N,Rattlesnake Creek,,0.00011335876894608914,0.0
MORA_1987_2017_V2_1_1_UTM,lpa01_10mi_buffer,2001,Fire,Office,N,Dog Creek,,0.8685292924603284,0.0
MORA_1987_2017_V2_1_1_UTM,lpa01_10mi_buffer,2017,Fire,Office,N,Norse Peak,,0.15530268133995836,0.0
MORA_1987_2017_V2_1_1_UTM,protected_areas,1988,Riparian Change,Office,Y,,,17.668709087338783,0.0
MORA_1987_2017_V2_1_1_UTM,protected_areas,1990,Fire,Office,N,Bacon Creek,,19.52084322218087,0.0
MORA_1987_2017_V2_1_1_UTM,protected_areas,1994,Avalanche,Office,N,,,37.37497789882726,0.0
MORA_1987_2017_V2_1_1_UTM,protected_areas,1996,Riparian Change,Office,Y,,,8.271291617101978,0.0
MORA_1987_2017_V2_1_1_UTM,protected_areas,1996,Riparian Change,Office,Y,,,0.6052662771847206,0.0
MORA_1987_2017_V2_1_1_UTM,protected_areas,1998,Fire,Office,N,White Pass,,6.084111116846071,0.0
MORA_1987_2017_V2_1_1_UTM,protected_areas,1999,Blowdown,Office,Y,,,15.249619281695344,0.0
MORA_1987_2017_V2_1_1_UTM,protected_areas,1999,Defoliation,Office,N,,,0.5800458038895967,0.0
MORA_1987_2017_V2_1_1_UTM,protected_areas,1999,Defoliation,Office,N,,,24.360207316235126,0.0
MORA_1987_2017_V2_1_1_UTM,protected_areas,1999,Defoliation,Office,N,,,0.8332053210372812,0.0
MORA_1987_2017_V2_1_1_UTM,protected_areas,1999,Defoliation,Office,N,,,31.047420332266014,0.0
MORA_1987_2017_V2_1_1_UTM,protected_areas,2000,Defoliation,Office,N,,,8.445412345267211,0.0
MORA_1987_2017_V2_1_1_UTM,protected_areas,2000,Defoliation,Office,N,,,0.19406299974109867,0.0
MORA_1987_2017_V2_1_1_UTM,protected_areas,2000,Defoliation,Office,N,,,28.09201989617221,0.0
MORA_1987_2017_V2_1_1_UTM,protected_areas,2000,Defoliation,Office,N,,,29.42519691997066,0.0
MORA_1987_2017_V2_1_1_UTM,protected_areas,2000,Defoliation,Office,N,,,17.414439412087937,0.0
MORA_1987_2017_V2_1_1_UTM,protected_areas,2000,Defoliation,Office,N,,,15.074228235266691,0.0
MORA_1987_2017_V2_1_1_UTM,protected_areas,2000,Defoliation,Office,N,,,21.65355167768045,0.0
MORA_1987_2017_V2_1_1_UTM,protected_areas,2000,Defoliation,Office,N,,,31.758667010711914,0.0
MORA_1987_2017_V2_1_1_UTM,protected_areas,2000,Defoliation,Office,N,,,2.08783416562996,0.0
MORA_1987_2017_V2_1_1_UTM,protected_areas,2000,Defoliation,Office,N,,,23.484861814931186,0.0
MORA_1987_2017_V2_1_1_UTM,protected_areas,2000,Defoliation,Office,N,,,23.555910386212126,0.0
MORA_1987_2017_V2_1_1_UTM,protected_areas,2000,Defoliation,Office,N,,,30.679417988927263,0.0
MORA_1987_2017_V2_1_1_UTM,protected_areas,2000,Defoliation,Office,N,,,41.36220718637577,0.0
MORA_1987_2017_V2_1_1_UTM,protected_areas,2000,Defoliation,Office,N,,,39.30201545764606,0.0
MORA_1987_2017_V2_1_1_UTM,protected_areas,2000,Defoliation,Office,N,,,3.3249347042963877,0.0
MORA_1987_2017_V2_1_1_UTM,protected_areas,2000,Defoliation,Office,N,,,37.71941408292197,0.0
MORA_1987_2017_V2_1_1_UTM,protected_areas,2000,Defoliation,Office,N,,,52.83846525169989,0.0
MORA_1987_2017_V2_1_1_UTM,protected_areas,2000,Defoliation,Office,N,,,51.40034488571666,0.0
MORA_1987_2017_V2_1_1_UTM,protected_areas,2000,Defoliation,Office,N,,,40.84807533129181,0.0
MORA_1987_2017_V2_1_1_UTM,protected_areas,2000,Defoliation,Office,N,,,12.5773677654003,0.0
MORA_1987_2017_V2_1_1_UTM,protected_areas,2000,Defoliation,Office,N,,,1.0652631231582153,0.0
MORA_1987_2017_V2_1_1_UTM,protected_areas,2000,Defoliation,Office,N,,,30.905371344272417,0.0
MORA_1987_2017_V2_1_1_UTM,protected_areas,2000,Defoliation,Office,N,,,28.984035046411137,0.0
MORA_1987_2017_V2_1_1_UTM,protected_areas,2000,Defoliation,Office,N,,,42.27985388620205,0.0
MORA_1987_2017_V2_1_1_UTM,protected_areas,2000,Defoliation,Office,N,,,19.149339971875467,0.0
MORA_1987_2017_V2_1_1_UTM,protected_areas,2000,Defoliation,Office,N,,,3.657748987176706,0.0
MORA_1987_2017_V2_1_1_UTM,protected_areas,2000,Defoliation,Office,N,,,2.2584330420902394,0.0
MORA_1987_2017_V2_1_1_UTM,protected_areas,2000,Defoliation,Office,N,,,39.31528282848371,0.0
MORA_1987_2017_V2_1_1_UTM,protected_areas,2000,Defoliation,Office,N,,,0.4350454150843963,0.0
MORA_1987_2017_V2_1_1_UTM,protected_areas,2000,Defoliation,Office,N,,,0.09583185406982607,0.0
MORA_1987_2017_V2_1_1_UTM,protected_areas,2000,Defoliation,Office,N,,,19.82373400033659,0.0
MORA_1987_2017_V2_1_1_UTM,protected_areas,2000,Defoliation,Office,N,,,11.840802382276802,0.0
MORA_1987_2017_V2_1_1_UTM,protected_areas,2000,Defoliation,Office,N,,,34.634440357426776,0.0
MORA_1987_2017_V2_1_1_UTM,protected_areas,2000,Defoliation,Office,N,,,21.49760915165105,0.0
MORA_1987_2017_V2_1_1_UTM,protected_areas,2000,Defoliation,Office,N,,,10.93094408963049,0.0
MORA_1987_2017_V2_1_1_UTM,protected_areas,2000,Defoliation,Office,N,,,1.8233291461620473,0.0
MORA_1987_2017_V2_1_1_UTM,protected_areas,2000,Defoliation,Office,N,,,2.9228373940789356,0.0
MORA_1987_2017_V2_1_1_UTM,protected_areas,2000,Defoliation,Office,N,,,11.166965522838318,0.0
MORA_1987_2017_V2_1_1_UTM,protected_areas,2000,Defoliation,Office,N,,,20.095468598406825,0.0
MORA_1987_2017_V2_1_1_UTM,protected_areas,2000,Defoliation,Office,N,,,12.66349959592242,0.0
MORA_1987_2017_V2_1_1_UTM,protected_areas,2000,Defoliation,Office,N,,,13.496270001486682,0.0
MORA_1987_2017_V2_1_1_UTM,protected_areas,2001,Defoliation,Office,N,,,16.46528946946285,0.0
MORA_1987_2017_V2_1_1_UTM,protected_areas,2001,Defoliation,Office,N,,,21.039783524831467,0.0
MORA_1987_2017_V2_1_1_UTM,protected_areas,2001,Defoliation,Office,N,,,35.85871819908952,0.0
MORA_1987_2017_V2_1_1_UTM,protected_areas,2001,Defoliation,Office,N,,,17.385826599203597,0.0
MORA_1987_2017_V2_1_1_UTM,protected_areas,2001,Defoliation,Office,N,,,1.8360191276300504,0.0
MORA_1987_2017_V2_1_1_UTM,protected_areas,2001,Defoliation,Office,N,,,32.98907085436079,0.0
MORA_1987_2017_V2_1_1_UTM,protected_areas,2001,Defoliation,Office,N,,,51.42627779813285,0.0
MORA_1987_2017_V2_1_1_UTM,protected_areas,2001,Defoliation,Office,N,,,4.574698112597332,0.0
MORA_1987_2017_V2_1_1_UTM,protected_areas,2001,Defoliation,Office,N,,,12.327376148501102,0.0
MORA_1987_2017_V2_1_1_UTM,protected_areas,2001,Defoliation,Office,N,,,9.050224937794551,0.0
MORA_1987_2017_V2_1_1_UTM,protected_areas,2001,Defoliation,Office,N,,,0.2120782895093139,0.0
MORA_1987_2017_V2_1_1_UTM,protected_areas,2001,Defoliation,Office,N,,,0.27362877676316455,0.0
MORA_1987_2017_V2_1_1_UTM,protected_areas,2001,Defoliation,Office,N,,,16.84323716585805,0.0
MORA_1987_2017_V2_1_1_UTM,protected_areas,2001,Defoliation,Office,N,,,29.118945424093525,0.0
MORA_1987_2017_V2_1_1_UTM,protected_areas,2001,Defoliation,Office,N,,,2.8563889163536755,0.0
MORA_1987_2017_V2_1_1_UTM,protected_areas,2001,Defoliation,Office,N,,,65.61788073039635,0.0
MORA_1987_2017_V2_1_1_UTM,protected_areas,2001,Defoliation,Office,N,,,39.37098475279168,0.0
MORA_1987_2017_V2_1_1_UTM,protected_areas,2001,Defoliation,Office,N,,,1.6090923768388514,0.0
MORA_1987_2017_V2_1_1_UTM,protected_areas,2001,Defoliation,Office,N,,,25.069641988411323,0.0
MORA_1987_2017_V2_1_1_UTM,protected_areas,2001,Defoliation,Office,N,,,6.318654336836604,0.0
MORA_1987_2017_V2_1_1_UTM,protected_areas,2001,Defoliation,Office,N,,,20.757206890157704,0.0
MORA_1987_2017_V2_1_1_UTM,protected_areas,2001,Defoliation,Office,N,,,8.469047076384577,0.0
MORA_1987_2017_V2_1_1_UTM,protected_areas,2001,Defoliation,Office,N,,,20.25563001317372,0.0
MORA_1987_2017_V2_1_1_UTM,protected_areas,2001,Defoliation,Office,N,,,26.557517476396633,0.0
MORA_1987_2017_V2_1_1_UTM,protected_areas,2001,Defoliation,Office,N,,,26.632311687719348,0.0
MORA_1987_2017_V2_1_1_UTM,protected_areas,2001,Defoliation,Office,N,,,7.318169668587754,0.0
MORA_1987_2017_V2_1_1_UTM,protected_areas,2001,Defoliation,Office,N,,,7.128073397317977,0.0
MORA_1987_2017_V2_1_1_UTM,protected_areas,2001,Defoliation,Office,N,,,6.945948958921533,0.0
MORA_1987_2017_V2_1_1_UTM,protected_areas,2001,Defoliation,Office,N,,,23.09897606875598,0.0
MORA_1987_2017_V2_1_1_UTM,protected_areas,2001,Defoliation,Office,N,,,47.43962841549108,0.0
MORA_1987_2017_V2_1_1_UTM,protected_areas,2001,Defoliation,Office,N,,,36.03011100259472,0.0
MORA_1987_2017_V2_1_1_UTM,protected_areas,2001,Defoliation,Office,N,,,1.1559535183733212,0.0
MORA_1987_2017_V2_1_1_UTM,protected_areas,2001,Defoliation,Office,N,,,0.9583483987700105,0.0
MORA_1987_2017_V2_1_1_UTM,protected_areas,2001,Defoliation,Office,N,,,1.5716353154941503,0.0
MORA_1987_2017_V2_1_1_UTM,protected_areas,2001,Defoliation,Office,N,,,9.688613390060787,0.0
MORA_1987_2017_V2_1_1_UTM,protected_areas,2001,Defoliation,Office,N,,,2.38871888264158,0.0
MORA_1987_2017_V2_1_1_UTM,protected_areas,2001,Defoliation,Office,N,,,36.53046103596781,0.0
MORA_1987_2017_V2_1_1_UTM,protected_areas,2001,Defoliation,Office,N,,,21.49652138494792,0.0
MORA_1987_2017_V2_1_1_UTM,protected_areas,2002,Defoliation,Office,N,,,12.620481721335382,0.0
MORA_1987_2017_V2_1_1_UTM,protected_areas,2002,Defoliation,Office,N,,,42.9245484694186,0.0
MORA_1987_2017_V2_1_1_UTM,protected_areas,2002,Defoliation,Office,N,,,27.207284890308202,0.0
MORA_1987_2017_V2_1_1_UTM,protected_areas,2002,Defoliation,Office,N,,,46.573132141132824,0.0
MORA_1987_2017_V2_1_1_UTM,protected_areas,2002,Defoliation,Office,N,,,28.63252132003438,0.0
MORA_1987_2017_V2_1_1_UTM,protected_areas,2002,Defoliation,Office,N,,,9.0204779715718,0.0
MORA_1987_2017_V2_1_1_UTM,protected_areas,2002,Defoliation,Office,N,,,49.59280288487331,0.0
MORA_1987_2017_V2_1_1_UTM,protected_areas,2002,Defoliation,Office,N,,,4.776708863902357,0.0
MORA_1987_2017_V2_1_1_UTM,protected_areas,2003,Riparian Change,Office,Y,,,1.2678495572667114,0.0
MORA_1987_2017_V2_1_1_UTM,protected_areas,2003,Defoliation,Office,N,,,20.300356355191546,0.0
MORA_1987_2017_V2_1_1_UTM,protected_areas,2003,Defoliation,Office,N,,,5.6909342861481385,0.0
MORA_1987_2017_V2_1_1_UTM,protected_areas,2003,Defoliation,Office,N,,,18.658293704795966,0.0
MORA_1987_2017_V2_1_1_UTM,protected_areas,2003,Defoliation,Office,N,,,54.54500087935824,0.0
MORA_1987_2017_V2_1_1_UTM,protected_areas,2003,Defoliation,Office,N,,,27.832777711587784,0.0
MORA_1987_2017_V2_1_1_UTM,protected_areas,2003,Defoliation,Office,N,,,47.447036301026486,0.0
MORA_1987_2017_V2_1_1_UTM,protected_areas,2003,Defoliation,Office,N,,,48.94842038372973,0.0
MORA_1987_2017_V2_1_1_UTM,protected_areas,2004,Defoliation,Office,N,,,2.467769996737282,0.0
MORA_1987_2017_V2_1_1_UTM,protected_areas,2004,Defoliation,Office,N,,,1.5149186803685872,0.0
MORA_1987_2017_V2_1_1_UTM,protected_areas,2004,Defoliation,Office,N,,,4.92754692551394,0.0
MORA_1987_2017_V2_1_1_UTM,protected_areas,2004,Defoliation,Office,N,,,49.07076569312485,0.0
MORA_1987_2017_V2_1_1_UTM,protected_areas,2004,Defoliation,Office,N,,,50.517158642346814,0.0
MORA_1987_2017_V2_1_1_UTM,protected_areas,2005,Defoliation,Office,N,,,14.434335931842893,0.0
MORA_1987_2017_V2_1_1_UTM,protected_areas,2006,Defoliation,Office,N,,,4.457212267689203,0.0
MORA_1987_2017_V2_1_1_UTM,protected_areas,2006,Defoliation,Office,N,,,8.84597255631494,0.0
MORA_1987_2017_V2_1_1_UTM,protected_areas,2006,Defoliation,Office,N,,,13.156952738443394,0.0
MORA_1987_2017_V2_1_1_UTM,protected_areas,2006,Riparian Change,Office,Y,,,1.2122025968591916,0.0
MORA_1987_2017_V2_1_1_UTM,protected_areas,2006,Defoliation,Office,N,,,8.516465122885647,0.0
MORA_1987_2017_V2_1_1_UTM,protected_areas,2007,Riparian Change,Office,Y,,,5.783647509280202,0.0
MORA_1987_2017_V2_1_1_UTM,protected_areas,2007,Riparian Change,Office,Y,,,7.780150487698865,0.0
MORA_1987_2017_V2_1_1_UTM,protected_areas,2007,Riparian Change,Office,Y,,,0.024557207968076825,0.0
MORA_1987_2017_V2_1_1_UTM,protected_areas,2007,Riparian Change,Office,Y,,,19.348013760672885,0.0
MORA_1987_2017_V2_1_1_UTM,protected_areas,2007,Riparian Change,Office,Y,,,17.086533076687655,0.0
MORA_1987_2017_V2_1_1_UTM,protected_areas,2007,Riparian Change,Office,Y,,,0.5760339594618202,0.0
MORA_1987_2017_V2_1_1_UTM,protected_areas,2007,Riparian Change,Office,Y,,,5.249861888275165,0.0
MORA_1987_2017_V2_1_1_UTM,protected_areas,2007,Riparian Change,Office,Y,,,35.18900880312103,0.0
MORA_1987_2017_V2_1_1_UTM,protected_areas,2007,Riparian Change,Office,Y,,,12.550545748315031,0.0
MORA_1987_2017_V2_1_1_UTM,protected_areas,2007,Riparian Change,Office,Y,,,0.4922304231117887,0.0
MORA_1987_2017_V2_1_1_UTM,protected_areas,2007,Riparian Change,Office,Y,,,9.47912604986943,0.0
MORA_1987_2017_V2_1_1_UTM,protected_areas,2007,Riparian Change,Office,Y,,,19.5226162826943,0.0
MORA_1987_2017_V2_1_1_UTM,protected_areas,2007,Riparian Change,Office,Y,,,5.2678814658602775,0.0
MORA_1987_2017_V2_1_1_UTM,protected_areas,2007,Riparian Change,Office,Y,,,0.15165678676353014,0.0
MORA_1987_2017_V2_1_1_UTM,protected_areas,2007,Riparian Change,Office,Y,,,0.837641513347088,0.0
MORA_1987_2017_V2_1_1_UTM,protected_areas,2007,Riparian Change,Office,Y,,,29.97704952077515,0.0
MORA_1987_2017_V2_1_1_UTM,protected_areas,2007,Riparian Change,Office,Y,,,38.58734474333779,0.0
MORA_1987_2017_V2_1_1_UTM,protected_areas,2007,Riparian Change,Office,Y,,,46.342739869013656,0.0
MORA_1987_2017_V2_1_1_UTM,protected_areas,2007,Fire,Office,N,Rattlesnake Creek,,30.087496085817893,0.0
MORA_1987_2017_V2_1_1_UTM,protected_areas,2008,Avalanche,Office,N,,,4.393853206343603,0.0
MORA_1987_2017_V2_1_1_UTM,protected_areas,2010,Defoliation,Office,N,,,44.53397793805668,0.0
MORA_1987_2017_V2_1_1_UTM,protected_areas,2009,Fire,Office,N,Twin Peaks,,22.05405673138761,0.0
MORA_1987_2017_V2_1_1_UTM,protected_areas,2007,Fire,Office,N,Rattlesnake Creek,,0.00011337803175622127,0.0
MORA_1987_2017_V2_1_1_UTM,protected_areas,2001,Fire,Office,N,Dog Creek,,0.8685292924603284,0.0
MORA_1987_2017_V2_1_1_UTM,protected_areas,2017,Fire,Office,N,Norse Peak,,1.009948874387661,0.0
MORA_1987_2017_V2_1_1_UTM,protected_areas,2017,Fire,Office,N,Norse Peak,,19.32522710652599,0.0
MORA_1987_2017_V2_1_1_UTM,protected_areas,2017,Fire,Office,N,Norse Peak,,16.191852237876233,0.0
MORA_1987_2017_V2_1_1_UTM,protected_areas,2017,Fire,Office,N,American,,0.6357165862895424,0.0
NOCA_1987_2017_V2_1_1_UTM,lpa01_10mi_buffer,1987,Defoliation,Office,N,,,99.99999999999999,6442.439211304302
NOCA_1987_2017_V2_1_1_UTM,lpa01_10mi_buffer,1990,Defoliation,Office,N,,,100.0,5664.424610631712
NOCA_1987_2017_V2_1_1_UTM,lpa01_10mi_buffer,1990,Fire,Office,N,Canoe Creek,,100.0,4497.900855775364
NOCA_1987_2017_V2_1_1_UTM,lpa01_10mi_buffer,1990,Fire,Office,N,Canoe Creek,,100.0,5246.76824916221
NOCA_1987_2017_V2_1_1_UTM,lpa01_10mi_buffer,1990,Fire,Office,N,Canoe Creek,,100.0,4500.392467682968
NOCA_1987_2017_V2_1_1_UTM,lpa01_10mi_buffer,1990,Fire,Office,N,Canoe Creek,,100.00000000000001,4952.313798299961
NOCA_1987_2017_V2_1_1_UTM,lpa01_10mi_buffer,1990,Fire,Office,N,Canoe Creek,,100.0,4874.228659497784
NOCA_1987_2017_V2_1_1_UTM,lpa01_10mi_buffer,1990,Fire,Office,N,Canoe Creek,,99.99999999999999,5255.76418669247
NOCA_1987_2017_V2_1_1_UTM,lpa01_10mi_buffer,1990,Fire,Office,N,Canoe Creek,,100.00000000000003,5500.42761021277
NOCA_1987_2017_V2_1_1_UTM,lpa01_10mi_buffer,1994,Defoliation,Office,N,,,100.0,6073.825058438711
NOCA_1987_2017_V2_1_1_UTM,lpa01_10mi_buffer,1995,Fire,Office,N,Prince Creek,,99.99999999999994,3647.476564522815
NOCA_1987_2017_V2_1_1_UTM,lpa01_10mi_buffer,1995,Fire,Office,N,Prince Creek,,100.00000000000001,4523.266899809458
NOCA_1987_2017_V2_1_1_UTM,lpa01_10mi_buffer,1995,Fire,Office,N,Prince Creek,,100.00000000000001,4359.127272973692
NOCA_1987_2017_V2_1_1_UTM,lpa01_10mi_buffer,1995,Fire,Office,N,Prince Creek,,100.00000000000001,4214.954610772189
NOCA_1987_2017_V2_1_1_UTM,lpa01_10mi_buffer,1995,Fire,Office,N,Prince Creek,,100.0,4034.1236579658466
NOCA_1987_2017_V2_1_1_UTM,lpa01_10mi_buffer,1995,Fire,Office,N,Prince Creek,,100.0,4614.510838993706
NOCA_1987_2017_V2_1_1_UTM,lpa01_10mi_buffer,1996,Avalanche,Office,N,,,100.0,7156.7838381419915
NOCA_1987_2017_V2_1_1_UTM,lpa01_10mi_buffer,1995,Fire,Office,N,Prince Creek,,100.0,3606.6264350500114
NOCA_1987_2017_V2_1_1_UTM,lpa01_10mi_buffer,1995,Fire,Office,N,Prince Creek,,100.0,3462.8512570371045
NOCA_1987_2017_V2_1_1_UTM,lpa01_10mi_buffer,1995,Fire,Office,N,Prince Creek,,100.0,3763.615212024321
NOCA_1987_2017_V2_1_1_UTM,lpa01_10mi_buffer,1995,Fire,Office,N,Prince Creek,,99.99999999999999,3160.3410952928525
NOCA_1987_2017_V2_1_1_UTM,lpa01_10mi_buffer,1995,Fire,Office,N,Prince Creek,,100.0,3013.391863031741
NOCA_1987_2017_V2_1_1_UTM,lpa01_10mi_buffer,1995,Fire,Office,N,Prince Creek,,99.99999999999999,3732.5377866325484
NOCA_1987_2017_V2_1_1_UTM,lpa01_10mi_buffer,1995,Fire,Office,N,Prince Creek,,100.00000000000009,3524.1581134153794
NOCA_1987_2017_V2_1_1_UTM,lpa01_10mi_buffer,1995,Fire,Office,N,Prince Creek,,100.0,3737.116231482557
NOCA_1987_2017_V2_1_1_UTM,lpa01_10mi_buffer,1995,Fire,Office,N,Prince Creek,,99.99999999999997,4284.80319735911
NOCA_1987_2017_V2_1_1_UTM,lpa01_10mi_buffer,1995,Fire,Office,N,Prince Creek,,100.00000000000003,4716.781549380209
NOCA_1987_2017_V2_1_1_UTM,lpa01_10mi_buffer,1995,Fire,Office,N,Prince Creek,,100.00000000000003,3931.0764858857633
NOCA_1987_2017_V2_1_1_UTM,lpa01_10mi_buffer,1997,Avalanche,Office,N,,,100.0,7243.960051340353
NOCA_1987_2017_V2_1_1_UTM,lpa01_10mi_buffer,1997,Riparian Change,Office,N,,,0.03723099686511513,0.0
NOCA_1987_2017_V2_1_1_UTM,lpa01_10mi_buffer,2000,Defoliation,Office,N,,,100.00000000000001,1338.2021900999455
NOCA_1987_2017_V2_1_1_UTM,lpa01_10mi_buffer,2000,Defoliation,Office,N,,,99.99999999999999,1645.7234785444557
NOCA_1987_2017_V2_1_1_UTM,lpa01_10mi_buffer,2000,Defoliation,Office,N,,,100.00000000000001,1525.706761110323
NOCA_1987_2017_V2_1_1_UTM,lpa01_10mi_buffer,2000,Defoliation,Office,N,,,100.0,6914.216115941327
NOCA_1987_2017_V2_1_1_UTM,lpa01_10mi_buffer,2000,Defoliation,Office,N,,,100.0,9480.646384509435
NOCA_1987_2017_V2_1_1_UTM,lpa01_10mi_buffer,2000,Defoliation,Office,N,,,100.0,2360.816206106404
NOCA_1987_2017_V2_1_1_UTM,lpa01_10mi_buffer,2000,Defoliation,Office,N,,,100.0,317.3074670979794
NOCA_1987_2017_V2_1_1_UTM,lpa01_10mi_buffer,2000,Defoliation,Office,N,,,99.99999999999999,1966.647371002742
NOCA_1987_2017_V2_1_1_UTM,lpa01_10mi_buffer,2000,Defoliation,Office,N,,,99.99999999999996,3787.7687818898667
NOCA_1987_2017_V2_1_1_UTM,lpa01_10mi_buffer,2000,Defoliation,Office,N,,,100.0,6442.401437489284
NOCA_1987_2017_V2_1_1_UTM,lpa01_10mi_buffer,2000,Defoliation,Office,N,,,100.00000000000001,4038.8578850927333
NOCA_1987_2017_V2_1_1_UTM,lpa01_10mi_buffer,2000,Defoliation,Office,N,,,99.99999999999999,6722.093818881012
NOCA_1987_2017_V2_1_1_UTM,lpa01_10mi_buffer,2001,Defoliation,Office,N,,,5.036859964888792,0.0
NOCA_1987_2017_V2_1_1_UTM,lpa01_10mi_buffer,2001,Defoliation,Office,N,,,45.5121491397557,0.0
NOCA_1987_2017_V2_1_1_UTM,lpa01_10mi_buffer,2001,Fire,Office,N,Rex Creek,,99.99999999999997,545.1068699460752
NOCA_1987_2017_V2_1_1_UTM,lpa01_10mi_buffer,2001,Fire,Office,N,Rex Creek,,100.0,2094.648823909134
NOCA_1987_2017_V2_1_1_UTM,lpa01_10mi_buffer,2001,Fire,Office,N,Rex Creek,,99.96034249483131,104.93938208067739
NOCA_1987_2017_V2_1_1_UTM,lpa01_10mi_buffer,2001,Fire,Office,N,Rex Creek,,100.0,747.296120222943
NOCA_1987_2017_V2_1_1_UTM,lpa01_10mi_buffer,2001,Fire,Office,N,Rex Creek,,99.99999999999999,2014.9489686745421
NOCA_1987_2017_V2_1_1_UTM,lpa01_10mi_buffer,2001,Fire,Office,N,Rex Creek,,99.99999999999999,2447.128663249049
NOCA_1987_2017_V2_1_1_UTM,lpa01_10mi_buffer,2001,Fire,Office,N,Rex Creek,,100.0,800.5350718441852
NOCA_1987_2017_V2_1_1_UTM,lpa01_10mi_buffer,2001,Fire,Office,N,Rex Creek,,44.05276814162071,5.127674851455261
NOCA_1987_2017_V2_1_1_UTM,lpa01_10mi_buffer,2001,Fire,Office,N,Rex Creek,,100.0,944.1429838050237
NOCA_1987_2017_V2_1_1_UTM,lpa01_10mi_buffer,2001,Fire,Office,N,Rex Creek,,100.00000000000001,2598.7443459908604
NOCA_1987_2017_V2_1_1_UTM,lpa01_10mi_buffer,2001,Fire,Office,N,Rex Creek,,100.0,959.290229179549
NOCA_1987_2017_V2_1_1_UTM,lpa01_10mi_buffer,2001,Fire,Office,N,Rex Creek,,100.0,3111.37036650248
NOCA_1987_2017_V2_1_1_UTM,lpa01_10mi_buffer,2001,Fire,Office,N,Rex Creek,,37.51772120291617,0.0
NOCA_1987_2017_V2_1_1_UTM,lpa01_10mi_buffer,2001,Fire,Office,N,Rex Creek,,100.0,649.5475322901675
NOCA_1987_2017_V2_1_1_UTM,lpa01_10mi_buffer,2001,Fire,Office,N,Rex Creek,,100.0,224.6970103719951
NOCA_1987_2017_V2_1_1_UTM,lpa01_10mi_buffer,2001,Fire,Office,N,Rex Creek,,100.0,413.1447202631974
NOCA_1987_2017_V2_1_1_UTM,lpa01_10mi_buffer,2001,Fire,Office,N,Rex Creek,,99.99999999999999,1267.4519017476093
NOCA_1987_2017_V2_1_1_UTM,lpa01_10mi_buffer,2001,Fire,Office,N,Rex Creek,,100.0,519.2561952464056
NOCA_1987_2017_V2_1_1_UTM,lpa01_10mi_buffer,2001,Fire,Office,N,Rex Creek,,100.00000000000004,1686.8202690799117
NOCA_1987_2017_V2_1_1_UTM,lpa01_10mi_buffer,2001,Fire,Office,N,Rex Creek,,100.0,2048.703508934228
NOCA_1987_2017_V2_1_1_UTM,lpa01_10mi_buffer,2001,Fire,Office,N,Rex Creek,,100.0,2414.262406784327
NOCA_1987_2017_V2_1_1_UTM,lpa01_10mi_buffer,2001,Fire,Office,N,Rex Creek,,100.00000000000003,1986.3165866381537
NOCA_1987_2017_V2_1_1_UTM,lpa01_10mi_buffer,2001,Fire,Office,N,Rex Creek,,99.99999999999999,2188.0980821085504
NOCA_1987_2017_V2_1_1_UTM,lpa01_10mi_buffer,2001,Fire,Office,N,Rex Creek,,100.0,1903.0454435252786
NOCA_1987_2017_V2_1_1_UTM,lpa01_10mi_buffer,2001,Fire,Office,N,Rex Creek,,100.0,415.6187888297237
NOCA_1987_2017_V2_1_1_UTM,lpa01_10mi_buffer,2001,Fire,Office,N,Rex Creek,,100.00000000000001,1665.5271825019013
NOCA_1987_2017_V2_1_1_UTM,lpa01_10mi_buffer,2001,Fire,Office,N,Rex Creek,,18.59137302151518,0.0
NOCA_1987_2017_V2_1_1_UTM,lpa01_10mi_buffer,2001,Fire,Office,N,Rex Creek,,100.0,5613.905127083307
NOCA_1987_2017_V2_1_1_UTM,lpa01_10mi_buffer,2001,Fire,Office,N,Rex Creek,,99.99999999999999,4726.627156405387
NOCA_1987_2017_V2_1_1_UTM,lpa01_10mi_buffer,2001,Fire,Office,N,Rex Creek,,100.00000000000003,5007.750700057742
NOCA_1987_2017_V2_1_1_UTM,lpa01_10mi_buffer,2001,Fire,Office,N,Rex Creek,,100.0,4160.199267936863
NOCA_1987_2017_V2_1_1_UTM,lpa01_10mi_buffer,2001,Fire,Office,N,Rex Creek,,100.00000000000003,4484.231218840815
NOCA_1987_2017_V2_1_1_UTM,lpa01_10mi_buffer,2001,Fire,Office,N,Rex Creek,,99.99999999999999,4940.654428013812
NOCA_1987_2017_V2_1_1_UTM,lpa01_10mi_buffer,2001,Fire,Office,N,Rex Creek,,99.99999999999997,2400.9845829835326
NOCA_1987_2017_V2_1_1_UTM,lpa01_10mi_buffer,2001,Fire,Office,N,Rex Creek,,99.99999999999999,4045.122765950087
NOCA_1987_2017_V2_1_1_UTM,lpa01_10mi_buffer,2001,Fire,Office,N,Rex Creek,,99.99999999999996,4296.996057582118
NOCA_1987_2017_V2_1_1_UTM,lpa01_10mi_buffer,2001,Fire,Office,N,Rex Creek,,99.99999999999999,4934.486791640992
NOCA_1987_2017_V2_1_1_UTM,lpa01_10mi_buffer,2001,Fire,Office,N,Rex Creek,,100.00000000000001,2421.451643411327
NOCA_1987_2017_V2_1_1_UTM,lpa01_10mi_buffer,2001,Fire,Office,N,Rex Creek,,99.99999999999999,4709.544730628683
NOCA_1987_2017_V2_1_1_UTM,lpa01_10mi_buffer,2001,Fire,Office,N,Rex Creek,,100.00000000000003,1650.0356064229602
NOCA_1987_2017_V2_1_1_UTM,lpa01_10mi_buffer,2001,Fire,Office,N,Rex Creek,,100.0,1995.5343227422352
NOCA_1987_2017_V2_1_1_UTM,lpa01_10mi_buffer,2001,Fire,Office,N,Rex Creek,,100.0,4931.170956768908
NOCA_1987_2017_V2_1_1_UTM,lpa01_10mi_buffer,2001,Fire,Office,N,Rex Creek,,100.0,4562.249505634721
NOCA_1987_2017_V2_1_1_UTM,lpa01_10mi_buffer,2001,Fire,Office,N,Rex Creek,,99.99999999999997,685.0530222866045
NOCA_1987_2017_V2_1_1_UTM,lpa01_10mi_buffer,2001,Fire,Office,N,Rex Creek,,100.00000000000003,3478.05968403982
NOCA_1987_2017_V2_1_1_UTM,lpa01_10mi_buffer,2001,Fire,Office,N,Rex Creek,,100.00000000000001,2388.870562695763
NOCA_1987_2017_V2_1_1_UTM,lpa01_10mi_buffer,2001,Fire,Office,N,Rex Creek,,100.00000000000003,5415.408701541758
NOCA_1987_2017_V2_1_1_UTM,lpa01_10mi_buffer,2001,Fire,Office,N,Rex Creek,,100.0,5605.367556553571
NOCA_1987_2017_V2_1_1_UTM,lpa01_10mi_buffer,2001,Fire,Office,N,Rex Creek,,100.00000000000003,1163.2644272577593
NOCA_1987_2017_V2_1_1_UTM,lpa01_10mi_buffer,2001,Fire,Office,N,Rex Creek,,100.00000000000001,2672.662334613968
NOCA_1987_2017_V2_1_1_UTM,lpa01_10mi_buffer,2001,Fire,Office,N,Rex Creek,,100.00000000000001,2383.8306527520117
NOCA_1987_2017_V2_1_1_UTM,lpa01_10mi_buffer,2001,Fire,Office,N,Rex Creek,,100.0,4632.1006524698405
NOCA_1987_2017_V2_1_1_UTM,lpa01_10mi_buffer,2001,Fire,Office,N,Rex Creek,,100.0,2981.264683575383
NOCA_1987_2017_V2_1_1_UTM,lpa01_10mi_buffer,2001,Fire,Office,N,Rex Creek,,100.0,5959.504410611528
NOCA_1987_2017_V2_1_1_UTM,lpa01_10mi_buffer,2001,Fire,Office,N,Rex Creek,,100.00000000000003,569.776593631412
NOCA_1987_2017_V2_1_1_UTM,lpa01_10mi_buffer,2001,Fire,Office,N,Rex Creek,,100.00000000000003,4520.717997204813
NOCA_1987_2017_V2_1_1_UTM,lpa01_10mi_buffer,2001,Fire,Office,N,Rex Creek,,99.99999999999997,6262.540842666232
NOCA_1987_2017_V2_1_1_UTM,lpa01_10mi_buffer,2001,Fire,Office,N,Rex Creek,,100.0,3127.8780427742563
NOCA_1987_2017_V2_1_1_UTM,lpa01_10mi_buffer,2001,Fire,Office,N,Rex Creek,,100.00000000000007,3212.2318903772684
NOCA_1987_2017_V2_1_1_UTM,lpa01_10mi_buffer,2001,Fire,Office,N,Rex Creek,,100.0,3303.5296435474957
NOCA_1987_2017_V2_1_1_UTM,lpa01_10mi_buffer,2001,Fire,Office,N,Rex Creek,,100.00000000000003,3891.0727407583972
NOCA_1987_2017_V2_1_1_UTM,lpa01_10mi_buffer,2001,Fire,Office,N,Rex Creek,,99.99999999999999,5733.895342383014
NOCA_1987_2017_V2_1_1_UTM,lpa01_10mi_buffer,2001,Fire,Office,N,Rex Creek,,100.0,3719.431021552416
NOCA_1987_2017_V2_1_1_UTM,lpa01_10mi_buffer,2001,Fire,Office,N,Rex Creek,,100.00000000000001,1255.096491088386
NOCA_1987_2017_V2_1_1_UTM,lpa01_10mi_buffer,2001,Fire,Office,N,Rex Creek,,70.08262258341419,509.74726526818574
NOCA_1987_2017_V2_1_1_UTM,lpa01_10mi_buffer,2001,Fire,Office,N,Rex Creek,,99.99999999999997,5567.435167743828
NOCA_1987_2017_V2_1_1_UTM,lpa01_10mi_buffer,2001,Fire,Office,N,Rex Creek,,99.99999999999997,2477.741339411335
NOCA_1987_2017_V2_1_1_UTM,lpa01_10mi_buffer,2001,Fire,Office,N,Rex Creek,,100.0,4195.253628183507
NOCA_1987_2017_V2_1_1_UTM,lpa01_10mi_buffer,2001,Fire,Office,N,Rex Creek,,100.00000000000003,3955.4602723820535
NOCA_1987_2017_V2_1_1_UTM,lpa01_10mi_buffer,2001,Fire,Office,N,Rex Creek,,100.0,6625.700523727043
NOCA_1987_2017_V2_1_1_UTM,lpa01_10mi_buffer,2001,Fire,Office,N,Rex Creek,,100.0,3840.307109965164
NOCA_1987_2017_V2_1_1_UTM,lpa01_10mi_buffer,2001,Fire,Office,N,Rex Creek,,100.0,6179.695009260063
NOCA_1987_2017_V2_1_1_UTM,lpa01_10mi_buffer,2001,Fire,Office,N,Rex Creek,,100.00000000000003,4846.4253688536655
NOCA_1987_2017_V2_1_1_UTM,lpa01_10mi_buffer,2001,Fire,Office,N,Rex Creek,,99.99999999999999,5534.582266245968
NOCA_1987_2017_V2_1_1_UTM,lpa01_10mi_buffer,2001,Fire,Office,N,Rex Creek,,100.0,4188.386494904853
NOCA_1987_2017_V2_1_1_UTM,lpa01_10mi_buffer,2001,Fire,Office,N,Rex Creek,,99.99999999999997,411.5840824838611
NOCA_1987_2017_V2_1_1_UTM,lpa01_10mi_buffer,2001,Fire,Office,N,Rex Creek,,100.0,3762.684845007679
NOCA_1987_2017_V2_1_1_UTM,lpa01_10mi_buffer,2001,Fire,Office,N,Rex Creek,,100.0,969.0146492764329
NOCA_1987_2017_V2_1_1_UTM,lpa01_10mi_buffer,2001,Fire,Office,N,Rex Creek,,100.0,4002.6109735405917
NOCA_1987_2017_V2_1_1_UTM,lpa01_10mi_buffer,2001,Fire,Office,N,Rex Creek,,100.0,5459.322210356707
NOCA_1987_2017_V2_1_1_UTM,lpa01_10mi_buffer,2001,Fire,Office,N,Rex Creek,,99.99999999999996,3597.0865269253004
NOCA_1987_2017_V2_1_1_UTM,lpa01_10mi_buffer,2001,Fire,Office,N,Rex Creek,,100.0,4710.791524730928
NOCA_1987_2017_V2_1_1_UTM,lpa01_10mi_buffer,2001,Fire,Office,N,Rex Creek,,100.0,4979.021429365221
NOCA_1987_2017_V2_1_1_UTM,lpa01_10mi_buffer,2001,Fire,Office,N,Rex Creek,,100.0,748.6474354936055
NOCA_1987_2017_V2_1_1_UTM,lpa01_10mi_buffer,2001,Fire,Office,N,Rex Creek,,100.0,3911.2348225365854
NOCA_1987_2017_V2_1_1_UTM,lpa01_10mi_buffer,2001,Fire,Office,N,Rex Creek,,100.0,5760.3128754920735
NOCA_1987_2017_V2_1_1_UTM,lpa01_10mi_buffer,2001,Fire,Office,N,Rex Creek,,100.0,6040.981232280513
NOCA_1987_2017_V2_1_1_UTM,lpa01_10mi_buffer,2001,Fire,Office,N,Rex Creek,,100.0,4090.851126973572
NOCA_1987_2017_V2_1_1_UTM,lpa01_10mi_buffer,2001,Fire,Office,N,Rex Creek,,100.0,715.058618163512
NOCA_1987_2017_V2_1_1_UTM,lpa01_10mi_buffer,2001,Fire,Office,N,Rex Creek,,100.0,6366.970166849975
NOCA_1987_2017_V2_1_1_UTM,lpa01_10mi_buffer,2001,Fire,Office,N,Rex Creek,,99.99999999999999,1181.3335167495336
NOCA_1987_2017_V2_1_1_UTM,lpa01_10mi_buffer,2001,Fire,Office,N,Rex Creek,,100.0,5033.389615450299
NOCA_1987_2017_V2_1_1_UTM,lpa01_10mi_buffer,2001,Fire,Office,N,Rex Creek,,100.0,1073.8379420829283
NOCA_1987_2017_V2_1_1_UTM,lpa01_10mi_buffer,2001,Fire,Office,N,Rex Creek,,100.0,4170.56994817337
NOCA_1987_2017_V2_1_1_UTM,lpa01_10mi_buffer,2001,Fire,Office,N,Rex Creek,,100.0,3022.6527238891913
NOCA_1987_2017_V2_1_1_UTM,lpa01_10mi_buffer,2001,Fire,Office,N,Rex Creek,,99.99999999999999,4978.714725488522
NOCA_1987_2017_V2_1_1_UTM,lpa01_10mi_buffer,2001,Fire,Office,N,Rex Creek,,100.0,6040.142921974857
NOCA_1987_2017_V2_1_1_UTM,lpa01_10mi_buffer,2001,Fire,Office,N,Rex Creek,,100.00000000000001,6253.7974852308935
NOCA_1987_2017_V2_1_1_UTM,lpa01_10mi_buffer,2001,Fire,Office,N,Rex Creek,,100.0,5495.513698358281
NOCA_1987_2017_V2_1_1_UTM,lpa01_10mi_buffer,2001,Fire,Office,N,Rex Creek,,100.00000000000003,7009.227580439714
NOCA_1987_2017_V2_1_1_UTM,lpa01_10mi_buffer,2001,Fire,Office,N,Rex Creek,,100.00000000000001,1096.0270022188663
NOCA_1987_2017_V2_1_1_UTM,lpa01_10mi_buffer,2001,Fire,Office,N,Rex Creek,,100.0,5416.507245177765
NOCA_1987_2017_V2_1_1_UTM,lpa01_10mi_buffer,2001,Fire,Office,N,Rex Creek,,100.0,6510.614080959357
NOCA_1987_2017_V2_1_1_UTM,lpa01_10mi_buffer,2001,Fire,Office,N,Rex Creek,,99.99999999999999,5988.205310029541
NOCA_1987_2017_V2_1_1_UTM,lpa01_10mi_buffer,2001,Fire,Office,N,Rex Creek,,99.99999999999999,2198.6677235874904
NOCA_1987_2017_V2_1_1_UTM,lpa01_10mi_buffer,2001,Fire,Office,N,Rex Creek,,100.0,6482.1225123807935
NOCA_1987_2017_V2_1_1_UTM,lpa01_10mi_buffer,2001,Fire,Office,N,Rex Creek,,100.0,6911.115362236155
NOCA_1987_2017_V2_1_1_UTM,lpa01_10mi_buffer,2001,Fire,Office,N,Rex Creek,,99.99999999999996,4294.766325403264
NOCA_1987_2017_V2_1_1_UTM,lpa01_10mi_buffer,2001,Fire,Office,N,Rex Creek,,100.00000000000003,3924.694956791005
NOCA_1987_2017_V2_1_1_UTM,lpa01_10mi_buffer,2001,Fire,Office,N,Rex Creek,,100.0,5772.624078636865
NOCA_1987_2017_V2_1_1_UTM,lpa01_10mi_buffer,2001,Fire,Office,N,Rex Creek,,99.99999999999997,7676.037854691574
NOCA_1987_2017_V2_1_1_UTM,lpa01_10mi_buffer,2001,Fire,Office,N,Rex Creek,,100.0,6185.169879835656
NOCA_1987_2017_V2_1_1_UTM,lpa01_10mi_buffer,2001,Fire,Office,N,Rex Creek,,100.0,4161.505303583732
NOCA_1987_2017_V2_1_1_UTM,lpa01_10mi_buffer,2001,Fire,Office,N,Rex Creek,,100.0,4615.968889778861
NOCA_1987_2017_V2_1_1_UTM,lpa01_10mi_buffer,2001,Fire,Office,N,Rex Creek,,100.00000000000004,6557.213910095154
NOCA_1987_2017_V2_1_1_UTM,lpa01_10mi_buffer,2001,Fire,Office,N,Rex Creek,,99.99999999999997,3788.556124988024
NOCA_1987_2017_V2_1_1_UTM,lpa01_10mi_buffer,2001,Fire,Office,N,Rex Creek,,100.0,8465.997973193265
NOCA_1987_2017_V2_1_1_UTM,lpa01_10mi_buffer,2001,Fire,Office,N,Rex Creek,,100.0,5131.711160771851
NOCA_1987_2017_V2_1_1_UTM,lpa01_10mi_buffer,2001,Fire,Office,N,Rex Creek,,100.00000000000001,6148.76450638662
NOCA_1987_2017_V2_1_1_UTM,lpa01_10mi_buffer,2001,Fire,Office,N,Rex Creek,,99.99999999999999,5631.956495507105
NOCA_1987_2017_V2_1_1_UTM,lpa01_10mi_buffer,2001,Fire,Office,N,Rex Creek,,100.0,8061.921202123526
NOCA_1987_2017_V2_1_1_UTM,lpa01_10mi_buffer,2001,Fire,Office,N,Rex Creek,,99.99999999999999,8081.310111701863
NOCA_1987_2017_V2_1_1_UTM,lpa01_10mi_buffer,2001,Fire,Office,N,Rex Creek,,100.0,4542.204237658092
NOCA_1987_2017_V2_1_1_UTM,lpa01_10mi_buffer,2001,Fire,Office,N,Rex Creek,,100.0,5756.056426703229
NOCA_1987_2017_V2_1_1_UTM,lpa01_10mi_buffer,2001,Fire,Office,N,Rex Creek,,100.0,4778.54610991098
NOCA_1987_2017_V2_1_1_UTM,lpa01_10mi_buffer,2001,Fire,Office,N,Rex Creek,,100.0,6134.799121200689
NOCA_1987_2017_V2_1_1_UTM,lpa01_10mi_buffer,2001,Fire,Office,N,Rex Creek,,100.00000000000001,8396.612228758917
NOCA_1987_2017_V2_1_1_UTM,lpa01_10mi_buffer,2001,Fire,Office,N,Rex Creek,,100.0,4285.868595560969
NOCA_1987_2017_V2_1_1_UTM,lpa01_10mi_buffer,2001,Fire,Office,N,Rex Creek,,100.0,4072.9675020572904
NOCA_1987_2017_V2_1_1_UTM,lpa01_10mi_buffer,2001,Fire,Office,N,Rex Creek,,99.99999999999999,3766.0569910676577
NOCA_1987_2017_V2_1_1_UTM,lpa01_10mi_buffer,2001,Fire,Office,N,Rex Creek,,100.0,8663.78600143875
NOCA_1987_2017_V2_1_1_UTM,lpa01_10mi_buffer,2001,Fire,Office,N,Rex Creek,,100.00000000000001,6508.2453672602505
NOCA_1987_2017_V2_1_1_UTM,lpa01_10mi_buffer,2001,Fire,Office,N,Rex Creek,,100.0,7946.492109399373
NOCA_1987_2017_V2_1_1_UTM,lpa01_10mi_buffer,2001,Fire,Office,N,Rex Creek,,100.0,3800.371238083192
NOCA_1987_2017_V2_1_1_UTM,lpa01_10mi_buffer,2001,Fire,Office,N,Rex Creek,,100.0,3958.5197686009196
NOCA_1987_2017_V2_1_1_UTM,lpa01_10mi_buffer,2001,Fire,Office,N,Rex Creek,,99.99999999999996,6605.244446458186
NOCA_1987_2017_V2_1_1_UTM,lpa01_10mi_buffer,2001,Fire,Office,N,Rex Creek,,100.0,6667.309796457711
NOCA_1987_2017_V2_1_1_UTM,lpa01_10mi_buffer,2001,Fire,Office,N,Rex Creek,,99.99999999999999,2662.765983275232
NOCA_1987_2017_V2_1_1_UTM,lpa01_10mi_buffer,2001,Fire,Office,N,Rex Creek,,100.00000000000007,5435.374516972508
NOCA_1987_2017_V2_1_1_UTM,lpa01_10mi_buffer,2001,Fire,Office,N,Rex Creek,,100.00000000000003,3643.2093767328975
NOCA_1987_2017_V2_1_1_UTM,lpa01_10mi_buffer,2001,Fire,Office,N,Rex Creek,,99.99999999999999,5699.698456095206
NOCA_1987_2017_V2_1_1_UTM,lpa01_10mi_buffer,2001,Fire,Office,N,Rex Creek,,100.0,3899.54807587977
NOCA_1987_2017_V2_1_1_UTM,lpa01_10mi_buffer,2001,Fire,Office,N,Rex Creek,,100.0,3802.099852704
NOCA_1987_2017_V2_1_1_UTM,lpa01_10mi_buffer,2001,Fire,Office,N,Rex Creek,,99.99999999999999,6307.671154131495
NOCA_1987_2017_V2_1_1_UTM,lpa01_10mi_buffer,2001,Fire,Office,N,Rex Creek,,100.0,5120.654119290153
NOCA_1987_2017_V2_1_1_UTM,lpa01_10mi_buffer,2001,Fire,Office,N,Rex Creek,,100.0,7411.070411909646
NOCA_1987_2017_V2_1_1_UTM,lpa01_10mi_buffer,2001,Fire,Office,N,Rex Creek,,100.00000000000001,3588.6038042969512
NOCA_1987_2017_V2_1_1_UTM,lpa01_10mi_buffer,2001,Fire,Office,N,Rex Creek,,99.99999999999999,7270.92507367324
NOCA_1987_2017_V2_1_1_UTM,lpa01_10mi_buffer,2001,Fire,Office,N,Rex Creek,,99.99999999999999,6836.676948573788
NOCA_1987_2017_V2_1_1_UTM,lpa01_10mi_buffer,2001,Fire,Office,N,Rex Creek,,99.99999999999999,8368.171892393271
NOCA_1987_2017_V2_1_1_UTM,lpa01_10mi_buffer,2001,Fire,Office,N,Rex Creek,,100.00000000000014,5719.101282140206
NOCA_1987_2017_V2_1_1_UTM,lpa01_10mi_buffer,2001,Fire,Office,N,Rex Creek,,99.99999999999999,6205.11670283631
NOCA_1987_2017_V2_1_1_UTM,lpa01_10mi_buffer,2001,Fire,Office,N,Rex Creek,,100.0,8849.904061288438
NOCA_1987_2017_V2_1_1_UTM,lpa01_10mi_buffer,2001,Fire,Office,N,Rex Creek,,100.0,5175.616914575538
NOCA_1987_2017_V2_1_1_UTM,lpa01_10mi_buffer,2001,Fire,Office,N,Rex Creek,,99.99999999999997,4628.905825916011
NOCA_1987_2017_V2_1_1_UTM,lpa01_10mi_buffer,2001,Fire,Office,N,Rex Creek,,99.99999999999997,4782.356501104907
NOCA_1987_2017_V2_1_1_UTM,lpa01_10mi_buffer,2001,Fire,Office,N,Rex Creek,,100.00000000000003,6363.104196187917
NOCA_1987_2017_V2_1_1_UTM,lpa01_10mi_buffer,2001,Fire,Office,N,Rex Creek,,100.00000000000001,7085.610207322531
NOCA_1987_2017_V2_1_1_UTM,lpa01_10mi_buffer,2001,Fire,Office,N,Rex Creek,,100.0,4075.5759348484753
NOCA_1987_2017_V2_1_1_UTM,lpa01_10mi_buffer,2001,Fire,Office,N,Rex Creek,,100.0,5671.971054389841
NOCA_1987_2017_V2_1_1_UTM,lpa01_10mi_buffer,2001,Fire,Office,N,Rex Creek,,100.00000000000001,4913.5701347226595
NOCA_1987_2017_V2_1_1_UTM,lpa01_10mi_buffer,2001,Fire,Office,N,Rex Creek,,99.99999999999999,6933.397659248757
NOCA_1987_2017_V2_1_1_UTM,lpa01_10mi_buffer,2001,Fire,Office,N,Rex Creek,,99.99999999999999,4565.475725487559
NOCA_1987_2017_V2_1_1_UTM,lpa01_10mi_buffer,2001,Fire,Office,N,Rex Creek,,100.00000000000001,5248.518589624475
NOCA_1987_2017_V2_1_1_UTM,lpa01_10mi_buffer,2001,Fire,Office,N,Rex Creek,,99.99999999999996,6301.101583097671
NOCA_1987_2017_V2_1_1_UTM,lpa01_10mi_buffer,2001,Fire,Office,N,Rex Creek,,100.0,7601.662034550454
NOCA_1987_2017_V2_1_1_UTM,lpa01_10mi_buffer,2001,Fire,Office,N,Rex Creek,,100.0,4448.784944032644
NOCA_1987_2017_V2_1_1_UTM,lpa01_10mi_buffer,2001,Fire,Office,N,Rex Creek,,100.00000000000003,6585.00020292611
NOCA_1987_2017_V2_1_1_UTM,lpa01_10mi_buffer,2001,Fire,Office,N,Rex Creek,,99.99999999999997,4755.842775475938
NOCA_1987_2017_V2_1_1_UTM,lpa01_10mi_buffer,2001,Fire,Office,N,Rex Creek,,100.0,5137.114498534086
NOCA_1987_2017_V2_1_1_UTM,lpa01_10mi_buffer,2001,Fire,Office,N,Rex Creek,,99.99999999999996,5284.350577884628
NOCA_1987_2017_V2_1_1_UTM,lpa01_10mi_buffer,2002,Avalanche,Office,N,,,2.5059961700443165,0.0
NOCA_1987_2017_V2_1_1_UTM,lpa01_10mi_buffer,2002,Avalanche,Office,N,,,8.187521543380333,0.0
NOCA_1987_2017_V2_1_1_UTM,lpa01_10mi_buffer,2002,Defoliation,Office,N,,,100.0,1071.5757321502736
NOCA_1987_2017_V2_1_1_UTM,lpa01_10mi_buffer,2001,Fire,Office,N,Rex Creek,,100.00000000000001,534.6188653725181
NOCA_1987_2017_V2_1_1_UTM,lpa01_10mi_buffer,2001,Fire,Office,N,Rex Creek,,2.0231511669066786,0.0
NOCA_1987_2017_V2_1_1_UTM,lpa01_10mi_buffer,2001,Fire,Office,N,Rex Creek,,56.05861808655815,11.357181778086641
NOCA_1987_2017_V2_1_1_UTM,lpa01_10mi_buffer,2001,Fire,Office,N,Rex Creek,,99.99999999999997,3771.2637280004024
NOCA_1987_2017_V2_1_1_UTM,lpa01_10mi_buffer,2001,Fire,Office,N,Rex Creek,,99.99999999999999,1469.472921595814
NOCA_1987_2017_V2_1_1_UTM,lpa01_10mi_buffer,2001,Fire,Office,N,Rex Creek,,53.166419223878144,21.364935044237047
NOCA_1987_2017_V2_1_1_UTM,lpa01_10mi_buffer,2002,Defoliation,Office,N,,,100.0,13493.783235467092
NOCA_1987_2017_V2_1_1_UTM,lpa01_10mi_buffer,2001,Fire,Office,N,Rex Creek,,99.99999999999997,2701.570201238662
NOCA_1987_2017_V2_1_1_UTM,lpa01_10mi_buffer,2001,Fire,Office,Y,Rex Creek,,8.472463483278021,0.0
NOCA_1987_2017_V2_1_1_UTM,lpa01_10mi_buffer,2001,Fire,Office,N,Rex Creek,,100.0,4902.365757738921
NOCA_1987_2017_V2_1_1_UTM,lpa01_10mi_buffer,2001,Fire,Office,N,Rex Creek,,100.00000000000001,3083.237892992907
NOCA_1987_2017_V2_1_1_UTM,lpa01_10mi_buffer,2001,Fire,Office,N,Rex Creek,,99.99999999999999,4650.4693159773915
NOCA_1987_2017_V2_1_1_UTM,lpa01_10mi_buffer,2001,Fire,Office,N,Rex Creek,,99.99999999999997,1694.9033709364637
NOCA_1987_2017_V2_1_1_UTM,lpa01_10mi_buffer,2001,Fire,Office,N,Rex Creek,,99.99999999999999,1896.1291874021135
NOCA_1987_2017_V2_1_1_UTM,lpa01_10mi_buffer,2001,Fire,Office,N,Rex Creek,,100.0,1141.9371410803487
NOCA_1987_2017_V2_1_1_UTM,lpa01_10mi_buffer,2001,Fire,Office,N,Rex Creek,,100.00000000000004,2332.2878746583574
NOCA_1987_2017_V2_1_1_UTM,lpa01_10mi_buffer,2001,Fire,Office,N,Rex Creek,,99.99999999999999,1128.3151938078922
NOCA_1987_2017_V2_1_1_UTM,lpa01_10mi_buffer,2001,Fire,Office,N,Rex Creek,,99.99999999999999,881.6605636279407
NOCA_1987_2017_V2_1_1_UTM,lpa01_10mi_buffer,2001,Fire,Office,N,Rex Creek,,99.99999999999999,4511.654473410897
NOCA_1987_2017_V2_1_1_UTM,lpa01_10mi_buffer,2001,Fire,Office,N,Rex Creek,,100.00000000000001,4980.419789402223
NOCA_1987_2017_V2_1_1_UTM,lpa01_10mi_buffer,2001,Fire,Office,N,Rex Creek,,100.00000000000001,1068.5309529931064
NOCA_1987_2017_V2_1_1_UTM,lpa01_10mi_buffer,2001,Fire,Office,N,Rex Creek,,99.99999999999997,814.1021760511791
NOCA_1987_2017_V2_1_1_UTM,lpa01_10mi_buffer,2001,Fire,Office,N,Rex Creek,,100.0,1441.1951187576756
NOCA_1987_2017_V2_1_1_UTM,lpa01_10mi_buffer,2001,Fire,Office,N,Rex Creek,,99.99999999999997,2376.397871272978
NOCA_1987_2017_V2_1_1_UTM,lpa01_10mi_buffer,2001,Fire,Office,N,Rex Creek,,100.00000000000001,6139.519017842803
NOCA_1987_2017_V2_1_1_UTM,lpa01_10mi_buffer,2001,Fire,Office,N,Rex Creek,,100.00000000000003,5870.050462683814
NOCA_1987_2017_V2_1_1_UTM,lpa01_10mi_buffer,2001,Fire,Office,N,Rex Creek,,99.99999999999999,6642.070373027644
NOCA_1987_2017_V2_1_1_UTM,lpa01_10mi_buffer,2001,Fire,Office,N,Rex Creek,,100.00000000000003,2593.422338474625
NOCA_1987_2017_V2_1_1_UTM,lpa01_10mi_buffer,2001,Fire,Office,N,Rex Creek,,99.99999999999997,6341.071996735063
NOCA_1987_2017_V2_1_1_UTM,lpa01_10mi_buffer,2001,Fire,Office,N,Rex Creek,,99.99999999999997,2014.2989570110853
NOCA_1987_2017_V2_1_1_UTM,lpa01_10mi_buffer,2001,Fire,Office,N,Rex Creek,,100.0,3381.632748320872
NOCA_1987_2017_V2_1_1_UTM,lpa01_10mi_buffer,2001,Fire,Office,N,Rex Creek,,99.99999999999997,1566.283084816322
NOCA_1987_2017_V2_1_1_UTM,lpa01_10mi_buffer,2001,Fire,Office,N,Rex Creek,,100.00000000000003,2026.6398138685104
NOCA_1987_2017_V2_1_1_UTM,lpa01_10mi_buffer,2001,Fire,Office,N,Rex Creek,,100.0,2494.9472705349444
NOCA_1987_2017_V2_1_1_UTM,lpa01_10mi_buffer,2001,Fire,Office,N,Rex Creek,,93.52987720238087,1147.234513323688
NOCA_1987_2017_V2_1_1_UTM,lpa01_10mi_buffer,2001,Fire,Office,N,Rex Creek,,100.0,1971.1149035704861
NOCA_1987_2017_V2_1_1_UTM,lpa01_10mi_buffer,2001,Fire,Office,N,Rex Creek,,99.99999999999997,3047.02646459478
NOCA_1987_2017_V2_1_1_UTM,lpa01_10mi_buffer,2001,Fire,Office,N,Rex Creek,,99.99999999999994,7151.385837675804
NOCA_1987_2017_V2_1_1_UTM,lpa01_10mi_buffer,2001,Fire,Office,N,Rex Creek,,99.99999999999997,2639.7012353776536
NOCA_1987_2017_V2_1_1_UTM,lpa01_10mi_buffer,2001,Fire,Office,N,Rex Creek,,100.0,4087.5239389390736
NOCA_1987_2017_V2_1_1_UTM,lpa01_10mi_buffer,2001,Fire,Office,N,Rex Creek,,100.0,1937.6771011716849
NOCA_1987_2017_V2_1_1_UTM,lpa01_10mi_buffer,2001,Fire,Office,N,Rex Creek,,100.0,3261.8242876147165
NOCA_1987_2017_V2_1_1_UTM,lpa01_10mi_buffer,2001,Fire,Office,N,Rex Creek,,100.0,8755.802867991555
NOCA_1987_2017_V2_1_1_UTM,lpa01_10mi_buffer,2001,Fire,Office,N,Rex Creek,,100.0,3383.138075850822
NOCA_1987_2017_V2_1_1_UTM,lpa01_10mi_buffer,2001,Fire,Office,N,Rex Creek,,100.0,3194.9104029932987
NOCA_1987_2017_V2_1_1_UTM,lpa01_10mi_buffer,2001,Fire,Office,N,Rex Creek,,99.99999999999996,3472.958994899228
NOCA_1987_2017_V2_1_1_UTM,lpa01_10mi_buffer,2001,Fire,Office,N,Rex Creek,,99.99999999999999,4132.823271606027
NOCA_1987_2017_V2_1_1_UTM,lpa01_10mi_buffer,2001,Fire,Office,N,Rex Creek,,100.00000000000001,7527.802428171654
NOCA_1987_2017_V2_1_1_UTM,lpa01_10mi_buffer,2001,Fire,Office,N,Rex Creek,,99.99999999999999,4348.7120835455335
NOCA_1987_2017_V2_1_1_UTM,lpa01_10mi_buffer,2001,Fire,Office,N,Rex Creek,,99.99999999999999,3950.4241809114615
NOCA_1987_2017_V2_1_1_UTM,lpa01_10mi_buffer,2001,Fire,Office,N,Rex Creek,,100.0,7214.526667602683
NOCA_1987_2017_V2_1_1_UTM,lpa01_10mi_buffer,2001,Fire,Office,N,Rex Creek,,99.99999999999997,6837.906591952096
NOCA_1987_2017_V2_1_1_UTM,lpa01_10mi_buffer,2001,Fire,Office,N,Rex Creek,,99.99999999999973,5592.284600812872
NOCA_1987_2017_V2_1_1_UTM,lpa01_10mi_buffer,2001,Fire,Office,N,Rex Creek,,100.00000000000001,5757.288337530706
NOCA_1987_2017_V2_1_1_UTM,lpa01_10mi_buffer,2001,Fire,Office,N,Rex Creek,,100.0,6268.037911544329
NOCA_1987_2017_V2_1_1_UTM,lpa01_10mi_buffer,2001,Fire,Office,N,Rex Creek,,100.00000000000004,4536.255497631181
NOCA_1987_2017_V2_1_1_UTM,lpa01_10mi_buffer,2001,Fire,Office,N,Rex Creek,,99.99999999999999,5122.909809035041
NOCA_1987_2017_V2_1_1_UTM,lpa01_10mi_buffer,2001,Fire,Office,N,Rex Creek,,99.99999999999999,4811.297120336002
NOCA_1987_2017_V2_1_1_UTM,lpa01_10mi_buffer,2001,Fire,Office,N,Rex Creek,,100.0,4744.550670499988
NOCA_1987_2017_V2_1_1_UTM,lpa01_10mi_buffer,2001,Fire,Office,N,Rex Creek,,100.00000000000003,4663.659892937574
NOCA_1987_2017_V2_1_1_UTM,lpa01_10mi_buffer,2001,Fire,Office,N,Rex Creek,,99.99999999999999,4525.495799092667
NOCA_1987_2017_V2_1_1_UTM,lpa01_10mi_buffer,2001,Fire,Office,N,Rex Creek,,100.00000000000003,6447.098918936731
NOCA_1987_2017_V2_1_1_UTM,lpa01_10mi_buffer,2003,Defoliation,Office,N,,,64.43866946154188,23.382109207596727
NOCA_1987_2017_V2_1_1_UTM,lpa01_10mi_buffer,2003,Defoliation,Office,N,,,72.65105861010665,45.11430176822412
NOCA_1987_2017_V2_1_1_UTM,lpa01_10mi_buffer,2003,Defoliation,Office,N,,,100.00000000000001,2723.8226753499216
NOCA_1987_2017_V2_1_1_UTM,lpa01_10mi_buffer,2003,Defoliation,Office,N,,,100.00000000000003,2306.9051403350045
NOCA_1987_2017_V2_1_1_UTM,lpa01_10mi_buffer,2003,Defoliation,Office,N,,,100.0,2504.17716802584
NOCA_1987_2017_V2_1_1_UTM,lpa01_10mi_buffer,2003,Defoliation,Office,N,,,100.0,3395.713800057933
NOCA_1987_2017_V2_1_1_UTM,lpa01_10mi_buffer,2001,Fire,Office,N,Rex Creek,,100.0,414.4684660877398
NOCA_1987_2017_V2_1_1_UTM,lpa01_10mi_buffer,2001,Fire,Office,N,Rex Creek,,100.00000000000001,3609.9017945664386
NOCA_1987_2017_V2_1_1_UTM,lpa01_10mi_buffer,2003,Defoliation,Office,N,,,17.268854129898642,0.0
NOCA_1987_2017_V2_1_1_UTM,lpa01_10mi_buffer,2004,Defoliation,Office,N,,,41.2927044250407,0.0
NOCA_1987_2017_V2_1_1_UTM,lpa01_10mi_buffer,2004,Defoliation,Office,N,,,50.356386224672015,0.0
NOCA_1987_2017_V2_1_1_UTM,lpa01_10mi_buffer,2004,Defoliation,Office,N,,,5.5037747897215175,0.0
NOCA_1987_2017_V2_1_1_UTM,lpa01_10mi_buffer,2004,Defoliation,Office,N,,,40.13680970872776,0.0
NOCA_1987_2017_V2_1_1_UTM,lpa01_10mi_buffer,2004,Defoliation,Office,N,,,48.948960230767774,0.0
NOCA_1987_2017_V2_1_1_UTM,lpa01_10mi_buffer,2004,Defoliation,Office,N,,,34.51343253323769,0.0
NOCA_1987_2017_V2_1_1_UTM,lpa01_10mi_buffer,2004,Defoliation,Office,N,,,99.99999999999997,138.26712499524442
NOCA_1987_2017_V2_1_1_UTM,lpa01_10mi_buffer,2004,Defoliation,Office,N,,,99.98706394617729,169.42320053604828
NOCA_1987_2017_V2_1_1_UTM,lpa01_10mi_buffer,2004,Defoliation,Office,N,,,40.40831245571129,0.0
NOCA_1987_2017_V2_1_1_UTM,lpa01_10mi_buffer,2004,Defoliation,Office,N,,,100.0,285.0401839272129
NOCA_1987_2017_V2_1_1_UTM,lpa01_10mi_buffer,2004,Defoliation,Office,N,,,99.99999999999997,379.68566292817354
NOCA_1987_2017_V2_1_1_UTM,lpa01_10mi_buffer,2004,Defoliation,Office,N,,,100.0,465.8040910636974
NOCA_1987_2017_V2_1_1_UTM,lpa01_10mi_buffer,2004,Defoliation,Office,N,,,99.99999999999999,722.5510671190361
NOCA_1987_2017_V2_1_1_UTM,lpa01_10mi_buffer,2004,Defoliation,Office,N,,,99.99999999999994,275.5723507652424
NOCA_1987_2017_V2_1_1_UTM,lpa01_10mi_buffer,2004,Defoliation,Office,N,,,100.0,669.0304362456812
NOCA_1987_2017_V2_1_1_UTM,lpa01_10mi_buffer,2004,Defoliation,Office,N,,,99.99999999999999,1363.2627111249267
NOCA_1987_2017_V2_1_1_UTM,lpa01_10mi_buffer,2004,Defoliation,Office,N,,,99.99999999999997,1112.0467663295829
NOCA_1987_2017_V2_1_1_UTM,lpa01_10mi_buffer,2004,Defoliation,Office,N,,,99.99543002765462,342.94293067214204
NOCA_1987_2017_V2_1_1_UTM,lpa01_10mi_buffer,2004,Defoliation,Office,N,,,100.0,879.5092915276417
NOCA_1987_2017_V2_1_1_UTM,lpa01_10mi_buffer,2004,Defoliation,Office,N,,,99.99999999999999,1190.0033061145875
NOCA_1987_2017_V2_1_1_UTM,lpa01_10mi_buffer,2004,Defoliation,Office,N,,,100.0,474.7414548255389
NOCA_1987_2017_V2_1_1_UTM,lpa01_10mi_buffer,2004,Defoliation,Office,N,,,0.3790128108630928,0.0
NOCA_1987_2017_V2_1_1_UTM,lpa01_10mi_buffer,2004,Defoliation,Office,N,,,100.0,2025.5631016865823
NOCA_1987_2017_V2_1_1_UTM,lpa01_10mi_buffer,2004,Defoliation,Office,N,,,100.00000000000003,2195.6616212840427
NOCA_1987_2017_V2_1_1_UTM,lpa01_10mi_buffer,2004,Defoliation,Office,N,,,99.99999999999997,2444.009590762331
NOCA_1987_2017_V2_1_1_UTM,lpa01_10mi_buffer,2004,Defoliation,Office,N,,,100.00000000000003,2157.276670367584
NOCA_1987_2017_V2_1_1_UTM,lpa01_10mi_buffer,2004,Defoliation,Office,N,,,100.0,2716.6642868708764
NOCA_1987_2017_V2_1_1_UTM,lpa01_10mi_buffer,2004,Defoliation,Office,N,,,100.0,3071.8283641481985
NOCA_1987_2017_V2_1_1_UTM,lpa01_10mi_buffer,2004,Defoliation,Office,N,,,100.00000000000001,2679.382553141428
NOCA_1987_2017_V2_1_1_UTM,lpa01_10mi_buffer,2004,Defoliation,Office,N,,,99.99999999999996,3248.1994291151836
NOCA_1987_2017_V2_1_1_UTM,lpa01_10mi_buffer,2004,Defoliation,Office,N,,,100.0,2645.3119916574037
NOCA_1987_2017_V2_1_1_UTM,lpa01_10mi_buffer,2004,Defoliation,Office,N,,,100.0,2980.6912608996963
NOCA_1987_2017_V2_1_1_UTM,lpa01_10mi_buffer,2004,Defoliation,Office,N,,,100.00000000000001,2440.9283527778166
NOCA_1987_2017_V2_1_1_UTM,lpa01_10mi_buffer,2004,Defoliation,Office,N,,,99.99999999999999,1903.8431372051425
NOCA_1987_2017_V2_1_1_UTM,lpa01_10mi_buffer,2004,Defoliation,Office,N,,,100.00000000000001,3271.0737054287138
NOCA_1987_2017_V2_1_1_UTM,lpa01_10mi_buffer,2004,Defoliation,Office,N,,,100.0,2215.596439532658
NOCA_1987_2017_V2_1_1_UTM,lpa01_10mi_buffer,2004,Defoliation,Office,N,,,100.0,3282.976986311466
NOCA_1987_2017_V2_1_1_UTM,lpa01_10mi_buffer,2004,Defoliation,Office,N,,,100.0,3524.126512153773
NOCA_1987_2017_V2_1_1_UTM,lpa01_10mi_buffer,2004,Defoliation,Office,N,,,100.0,2088.328385550148
NOCA_1987_2017_V2_1_1_UTM,lpa01_10mi_buffer,2004,Defoliation,Office,N,,,100.0,1850.0037950159783
NOCA_1987_2017_V2_1_1_UTM,lpa01_10mi_buffer,2004,Defoliation,Office,N,,,100.00000000000001,1675.9259886769723
NOCA_1987_2017_V2_1_1_UTM,lpa01_10mi_buffer,2004,Defoliation,Office,N,,,100.00000000000001,1812.2063720272822
NOCA_1987_2017_V2_1_1_UTM,lpa01_10mi_buffer,2004,Defoliation,Office,N,,,100.00000000000003,2020.798217099905
NOCA_1987_2017_V2_1_1_UTM,lpa01_10mi_buffer,2004,Defoliation,Office,N,,,100.0,3498.7376312007723
NOCA_1987_2017_V2_1_1_UTM,lpa01_10mi_buffer,2004,Defoliation,Office,N,,,99.99999999999999,3459.295145293082
NOCA_1987_2017_V2_1_1_UTM,lpa01_10mi_buffer,2004,Defoliation,Office,N,,,100.00000000000001,3231.984799052427
NOCA_1987_2017_V2_1_1_UTM,lpa01_10mi_buffer,2004,Defoliation,Office,N,,,99.99999999999997,3559.955786714086
NOCA_1987_2017_V2_1_1_UTM,lpa01_10mi_buffer,2004,Defoliation,Office,N,,,99.99999999999997,2824.337516192392
NOCA_1987_2017_V2_1_1_UTM,lpa01_10mi_buffer,2004,Defoliation,Office,N,,,100.0,8785.405347580738
NOCA_1987_2017_V2_1_1_UTM,lpa01_10mi_buffer,2004,Defoliation,Office,N,,,100.0,8997.796088050583
NOCA_1987_2017_V2_1_1_UTM,lpa01_10mi_buffer,2004,Defoliation,Office,N,,,100.0,8088.839763668842
NOCA_1987_2017_V2_1_1_UTM,lpa01_10mi_buffer,2004,Defoliation,Office,N,,,100.0,9607.0026725996
NOCA_1987_2017_V2_1_1_UTM,lpa01_10mi_buffer,2004,Defoliation,Office,N,,,27.433304520850346,0.0
NOCA_1987_2017_V2_1_1_UTM,lpa01_10mi_buffer,2001,Fire,Office,N,Rex Creek,,100.00000000000001,3612.4613451211053
NOCA_1987_2017_V2_1_1_UTM,lpa01_10mi_buffer,2004,Defoliation,Office,N,,,8.56421214817982,0.0
NOCA_1987_2017_V2_1_1_UTM,lpa01_10mi_buffer,2004,Defoliation,Office,N,,,2.636707817036137,0.0
NOCA_1987_2017_V2_1_1_UTM,lpa01_10mi_buffer,2004,Defoliation,Office,N,,,10.760909159012442,0.0
NOCA_1987_2017_V2_1_1_UTM,lpa01_10mi_buffer,2004,Defoliation,Office,N,,,14.203302212982663,0.0
NOCA_1987_2017_V2_1_1_UTM,lpa01_10mi_buffer,2005,Defoliation,Office,N,,,1.3362513647493015,0.0
NOCA_1987_2017_V2_1_1_UTM,lpa01_10mi_buffer,2005,Defoliation,Office,N,,,1.1340572530511968,0.0
NOCA_1987_2017_V2_1_1_UTM,lpa01_10mi_buffer,2005,Defoliation,Office,N,,,75.32962465781515,22.909046582577794
NOCA_1987_2017_V2_1_1_UTM,lpa01_10mi_buffer,2005,Defoliation,Office,N,,,85.12035561837467,27.695847275159167
NOCA_1987_2017_V2_1_1_UTM,lpa01_10mi_buffer,2005,Defoliation,Office,N,,,58.31735440250015,12.339224761425509
NOCA_1987_2017_V2_1_1_UTM,lpa01_10mi_buffer,2005,Defoliation,Office,N,,,100.0,538.9443265526348
NOCA_1987_2017_V2_1_1_UTM,lpa01_10mi_buffer,2005,Defoliation,Office,N,,,80.0469489001496,76.35604911333613
NOCA_1987_2017_V2_1_1_UTM,lpa01_10mi_buffer,2005,Defoliation,Office,N,,,99.99999999999997,648.0598036882682
NOCA_1987_2017_V2_1_1_UTM,lpa01_10mi_buffer,2005,Defoliation,Office,N,,,99.99999999999997,646.5155048400846
NOCA_1987_2017_V2_1_1_UTM,lpa01_10mi_buffer,2005,Defoliation,Office,N,,,71.8877554250072,108.39520252242714
NOCA_1987_2017_V2_1_1_UTM,lpa01_10mi_buffer,2005,Defoliation,Office,N,,,100.0,600.1997174167288
NOCA_1987_2017_V2_1_1_UTM,lpa01_10mi_buffer,2005,Defoliation,Office,N,,,100.00000000000003,590.2504364806588
NOCA_1987_2017_V2_1_1_UTM,lpa01_10mi_buffer,2005,Defoliation,Office,N,,,99.99999999999999,463.04190563956644
NOCA_1987_2017_V2_1_1_UTM,lpa01_10mi_buffer,2005,Defoliation,Office,N,,,100.00000000000001,790.57853238347
NOCA_1987_2017_V2_1_1_UTM,lpa01_10mi_buffer,2005,Defoliation,Office,N,,,99.99999999999999,494.6584507935848
NOCA_1987_2017_V2_1_1_UTM,lpa01_10mi_buffer,2005,Defoliation,Office,N,,,99.99999999999999,407.856006396211
NOCA_1987_2017_V2_1_1_UTM,lpa01_10mi_buffer,2005,Defoliation,Office,N,,,5.8559410791814495,0.0
NOCA_1987_2017_V2_1_1_UTM,lpa01_10mi_buffer,2005,Defoliation,Office,N,,,100.0,782.5440384899385
NOCA_1987_2017_V2_1_1_UTM,lpa01_10mi_buffer,2005,Defoliation,Office,N,,,100.0,1279.9344406481223
NOCA_1987_2017_V2_1_1_UTM,lpa01_10mi_buffer,2005,Defoliation,Office,N,,,100.0,600.8588446541376
NOCA_1987_2017_V2_1_1_UTM,lpa01_10mi_buffer,2005,Defoliation,Office,N,,,100.0,525.6807948331947
NOCA_1987_2017_V2_1_1_UTM,lpa01_10mi_buffer,2005,Defoliation,Office,N,,,82.39578641864018,54.142056021448596
NOCA_1987_2017_V2_1_1_UTM,lpa01_10mi_buffer,2005,Defoliation,Office,N,,,99.99999999999999,803.4020736299962
NOCA_1987_2017_V2_1_1_UTM,lpa01_10mi_buffer,2005,Defoliation,Office,N,,,2.640575050603637,0.0
NOCA_1987_2017_V2_1_1_UTM,lpa01_10mi_buffer,2005,Defoliation,Office,N,,,100.0,948.7187661601287
NOCA_1987_2017_V2_1_1_UTM,lpa01_10mi_buffer,2005,Defoliation,Office,N,,,100.00000000000001,314.76002484452727
NOCA_1987_2017_V2_1_1_UTM,lpa01_10mi_buffer,2005,Defoliation,Office,N,,,100.0,1552.6173819990902
NOCA_1987_2017_V2_1_1_UTM,lpa01_10mi_buffer,2005,Defoliation,Office,N,,,100.00000000000003,2080.7181386018824
NOCA_1987_2017_V2_1_1_UTM,lpa01_10mi_buffer,2005,Defoliation,Office,N,,,99.99999999999997,208.4281635179513
NOCA_1987_2017_V2_1_1_UTM,lpa01_10mi_buffer,2005,Defoliation,Office,N,,,100.00000000000001,2445.920349376079
NOCA_1987_2017_V2_1_1_UTM,lpa01_10mi_buffer,2005,Defoliation,Office,N,,,100.00000000000003,2121.2619845881036
NOCA_1987_2017_V2_1_1_UTM,lpa01_10mi_buffer,2005,Defoliation,Office,N,,,100.0,2226.296242709887
NOCA_1987_2017_V2_1_1_UTM,lpa01_10mi_buffer,2005,Defoliation,Office,N,,,100.0,2036.5855862293904
NOCA_1987_2017_V2_1_1_UTM,lpa01_10mi_buffer,2005,Defoliation,Office,N,,,100.0,3313.3571680726695
NOCA_1987_2017_V2_1_1_UTM,lpa01_10mi_buffer,2005,Defoliation,Office,N,,,100.0,2449.8532470209066
NOCA_1987_2017_V2_1_1_UTM,lpa01_10mi_buffer,2005,Defoliation,Office,N,,,100.0,3322.595550575418
NOCA_1987_2017_V2_1_1_UTM,lpa01_10mi_buffer,2005,Defoliation,Office,N,,,100.0,2335.389909932715
NOCA_1987_2017_V2_1_1_UTM,lpa01_10mi_buffer,2005,Defoliation,Office,N,,,100.0,2205.588625363786
NOCA_1987_2017_V2_1_1_UTM,lpa01_10mi_buffer,2005,Defoliation,Office,N,,,100.0,2773.111087433282
NOCA_1987_2017_V2_1_1_UTM,lpa01_10mi_buffer,2005,Defoliation,Office,N,,,100.0,3012.7271520241707
NOCA_1987_2017_V2_1_1_UTM,lpa01_10mi_buffer,2005,Defoliation,Office,N,,,99.99999999999999,2523.0625681272645
NOCA_1987_2017_V2_1_1_UTM,lpa01_10mi_buffer,2005,Defoliation,Office,N,,,100.0,2101.307689933956
NOCA_1987_2017_V2_1_1_UTM,lpa01_10mi_buffer,2005,Defoliation,Office,N,,,100.0,1808.4041011659017
NOCA_1987_2017_V2_1_1_UTM,lpa01_10mi_buffer,2005,Defoliation,Office,N,,,100.0,3404.2290380533072
NOCA_1987_2017_V2_1_1_UTM,lpa01_10mi_buffer,2005,Defoliation,Office,N,,,100.0,3296.5387396305664
NOCA_1987_2017_V2_1_1_UTM,lpa01_10mi_buffer,2005,Defoliation,Office,N,,,100.0,3834.458170904481
NOCA_1987_2017_V2_1_1_UTM,lpa01_10mi_buffer,2005,Defoliation,Office,N,,,100.0,3646.244644391145
NOCA_1987_2017_V2_1_1_UTM,lpa01_10mi_buffer,2005,Defoliation,Office,N,,,100.0,3346.307986536041
NOCA_1987_2017_V2_1_1_UTM,lpa01_10mi_buffer,2005,Defoliation,Office,N,,,100.0,8883.545048149883
NOCA_1987_2017_V2_1_1_UTM,lpa01_10mi_buffer,2005,Defoliation,Office,N,,,100.00000000000001,8012.044732218106
NOCA_1987_2017_V2_1_1_UTM,lpa01_10mi_buffer,2005,Defoliation,Office,N,,,100.00000000000001,7906.201970866386
NOCA_1987_2017_V2_1_1_UTM,lpa01_10mi_buffer,2005,Defoliation,Office,N,,,100.00000000000003,7603.065865915027
NOCA_1987_2017_V2_1_1_UTM,lpa01_10mi_buffer,2005,Defoliation,Office,N,,,100.0,8674.208061289233
NOCA_1987_2017_V2_1_1_UTM,lpa01_10mi_buffer,2005,Defoliation,Office,N,,,100.0,8918.07787618885
NOCA_1987_2017_V2_1_1_UTM,lpa01_10mi_buffer,2005,Defoliation,Office,N,,,99.99999999999997,9618.663893734678
NOCA_1987_2017_V2_1_1_UTM,lpa01_10mi_buffer,2005,Defoliation,Office,N,,,7.511645119300955,0.0
NOCA_1987_2017_V2_1_1_UTM,lpa01_10mi_buffer,2005,Defoliation,Office,N,,,99.99999999999999,5294.792250567244
NOCA_1987_2017_V2_1_1_UTM,lpa01_10mi_buffer,2005,Defoliation,Office,N,,,100.0,5308.340318205753
NOCA_1987_2017_V2_1_1_UTM,lpa01_10mi_buffer,2006,Defoliation,Office,N,,,46.46874902745181,1.2295585754215275
NOCA_1987_2017_V2_1_1_UTM,lpa01_10mi_buffer,2006,Defoliation,Office,N,,,100.00000000000003,339.28902244801725
NOCA_1987_2017_V2_1_1_UTM,lpa01_10mi_buffer,2006,Defoliation,Office,N,,,99.99999999999999,569.5024450753883
NOCA_1987_2017_V2_1_1_UTM,lpa01_10mi_buffer,2006,Defoliation,Office,N,,,99.99999999999996,1672.5667224773454
NOCA_1987_2017_V2_1_1_UTM,lpa01_10mi_buffer,2006,Defoliation,Office,N,,,100.00000000000001,1138.0234512133661
NOCA_1987_2017_V2_1_1_UTM,lpa01_10mi_buffer,2006,Defoliation,Office,N,,,99.99999999999999,1931.0909031021265
NOCA_1987_2017_V2_1_1_UTM,lpa01_10mi_buffer,2006,Defoliation,Office,N,,,99.99999999999997,854.1877739218596
NOCA_1987_2017_V2_1_1_UTM,lpa01_10mi_buffer,2006,Defoliation,Office,N,,,100.0,1180.8348674372191
NOCA_1987_2017_V2_1_1_UTM,lpa01_10mi_buffer,2006,Defoliation,Office,N,,,100.0,1327.5949922307045
NOCA_1987_2017_V2_1_1_UTM,lpa01_10mi_buffer,2006,Defoliation,Office,N,,,100.0,1886.7660666057807
NOCA_1987_2017_V2_1_1_UTM,lpa01_10mi_buffer,2006,Defoliation,Office,N,,,100.0,1171.3815485351724
NOCA_1987_2017_V2_1_1_UTM,lpa01_10mi_buffer,2006,Defoliation,Office,N,,,100.0,2677.3613675260112
NOCA_1987_2017_V2_1_1_UTM,lpa01_10mi_buffer,2006,Defoliation,Office,N,,,100.0,2098.4608237919347
NOCA_1987_2017_V2_1_1_UTM,lpa01_10mi_buffer,2006,Defoliation,Office,N,,,100.0,1744.021967755512
NOCA_1987_2017_V2_1_1_UTM,lpa01_10mi_buffer,2006,Defoliation,Office,N,,,100.0,2594.257384494462
NOCA_1987_2017_V2_1_1_UTM,lpa01_10mi_buffer,2006,Defoliation,Office,N,,,100.00000000000001,2856.941022047361
NOCA_1987_2017_V2_1_1_UTM,lpa01_10mi_buffer,2006,Defoliation,Office,N,,,100.00000000000001,1814.8248475830728
NOCA_1987_2017_V2_1_1_UTM,lpa01_10mi_buffer,2006,Defoliation,Office,N,,,99.99999999999999,1215.761126193198
NOCA_1987_2017_V2_1_1_UTM,lpa01_10mi_buffer,2006,Defoliation,Office,N,,,100.00000000000001,3422.6826725275755
NOCA_1987_2017_V2_1_1_UTM,lpa01_10mi_buffer,2006,Defoliation,Office,N,,,100.0,3040.162451675862
NOCA_1987_2017_V2_1_1_UTM,lpa01_10mi_buffer,2006,Defoliation,Office,N,,,100.0,2836.427399908636
NOCA_1987_2017_V2_1_1_UTM,lpa01_10mi_buffer,2006,Defoliation,Office,N,,,100.0,2762.820357971501
NOCA_1987_2017_V2_1_1_UTM,lpa01_10mi_buffer,2006,Defoliation,Office,N,,,100.0,2697.0013583322716
NOCA_1987_2017_V2_1_1_UTM,lpa01_10mi_buffer,2006,Defoliation,Office,N,,,99.99999999999999,9000.964602235937
NOCA_1987_2017_V2_1_1_UTM,lpa01_10mi_buffer,2006,Defoliation,Office,N,,,100.0,8572.762663907068
NOCA_1987_2017_V2_1_1_UTM,lpa01_10mi_buffer,2006,Defoliation,Office,N,,,100.00000000000006,7979.849146061634
NOCA_1987_2017_V2_1_1_UTM,lpa01_10mi_buffer,2006,Defoliation,Office,N,,,100.0,8317.068502960377
NOCA_1987_2017_V2_1_1_UTM,lpa01_10mi_buffer,2006,Defoliation,Office,N,,,100.0,7808.537341501168
NOCA_1987_2017_V2_1_1_UTM,lpa01_10mi_buffer,2006,Defoliation,Office,N,,,100.0,7406.2687374530815
NOCA_1987_2017_V2_1_1_UTM,lpa01_10mi_buffer,2006,Defoliation,Office,N,,,100.00000000000003,9034.631098358026
NOCA_1987_2017_V2_1_1_UTM,lpa01_10mi_buffer,2006,Defoliation,Office,N,,,99.99999999999997,7225.718259530458
NOCA_1987_2017_V2_1_1_UTM,lpa01_10mi_buffer,2006,Defoliation,Office,N,,,100.00000000000001,7059.986272218329
NOCA_1987_2017_V2_1_1_UTM,lpa01_10mi_buffer,2006,Defoliation,Office,N,,,99.99999999999999,1494.661937399203
NOCA_1987_2017_V2_1_1_UTM,lpa01_10mi_buffer,2006,Defoliation,Office,N,,,100.00000000000001,9411.428778810034
NOCA_1987_2017_V2_1_1_UTM,lpa01_10mi_buffer,2006,Defoliation,Office,N,,,100.0,2243.4273825618643
NOCA_1987_2017_V2_1_1_UTM,lpa01_10mi_buffer,2006,Defoliation,Office,N,,,100.0,9439.157377293719
NOCA_1987_2017_V2_1_1_UTM,lpa01_10mi_buffer,2006,Defoliation,Office,N,,,100.00000000000004,12556.607409504824
NOCA_1987_2017_V2_1_1_UTM,lpa01_10mi_buffer,2006,Defoliation,Office,N,,,100.00000000000001,12814.17159058809
NOCA_1987_2017_V2_1_1_UTM,lpa01_10mi_buffer,2006,Defoliation,Office,N,,,1.875500737657449,0.0
NOCA_1987_2017_V2_1_1_UTM,lpa01_10mi_buffer,2006,Defoliation,Office,N,,,2.341710655117186,0.0
NOCA_1987_2017_V2_1_1_UTM,lpa01_10mi_buffer,2006,Defoliation,Office,N,,,100.00000000000001,5451.451497098818
NOCA_1987_2017_V2_1_1_UTM,lpa01_10mi_buffer,2006,Defoliation,Office,N,,,20.066137599806478,0.0
NOCA_1987_2017_V2_1_1_UTM,lpa01_10mi_buffer,2006,Defoliation,Office,N,,,100.0,5799.527039015171
NOCA_1987_2017_V2_1_1_UTM,lpa01_10mi_buffer,2006,Defoliation,Office,N,,,99.99999999999999,5635.756582577662
NOCA_1987_2017_V2_1_1_UTM,lpa01_10mi_buffer,2006,Defoliation,Office,N,,,99.99999999999999,4506.981854979583
NOCA_1987_2017_V2_1_1_UTM,lpa01_10mi_buffer,2006,Defoliation,Office,N,,,100.0,4277.151447896849
NOCA_1987_2017_V2_1_1_UTM,lpa01_10mi_buffer,2006,Defoliation,Office,N,,,100.0,5682.182407562199
NOCA_1987_2017_V2_1_1_UTM,lpa01_10mi_buffer,2006,Defoliation,Office,N,,,100.00000000000001,6656.067980698284
NOCA_1987_2017_V2_1_1_UTM,lpa01_10mi_buffer,2006,Defoliation,Office,N,,,3.3524999703452765,0.0
NOCA_1987_2017_V2_1_1_UTM,lpa01_10mi_buffer,2006,Mass Movement,Office,N,,,100.0,4597.337993051376
NOCA_1987_2017_V2_1_1_UTM,lpa01_10mi_buffer,2006,Defoliation,Office,N,,,99.99999999999999,5058.775331159004
NOCA_1987_2017_V2_1_1_UTM,lpa01_10mi_buffer,2007,Riparian Change,Office,N,,,35.155649064314346,0.0
NOCA_1987_2017_V2_1_1_UTM,lpa01_10mi_buffer,2007,Defoliation,Office,N,,,6.132786546604185,0.0
NOCA_1987_2017_V2_1_1_UTM,lpa01_10mi_buffer,2007,Defoliation,Office,N,,,99.99999999999999,259.96543278614394
NOCA_1987_2017_V2_1_1_UTM,lpa01_10mi_buffer,2007,Defoliation,Office,N,,,45.86709517030627,0.0
NOCA_1987_2017_V2_1_1_UTM,lpa01_10mi_buffer,2007,Defoliation,Office,N,,,99.99999999999997,1831.3356463133598
NOCA_1987_2017_V2_1_1_UTM,lpa01_10mi_buffer,2007,Defoliation,Office,N,,,100.00000000000001,1289.048624289373
NOCA_1987_2017_V2_1_1_UTM,lpa01_10mi_buffer,2007,Defoliation,Office,N,,,100.0,1468.5333044577303
NOCA_1987_2017_V2_1_1_UTM,lpa01_10mi_buffer,2007,Defoliation,Office,N,,,100.0,1870.7857259131256
NOCA_1987_2017_V2_1_1_UTM,lpa01_10mi_buffer,2007,Defoliation,Office,N,,,100.0,1734.0565394385656
NOCA_1987_2017_V2_1_1_UTM,lpa01_10mi_buffer,2007,Defoliation,Office,N,,,100.00000000000001,6739.500601002396
NOCA_1987_2017_V2_1_1_UTM,lpa01_10mi_buffer,2007,Defoliation,Office,N,,,100.0,6813.973938995231
NOCA_1987_2017_V2_1_1_UTM,lpa01_10mi_buffer,2007,Defoliation,Office,N,,,100.0,7106.407149140431
NOCA_1987_2017_V2_1_1_UTM,lpa01_10mi_buffer,2007,Defoliation,Office,N,,,100.0,7469.454569631351
NOCA_1987_2017_V2_1_1_UTM,lpa01_10mi_buffer,2007,Defoliation,Office,N,,,100.0,9800.52408096173
NOCA_1987_2017_V2_1_1_UTM,lpa01_10mi_buffer,2007,Defoliation,Office,N,,,100.0,9705.086537516883
NOCA_1987_2017_V2_1_1_UTM,lpa01_10mi_buffer,2007,Defoliation,Office,N,,,100.0,10115.976839919334
NOCA_1987_2017_V2_1_1_UTM,lpa01_10mi_buffer,2007,Defoliation,Office,N,,,99.99999999999996,2410.6292851728263
NOCA_1987_2017_V2_1_1_UTM,lpa01_10mi_buffer,2007,Defoliation,Office,N,,,100.0,3038.1937717452556
NOCA_1987_2017_V2_1_1_UTM,lpa01_10mi_buffer,2007,Defoliation,Office,N,,,100.00000000000001,9383.55018295851
NOCA_1987_2017_V2_1_1_UTM,lpa01_10mi_buffer,2007,Defoliation,Office,N,,,100.00000000000001,9339.652043604005
NOCA_1987_2017_V2_1_1_UTM,lpa01_10mi_buffer,2007,Defoliation,Office,N,,,100.0,9157.621848989498
NOCA_1987_2017_V2_1_1_UTM,lpa01_10mi_buffer,2007,Defoliation,Office,N,,,100.0,2108.612014582464
NOCA_1987_2017_V2_1_1_UTM,lpa01_10mi_buffer,2007,Defoliation,Office,N,,,99.99999999999999,9325.113947471726
NOCA_1987_2017_V2_1_1_UTM,lpa01_10mi_buffer,2007,Defoliation,Office,N,,,99.99999999999999,13144.396933735801
NOCA_1987_2017_V2_1_1_UTM,lpa01_10mi_buffer,2007,Defoliation,Office,N,,,100.0,13137.967802322186
NOCA_1987_2017_V2_1_1_UTM,lpa01_10mi_buffer,2007,Defoliation,Office,N,,,100.00000000000001,6505.483530947526
NOCA_1987_2017_V2_1_1_UTM,lpa01_10mi_buffer,2007,Defoliation,Office,N,,,99.99999999999999,5837.454939070285
NOCA_1987_2017_V2_1_1_UTM,lpa01_10mi_buffer,2007,Defoliation,Office,N,,,99.99999999999999,4139.570907410567
NOCA_1987_2017_V2_1_1_UTM,lpa01_10mi_buffer,2007,Defoliation,Office,N,,,100.0,3762.9278838550904
NOCA_1987_2017_V2_1_1_UTM,lpa01_10mi_buffer,2006,Fire,Office,N,Tinpan,,6.9681006732121595,0.0
NOCA_1987_2017_V2_1_1_UTM,lpa01_10mi_buffer,2008,Defoliation,Office,N,,,100.00000000000001,6789.714929090819
NOCA_1987_2017_V2_1_1_UTM,lpa01_10mi_buffer,2008,Defoliation,Office,N,,,100.0,6240.360329905001
NOCA_1987_2017_V2_1_1_UTM,lpa01_10mi_buffer,2009,Avalanche,Office,N,,,31.71473046310534,0.0
NOCA_1987_2017_V2_1_1_UTM,lpa01_10mi_buffer,2009,Defoliation,Office,N,,,100.0,6699.496612468404
NOCA_1987_2017_V2_1_1_UTM,lpa01_10mi_buffer,2009,Avalanche,Office,N,,,100.0,7542.677733502584
NOCA_1987_2017_V2_1_1_UTM,lpa01_10mi_buffer,2009,Avalanche,Office,N,,,100.0,4389.568779330305
NOCA_1987_2017_V2_1_1_UTM,lpa01_10mi_buffer,2009,Avalanche,Office,N,,,12.663782529017846,0.0
NOCA_1987_2017_V2_1_1_UTM,lpa01_10mi_buffer,2009,Defoliation,Office,N,,,100.00000000000001,5496.3658593838745
NOCA_1987_2017_V2_1_1_UTM,lpa01_10mi_buffer,2010,Defoliation,Office,N,,,100.0,1528.3042187818792
NOCA_1987_2017_V2_1_1_UTM,lpa01_10mi_buffer,2010,Defoliation,Office,N,,,100.0,2586.373074487702
NOCA_1987_2017_V2_1_1_UTM,lpa01_10mi_buffer,2011,Avalanche,Office,N,,,99.99999999999999,7626.147621697244
NOCA_1987_2017_V2_1_1_UTM,lpa01_10mi_buffer,2011,Defoliation,Office,N,,,99.99999999999999,1600.1470053403195
NOCA_1987_2017_V2_1_1_UTM,lpa01_10mi_buffer,2011,Defoliation,Office,N,,,100.00000000000001,2483.2332020689173
NOCA_1987_2017_V2_1_1_UTM,lpa01_10mi_buffer,2011,Avalanche,Office,N,,,99.99999999999999,10090.569255755612
NOCA_1987_2017_V2_1_1_UTM,lpa01_10mi_buffer,2011,Mass Movement,Office,N,,,100.0,5655.502407240652
NOCA_1987_2017_V2_1_1_UTM,lpa01_10mi_buffer,2012,Defoliation,Office,N,,,99.99999999999999,5345.173920511178
NOCA_1987_2017_V2_1_1_UTM,lpa01_10mi_buffer,2012,Defoliation,Office,N,,,100.0,4637.221119966944
NOCA_1987_2017_V2_1_1_UTM,lpa01_10mi_buffer,2012,Avalanche,Office,N,,,99.99999999999999,3656.3237464798876
NOCA_1987_2017_V2_1_1_UTM,lpa01_10mi_buffer,2012,Avalanche,Office,N,,,99.99999999999999,4080.7748458187866
NOCA_1987_2017_V2_1_1_UTM,lpa01_10mi_buffer,2013,Defoliation,Office,N,,,93.54618350843253,58.77191709894776
NOCA_1987_2017_V2_1_1_UTM,lpa01_10mi_buffer,2013,Defoliation,Office,N,,,99.99999999999999,5285.462460695249
NOCA_1987_2017_V2_1_1_UTM,lpa01_10mi_buffer,2013,Defoliation,Office,N,,,100.0,5446.455341292864
NOCA_1987_2017_V2_1_1_UTM,lpa01_10mi_buffer,2014,Avalanche,Office,N,,,11.675182918139294,0.0
NOCA_1987_2017_V2_1_1_UTM,lpa01_10mi_buffer,2014,Defoliation,Office,N,,,100.00000000000003,5447.968124639591
NOCA_1987_2017_V2_1_1_UTM,lpa01_10mi_buffer,2014,Mass Movement,Office,N,,,100.00000000000001,5263.0248430052525
NOCA_1987_2017_V2_1_1_UTM,lpa01_10mi_buffer,2014,Mass Movement,Office,N,,,100.0,3877.348841744706
NOCA_1987_2017_V2_1_1_UTM,lpa01_10mi_buffer,2014,Riparian Change,Office,N,,,100.00000000000001,5096.011076046316
NOCA_1987_2017_V2_1_1_UTM,lpa01_10mi_buffer,2015,Defoliation,Office,N,,,100.0,5504.187309843386
NOCA_1987_2017_V2_1_1_UTM,lpa01_10mi_buffer,2015,Defoliation,Office,N,,,99.99999999999999,5808.4185726839805
NOCA_1987_2017_V2_1_1_UTM,lpa01_10mi_buffer,2015,Fire,Office,N,Wolverine,,3.058561280835365,0.0
NOCA_1987_2017_V2_1_1_UTM,lpa01_10mi_buffer,2007,Fire,Office,N,Domke Lake,,1.4488656622712728,0.0
NOCA_1987_2017_V2_1_1_UTM,lpa01_10mi_buffer,2015,Fire,Office,N,Wolverine,,0.32003139319527907,0.0
NOCA_1987_2017_V2_1_1_UTM,protected_areas,1987,Development,Office,N,,,36.111083309550054,0.0
NOCA_1987_2017_V2_1_1_UTM,protected_areas,1987,Mass Movement,Office,N,,,42.13701659128028,0.0
NOCA_1987_2017_V2_1_1_UTM,protected_areas,1987,Development,Office,N,,,16.32327582323718,0.0
NOCA_1987_2017_V2_1_1_UTM,protected_areas,1987,Development,Office,N,,,13.247403008526724,0.0
NOCA_1987_2017_V2_1_1_UTM,protected_areas,1988,Fire,Office,N,Unknown BC 1988,,38.754231475586174,0.0
NOCA_1987_2017_V2_1_1_UTM,protected_areas,1988,Clearing,Office,N,,,28.55806497139068,0.0
NOCA_1987_2017_V2_1_1_UTM,protected_areas,1988,Clearing,Office,Y,,,12.93512965303739,0.0
NOCA_1987_2017_V2_1_1_UTM,protected_areas,1989,Avalanche,Office,Y,,,1.0771916554657919e-10,0.0
NOCA_1987_2017_V2_1_1_UTM,protected_areas,1990,Avalanche,Office,N,,,21.81022799040051,0.0
NOCA_1987_2017_V2_1_1_UTM,protected_areas,1990,Avalanche,Office,N,,,37.2851921107118,0.0
NOCA_1987_2017_V2_1_1_UTM,protected_areas,1990,Avalanche,Office,N,,,32.10713400038151,0.0
NOCA_1987_2017_V2_1_1_UTM,protected_areas,1990,Avalanche,Office,N,,,28.897451801718795,0.0
NOCA_1987_2017_V2_1_1_UTM,protected_areas,1990,Mass Movement,Office,N,,,21.56044554608189,0.0
NOCA_1987_2017_V2_1_1_UTM,protected_areas,1990,Avalanche,Office,N,,,4.214974246710246,0.0
NOCA_1987_2017_V2_1_1_UTM,protected_areas,1990,Avalanche,Office,N,,,0.6493782880431445,0.0
NOCA_1987_2017_V2_1_1_UTM,protected_areas,1990,Avalanche,Office,N,,,61.31833052496481,0.0
NOCA_1987_2017_V2_1_1_UTM,protected_areas,1990,Avalanche,Office,N,,,16.533833114009628,0.0
NOCA_1987_2017_V2_1_1_UTM,protected_areas,1990,Blowdown,Office,Y,,,41.2674749170064,0.0
NOCA_1987_2017_V2_1_1_UTM,protected_areas,1990,Fire,Office,N,Canoe Creek,,27.105441008438255,0.0
NOCA_1987_2017_V2_1_1_UTM,protected_areas,1991,Riparian Change,Office,Y,,,22.136955667949053,0.0
NOCA_1987_2017_V2_1_1_UTM,protected_areas,1990,Fire,Office,N,Canoe Creek,,14.507749823986174,0.0
NOCA_1987_2017_V2_1_1_UTM,protected_areas,1996,Riparian Change,Office,N,,,7.03717294584575,0.0
NOCA_1987_2017_V2_1_1_UTM,protected_areas,1996,Clearing,Office,Y,,,44.10021714646768,0.0
NOCA_1987_2017_V2_1_1_UTM,protected_areas,1996,Riparian Change,Office,Y,,,40.57365498821896,0.0
NOCA_1987_2017_V2_1_1_UTM,protected_areas,1996,Riparian Change,Office,Y,,,5.827997486747804,0.0
NOCA_1987_2017_V2_1_1_UTM,protected_areas,1997,Avalanche,Office,N,,,26.31702033002906,0.0
NOCA_1987_2017_V2_1_1_UTM,protected_areas,1997,Riparian Change,Office,N,,,0.03722994536826702,0.0
NOCA_1987_2017_V2_1_1_UTM,protected_areas,1999,Avalanche,Office,N,,,22.248441193288887,0.0
NOCA_1987_2017_V2_1_1_UTM,protected_areas,1999,Avalanche,Office,N,,,48.08799082932717,0.0
NOCA_1987_2017_V2_1_1_UTM,protected_areas,2000,Defoliation,Office,N,,,4.517993263974178,0.0
NOCA_1987_2017_V2_1_1_UTM,protected_areas,2000,Defoliation,Office,N,,,21.190787849088988,0.0
NOCA_1987_2017_V2_1_1_UTM,protected_areas,2000,Defoliation,Office,N,,,0.6724057814089774,0.0
NOCA_1987_2017_V2_1_1_UTM,protected_areas,2000,Defoliation,Office,N,,,21.676371424328643,0.0
NOCA_1987_2017_V2_1_1_UTM,protected_areas,2000,Defoliation,Office,N,,,1.4235247157767341,0.0
NOCA_1987_2017_V2_1_1_UTM,protected_areas,2001,Defoliation,Office,N,,,5.03687225941723,0.0
NOCA_1987_2017_V2_1_1_UTM,protected_areas,2001,Defoliation,Office,N,,,45.512167872140736,0.0
NOCA_1987_2017_V2_1_1_UTM,protected_areas,2001,Defoliation,Office,N,,,7.9035491415168,0.0
NOCA_1987_2017_V2_1_1_UTM,protected_areas,2001,Defoliation,Office,N,,,7.6129925585930645,0.0
NOCA_1987_2017_V2_1_1_UTM,protected_areas,2001,Clearing,Office,Y,,,58.296445744079556,0.0
NOCA_1987_2017_V2_1_1_UTM,protected_areas,2001,Fire,Office,N,Rex Creek,,41.822184347818556,0.0
NOCA_1987_2017_V2_1_1_UTM,protected_areas,2001,Fire,Office,N,Rex Creek,,37.50355828321913,0.0
NOCA_1987_2017_V2_1_1_UTM,protected_areas,2001,Fire,Office,N,Rex Creek,,0.35708643499307813,0.0
NOCA_1987_2017_V2_1_1_UTM,protected_areas,2001,Fire,Office,N,Rex Creek,,0.47826289174152475,0.0
NOCA_1987_2017_V2_1_1_UTM,protected_areas,2001,Fire,Office,N,Rex Creek,,7.197893582450644,0.0
NOCA_1987_2017_V2_1_1_UTM,protected_areas,2001,Fire,Office,N,Rex Creek,,0.014874030342622656,0.0
NOCA_1987_2017_V2_1_1_UTM,protected_areas,2001,Fire,Office,N,Rex Creek,,0.007552724336583859,0.0
NOCA_1987_2017_V2_1_1_UTM,protected_areas,2001,Fire,Office,N,Rex Creek,,2.242100880504884,0.0
NOCA_1987_2017_V2_1_1_UTM,protected_areas,2001,Fire,Office,N,Rex Creek,,34.65804341672046,0.0
NOCA_1987_2017_V2_1_1_UTM,protected_areas,2001,Fire,Office,N,Rex Creek,,68.53083016722006,0.0
NOCA_1987_2017_V2_1_1_UTM,protected_areas,2001,Fire,Office,N,Rex Creek,,30.94054712379925,0.0
NOCA_1987_2017_V2_1_1_UTM,protected_areas,2001,Fire,Office,N,Rex Creek,,22.2711307760344,0.0
NOCA_1987_2017_V2_1_1_UTM,protected_areas,2001,Fire,Office,N,Rex Creek,,13.012001401488881,0.0
NOCA_1987_2017_V2_1_1_UTM,protected_areas,2001,Fire,Office,N,Rex Creek,,28.68650249011597,0.0
NOCA_1987_2017_V2_1_1_UTM,protected_areas,2001,Fire,Office,N,Rex Creek,,0.4920918831419944,0.0
NOCA_1987_2017_V2_1_1_UTM,protected_areas,2001,Fire,Office,N,Rex Creek,,0.40394582708848514,0.0
NOCA_1987_2017_V2_1_1_UTM,protected_areas,2001,Fire,Office,N,Rex Creek,,6.179658844630431,0.0
NOCA_1987_2017_V2_1_1_UTM,protected_areas,2001,Fire,Office,N,Rex Creek,,0.5650413488124061,0.0
NOCA_1987_2017_V2_1_1_UTM,protected_areas,2001,Fire,Office,N,Rex Creek,,2.534521364113287,0.0
NOCA_1987_2017_V2_1_1_UTM,protected_areas,2001,Fire,Office,N,Rex Creek,,13.858670499459532,0.0
NOCA_1987_2017_V2_1_1_UTM,protected_areas,2001,Fire,Office,N,Rex Creek,,4.2469613425883805,0.0
NOCA_1987_2017_V2_1_1_UTM,protected_areas,2001,Fire,Office,N,Rex Creek,,0.001564461793865546,0.0
NOCA_1987_2017_V2_1_1_UTM,protected_areas,2001,Fire,Office,N,Rex Creek,,1.0338524522927932,0.0
NOCA_1987_2017_V2_1_1_UTM,protected_areas,2001,Fire,Office,N,Rex Creek,,4.146646753902793,0.0
NOCA_1987_2017_V2_1_1_UTM,protected_areas,2001,Fire,Office,N,Rex Creek,,28.498363388179428,0.0
NOCA_1987_2017_V2_1_1_UTM,protected_areas,2001,Fire,Office,N,Rex Creek,,7.924596496791453,0.0
NOCA_1987_2017_V2_1_1_UTM,protected_areas,2001,Fire,Office,N,Rex Creek,,4.559798964056014,0.0
NOCA_1987_2017_V2_1_1_UTM,protected_areas,2001,Fire,Office,N,Rex Creek,,0.8918232250921471,0.0
NOCA_1987_2017_V2_1_1_UTM,protected_areas,2001,Fire,Office,N,Rex Creek,,33.469950675111356,0.0
NOCA_1987_2017_V2_1_1_UTM,protected_areas,2001,Fire,Office,N,Rex Creek,,7.3096533208482075,0.0
NOCA_1987_2017_V2_1_1_UTM,protected_areas,2001,Fire,Office,N,Rex Creek,,6.61693128201809,0.0
NOCA_1987_2017_V2_1_1_UTM,protected_areas,2002,Riparian Change,Office,Y,,,4.094565982218646,0.0
NOCA_1987_2017_V2_1_1_UTM,protected_areas,2002,Avalanche,Office,N,,,2.5059952804784538,0.0
NOCA_1987_2017_V2_1_1_UTM,protected_areas,2002,Avalanche,Office,N,,,8.1875217354587,0.0
NOCA_1987_2017_V2_1_1_UTM,protected_areas,2002,Defoliation,Office,N,,,1.2809633005892724,0.0
NOCA_1987_2017_V2_1_1_UTM,protected_areas,2001,Fire,Office,N,Rex Creek,,1.9068345018769592,0.0
NOCA_1987_2017_V2_1_1_UTM,protected_areas,2001,Fire,Office,N,Rex Creek,,5.616739183620481,0.0
NOCA_1987_2017_V2_1_1_UTM,protected_areas,2001,Fire,Office,N,Rex Creek,,6.627965832258265,0.0
NOCA_1987_2017_V2_1_1_UTM,protected_areas,2001,Fire,Office,N,Rex Creek,,29.507277441978925,0.0
NOCA_1987_2017_V2_1_1_UTM,protected_areas,2001,Fire,Office,N,Rex Creek,,10.114746045860672,0.0
NOCA_1987_2017_V2_1_1_UTM,protected_areas,2002,Defoliation,Office,N,,,39.11527934725752,0.0
NOCA_1987_2017_V2_1_1_UTM,protected_areas,2001,Fire,Office,N,Rex Creek,,7.483964323003154,0.0
NOCA_1987_2017_V2_1_1_UTM,protected_areas,2001,Fire,Office,N,Rex Creek,,1.30495914126166,0.0
NOCA_1987_2017_V2_1_1_UTM,protected_areas,2001,Fire,Office,N,Rex Creek,,5.892339246143748,0.0
NOCA_1987_2017_V2_1_1_UTM,protected_areas,2001,Fire,Office,Y,Rex Creek,,3.238820892006876,0.0
NOCA_1987_2017_V2_1_1_UTM,protected_areas,2001,Fire,Office,N,Rex Creek,,12.354160349575693,0.0
NOCA_1987_2017_V2_1_1_UTM,protected_areas,2001,Fire,Office,N,Rex Creek,,36.288230486920504,0.0
NOCA_1987_2017_V2_1_1_UTM,protected_areas,2001,Fire,Office,N,Rex Creek,,5.920392031089779,0.0
NOCA_1987_2017_V2_1_1_UTM,protected_areas,2001,Fire,Office,N,Rex Creek,,16.446925190370255,0.0
NOCA_1987_2017_V2_1_1_UTM,protected_areas,2001,Fire,Office,N,Rex Creek,,0.15828838535555184,0.0
NOCA_1987_2017_V2_1_1_UTM,protected_areas,2001,Fire,Office,N,Rex Creek,,45.89425822236393,0.0
NOCA_1987_2017_V2_1_1_UTM,protected_areas,2001,Fire,Office,N,Rex Creek,,30.089932980032945,0.0
NOCA_1987_2017_V2_1_1_UTM,protected_areas,2001,Fire,Office,N,Rex Creek,,1.3826162409798524,0.0
NOCA_1987_2017_V2_1_1_UTM,protected_areas,2001,Fire,Office,N,Rex Creek,,15.382244255060682,0.0
NOCA_1987_2017_V2_1_1_UTM,protected_areas,2001,Fire,Office,N,Rex Creek,,35.408967242030414,0.0
NOCA_1987_2017_V2_1_1_UTM,protected_areas,2003,Clearing,Office,N,,,38.12509151016578,0.0
NOCA_1987_2017_V2_1_1_UTM,protected_areas,2003,Defoliation,Field,N,,,45.09477151442047,0.0
NOCA_1987_2017_V2_1_1_UTM,protected_areas,2003,Defoliation,Office,N,,,36.8453594810419,0.0
NOCA_1987_2017_V2_1_1_UTM,protected_areas,2003,Defoliation,Office,N,,,17.26885952945453,0.0
NOCA_1987_2017_V2_1_1_UTM,protected_areas,2004,Development,Office,N,,,45.149728607837346,0.0
NOCA_1987_2017_V2_1_1_UTM,protected_areas,2004,Defoliation,Office,N,,,41.2927211779339,0.0
NOCA_1987_2017_V2_1_1_UTM,protected_areas,2004,Mass Movement,Office,Y,,,0.0,0.0
NOCA_1987_2017_V2_1_1_UTM,protected_areas,2003,Fire,Office,N,Mineral Park,,30.955162361888238,0.0
NOCA_1987_2017_V2_1_1_UTM,protected_areas,2004,Defoliation,Office,N,,,50.356387805598054,0.0
NOCA_1987_2017_V2_1_1_UTM,protected_areas,2004,Defoliation,Office,N,,,5.503780724787456,0.0
NOCA_1987_2017_V2_1_1_UTM,protected_areas,2004,Defoliation,Office,N,,,40.13678964410135,0.0
NOCA_1987_2017_V2_1_1_UTM,protected_areas,2004,Defoliation,Office,N,,,43.04902909807779,0.0
NOCA_1987_2017_V2_1_1_UTM,protected_areas,2004,Defoliation,Office,N,,,41.813442527702726,0.0
NOCA_1987_2017_V2_1_1_UTM,protected_areas,2004,Defoliation,Office,N,,,6.986902312972281,0.0
NOCA_1987_2017_V2_1_1_UTM,protected_areas,2004,Defoliation,Office,N,,,22.46963361556272,0.0
NOCA_1987_2017_V2_1_1_UTM,protected_areas,2004,Defoliation,Office,N,,,7.356098515447541,0.0
NOCA_1987_2017_V2_1_1_UTM,protected_areas,2004,Riparian Change,Office,Y,,,3.600235666508302,0.0
NOCA_1987_2017_V2_1_1_UTM,protected_areas,2004,Riparian Change,Office,Y,,,40.62728319370782,0.0
NOCA_1987_2017_V2_1_1_UTM,protected_areas,2004,Defoliation,Office,N,,,36.247379357262176,0.0
NOCA_1987_2017_V2_1_1_UTM,protected_areas,2004,Defoliation,Office,N,,,42.57675719737788,0.0
NOCA_1987_2017_V2_1_1_UTM,protected_areas,2004,Defoliation,Office,N,,,32.54864606662451,0.0
NOCA_1987_2017_V2_1_1_UTM,protected_areas,2004,Defoliation,Office,N,,,28.320405073064794,0.0
NOCA_1987_2017_V2_1_1_UTM,protected_areas,2004,Defoliation,Office,N,,,7.321684299362669,0.0
NOCA_1987_2017_V2_1_1_UTM,protected_areas,2004,Defoliation,Office,N,,,42.24806818329749,0.0
NOCA_1987_2017_V2_1_1_UTM,protected_areas,2004,Defoliation,Office,N,,,2.2570467616791947,0.0
NOCA_1987_2017_V2_1_1_UTM,protected_areas,2004,Defoliation,Office,N,,,27.433325778204512,0.0
NOCA_1987_2017_V2_1_1_UTM,protected_areas,2004,Defoliation,Office,N,,,8.564182330636562,0.0
NOCA_1987_2017_V2_1_1_UTM,protected_areas,2004,Defoliation,Office,N,,,45.56201728250619,0.0
NOCA_1987_2017_V2_1_1_UTM,protected_areas,2004,Defoliation,Office,N,,,10.760911918236369,0.0
NOCA_1987_2017_V2_1_1_UTM,protected_areas,2004,Defoliation,Office,N,,,14.203300157566002,0.0
NOCA_1987_2017_V2_1_1_UTM,protected_areas,2005,Fire,Office,N,Unknown BC 2005,,3.0412290887267934,0.0
NOCA_1987_2017_V2_1_1_UTM,protected_areas,2005,Defoliation,Office,N,,,1.3362445925106028,0.0
NOCA_1987_2017_V2_1_1_UTM,protected_areas,2004,Fire,Office,N,Swift Creek,,9.41762863514345,0.0
NOCA_1987_2017_V2_1_1_UTM,protected_areas,2003,Fire,Office,N,Mineral Park,,0.33546330191789964,0.0
NOCA_1987_2017_V2_1_1_UTM,protected_areas,2005,Defoliation,Office,N,,,1.1340291626015955,0.0
NOCA_1987_2017_V2_1_1_UTM,protected_areas,2005,Defoliation,Office,N,,,9.389597955326344,0.0
NOCA_1987_2017_V2_1_1_UTM,protected_areas,2005,Defoliation,Office,N,,,3.2256777742977745,0.0
NOCA_1987_2017_V2_1_1_UTM,protected_areas,2005,Defoliation,Office,N,,,30.175587918248883,0.0
NOCA_1987_2017_V2_1_1_UTM,protected_areas,2005,Defoliation,Office,N,,,21.601864979559064,0.0
NOCA_1987_2017_V2_1_1_UTM,protected_areas,2005,Defoliation,Office,N,,,31.215343887641858,0.0
NOCA_1987_2017_V2_1_1_UTM,protected_areas,2005,Defoliation,Office,N,,,19.3360934031344,0.0
NOCA_1987_2017_V2_1_1_UTM,protected_areas,2005,Defoliation,Office,N,,,54.838016970965555,4.248590414133054
NOCA_1987_2017_V2_1_1_UTM,protected_areas,2005,Defoliation,Office,N,,,14.712110871734739,0.0
NOCA_1987_2017_V2_1_1_UTM,protected_areas,2005,Defoliation,Office,N,,,35.93546066815659,0.0
NOCA_1987_2017_V2_1_1_UTM,protected_areas,2005,Defoliation,Office,N,,,5.53973639340365,0.0
NOCA_1987_2017_V2_1_1_UTM,protected_areas,2005,Defoliation,Office,N,,,4.855762948121451,0.0
NOCA_1987_2017_V2_1_1_UTM,protected_areas,2005,Defoliation,Office,N,,,9.705370925786125,0.0
NOCA_1987_2017_V2_1_1_UTM,protected_areas,2005,Defoliation,Office,N,,,27.3941562339395,0.0
NOCA_1987_2017_V2_1_1_UTM,protected_areas,2005,Defoliation,Office,N,,,5.32150367789884,0.0
NOCA_1987_2017_V2_1_1_UTM,protected_areas,2005,Defoliation,Office,N,,,8.333462555765234,0.0
NOCA_1987_2017_V2_1_1_UTM,protected_areas,2005,Defoliation,Office,N,,,33.038968456257834,0.0
NOCA_1987_2017_V2_1_1_UTM,protected_areas,2005,Defoliation,Office,N,,,7.511647580650041,0.0
NOCA_1987_2017_V2_1_1_UTM,protected_areas,2006,Defoliation,Office,N,,,16.296268140584914,0.0
NOCA_1987_2017_V2_1_1_UTM,protected_areas,2006,Defoliation,Office,N,,,48.92597128361846,0.0
NOCA_1987_2017_V2_1_1_UTM,protected_areas,2006,Defoliation,Office,N,,,30.491245387623763,0.0
NOCA_1987_2017_V2_1_1_UTM,protected_areas,2006,Defoliation,Office,N,,,39.22708820689979,0.0
NOCA_1987_2017_V2_1_1_UTM,protected_areas,2006,Defoliation,Office,N,,,55.17680214661786,0.0
NOCA_1987_2017_V2_1_1_UTM,protected_areas,2006,Defoliation,Office,N,,,45.41585715996718,0.0
NOCA_1987_2017_V2_1_1_UTM,protected_areas,2006,Fire,Office,Y,Flick Creek,,4.483945034471523,0.0
NOCA_1987_2017_V2_1_1_UTM,protected_areas,2006,Fire,Field,Y,Flick Creek,,37.220679876263425,0.0
NOCA_1987_2017_V2_1_1_UTM,protected_areas,2006,Fire,Office,Y,Flick Creek,,11.715359457337732,0.0
NOCA_1987_2017_V2_1_1_UTM,protected_areas,2006,Defoliation,Office,N,,,9.085447336105767,0.0
NOCA_1987_2017_V2_1_1_UTM,protected_areas,2006,Defoliation,Office,N,,,17.66463439048463,0.0
NOCA_1987_2017_V2_1_1_UTM,protected_areas,2006,Defoliation,Office,N,,,1.8754999680913065,0.0
NOCA_1987_2017_V2_1_1_UTM,protected_areas,2006,Defoliation,Office,N,,,2.3417120208727438,0.0
NOCA_1987_2017_V2_1_1_UTM,protected_areas,2006,Defoliation,Office,N,,,20.066165981017694,0.0
NOCA_1987_2017_V2_1_1_UTM,protected_areas,2006,Defoliation,Office,N,,,2.2009722198213084,0.0
NOCA_1987_2017_V2_1_1_UTM,protected_areas,2006,Defoliation,Office,N,,,35.29337051015864,0.0
NOCA_1987_2017_V2_1_1_UTM,protected_areas,2007,Avalanche,Office,N,,,9.061317830918243,0.0
NOCA_1987_2017_V2_1_1_UTM,protected_areas,2007,Clearing,Office,N,,,21.508406831360713,0.0
NOCA_1987_2017_V2_1_1_UTM,protected_areas,2007,Clearing,Office,N,,,13.959811050173018,0.0
NOCA_1987_2017_V2_1_1_UTM,protected_areas,2007,Clearing,Office,N,,,33.38958704618815,0.0
NOCA_1987_2017_V2_1_1_UTM,protected_areas,2007,Riparian Change,Office,N,,,35.155642957162435,0.0
NOCA_1987_2017_V2_1_1_UTM,protected_areas,2007,Defoliation,Office,N,,,6.1327831801233454,0.0
NOCA_1987_2017_V2_1_1_UTM,protected_areas,2007,Blowdown,Office,N,,,15.575029325779047,0.0
NOCA_1987_2017_V2_1_1_UTM,protected_areas,2007,Defoliation,Office,N,,,41.05663098683689,0.0
NOCA_1987_2017_V2_1_1_UTM,protected_areas,2007,Defoliation,Office,N,,,4.1498343263445365,0.0
NOCA_1987_2017_V2_1_1_UTM,protected_areas,2007,Defoliation,Office,N,,,10.164290504099975,0.0
NOCA_1987_2017_V2_1_1_UTM,protected_areas,2007,Defoliation,Office,N,,,52.32272168039011,0.0
NOCA_1987_2017_V2_1_1_UTM,protected_areas,2007,Defoliation,Office,N,,,2.3575088726431845,0.0
NOCA_1987_2017_V2_1_1_UTM,protected_areas,2007,Defoliation,Office,N,,,0.7422098009935945,0.0
NOCA_1987_2017_V2_1_1_UTM,protected_areas,2006,Fire,Office,Y,Flick Creek,,69.59830225674924,0.0
NOCA_1987_2017_V2_1_1_UTM,protected_areas,2006,Fire,Office,Y,Flick Creek,,19.874133499505362,0.0
NOCA_1987_2017_V2_1_1_UTM,protected_areas,2006,Fire,Office,Y,Flick Creek,,2.7342864146899895,0.0
NOCA_1987_2017_V2_1_1_UTM,protected_areas,2007,Defoliation,Office,N,,,58.55051503749019,0.0
NOCA_1987_2017_V2_1_1_UTM,protected_areas,2007,Fire,Office,N,Domke Lake,,38.24955664663095,0.0
NOCA_1987_2017_V2_1_1_UTM,protected_areas,2007,Fire,Office,N,Domke Lake,,24.061617838211486,0.0
NOCA_1987_2017_V2_1_1_UTM,protected_areas,2007,Defoliation,Office,N,,,11.52692795757751,0.0
NOCA_1987_2017_V2_1_1_UTM,protected_areas,2007,Defoliation,Office,N,,,11.335613726013875,0.0
NOCA_1987_2017_V2_1_1_UTM,protected_areas,2006,Fire,Office,N,Tinpan,,6.9681007467649385,0.0
NOCA_1987_2017_V2_1_1_UTM,protected_areas,2008,Clearing,Office,N,,,33.95874010771424,0.0
NOCA_1987_2017_V2_1_1_UTM,protected_areas,2008,Mass Movement,Office,Y,,,8.568879538745786e-11,0.0
NOCA_1987_2017_V2_1_1_UTM,protected_areas,2008,Avalanche,Office,Y,,,6.504094008176147e-10,0.0
NOCA_1987_2017_V2_1_1_UTM,protected_areas,2008,Avalanche,Field,Y,,,0.2111780553127715,0.0
NOCA_1987_2017_V2_1_1_UTM,protected_areas,2008,Avalanche,Office,N,,,42.22487106914241,0.0
NOCA_1987_2017_V2_1_1_UTM,protected_areas,2009,Avalanche,Office,N,,,3.875882031204135,0.0
NOCA_1987_2017_V2_1_1_UTM,protected_areas,2009,Avalanche,Office,Y,,,7.823616116099565e-12,0.0
NOCA_1987_2017_V2_1_1_UTM,protected_areas,2009,Avalanche,Office,Y,,,7.018958715912553e-10,0.0
NOCA_1987_2017_V2_1_1_UTM,protected_areas,2009,Avalanche,Office,N,,,3.364536852850392,0.0
NOCA_1987_2017_V2_1_1_UTM,protected_areas,2009,Avalanche,Office,N,,,8.684039511320275,0.0
NOCA_1987_2017_V2_1_1_UTM,protected_areas,2009,Defoliation,Office,N,,,17.559055668999907,0.0
NOCA_1987_2017_V2_1_1_UTM,protected_areas,2009,Avalanche,Office,N,,,52.482220481344356,0.0
NOCA_1987_2017_V2_1_1_UTM,protected_areas,2009,Riparian Change,Office,N,,,39.23330790407699,0.0
NOCA_1987_2017_V2_1_1_UTM,protected_areas,2009,Avalanche,Office,N,,,12.663789928783993,0.0
NOCA_1987_2017_V2_1_1_UTM,protected_areas,2010,Fire,Office,Y,Rainbow Bridge,,0.2128705241147358,0.0
NOCA_1987_2017_V2_1_1_UTM,protected_areas,2010,Defoliation,Office,N,,,6.320546790029083,0.0
NOCA_1987_2017_V2_1_1_UTM,protected_areas,2011,Avalanche,Office,Y,,,2.936885275472346e-10,0.0
NOCA_1987_2017_V2_1_1_UTM,protected_areas,2011,Blowdown,Office,N,,,11.178442670395686,0.0
NOCA_1987_2017_V2_1_1_UTM,protected_areas,2011,Mass Movement,Office,N,,,26.158939488889096,0.0
NOCA_1987_2017_V2_1_1_UTM,protected_areas,2012,Avalanche,Office,Y,,,1.695117206189667e-11,0.0
NOCA_1987_2017_V2_1_1_UTM,protected_areas,2013,Mass Movement,Office,Y,,,4.401141760999266,0.0
NOCA_1987_2017_V2_1_1_UTM,protected_areas,2014,Mass Movement,Office,N,,,14.821538755761383,0.0
NOCA_1987_2017_V2_1_1_UTM,protected_areas,2014,Avalanche,Office,N,,,11.675191731509456,0.0
NOCA_1987_2017_V2_1_1_UTM,protected_areas,2013,Fire,Office,N,Moore Point,,22.498797316701477,0.0
NOCA_1987_2017_V2_1_1_UTM,protected_areas,2013,Fire,Office,N,Moore Point,,44.08719673164982,0.0
NOCA_1987_2017_V2_1_1_UTM,protected_areas,2013,Fire,Office,N,Moore Point,,7.033716335235648,0.0
NOCA_1987_2017_V2_1_1_UTM,protected_areas,2015,Fire,Office,N,Wolverine,,49.40384952854148,0.0
NOCA_1987_2017_V2_1_1_UTM,protected_areas,2015,Fire,Office,N,Wolverine,,1.869586284821249,0.0
NOCA_1987_2017_V2_1_1_UTM,protected_areas,2015,Fire,Office,N,Wolverine,,0.23374098259488854,0.0
NOCA_1987_2017_V2_1_1_UTM,protected_areas,2015,Fire,Office,N,Wolverine,,34.246599003886914,0.0
NOCA_1987_2017_V2_1_1_UTM,protected_areas,2015,Fire,Office,N,Wolverine,,1.8697353408822808,0.0
NOCA_1987_2017_V2_1_1_UTM,protected_areas,2015,Fire,Office,Y,Goodell,,2.5775232177892874e-10,0.0
NOCA_1987_2017_V2_1_1_UTM,protected_areas,2015,Fire,Office,Y,Goodell,,0.8344192172477998,0.0
NOCA_1987_2017_V2_1_1_UTM,protected_areas,2015,Fire,Office,N,Wolverine,,1.9432158287642385,0.0
NOCA_1987_2017_V2_1_1_UTM,protected_areas,2015,Fire,Office,N,Wolverine,,3.058561191876311,0.0
NOCA_1987_2017_V2_1_1_UTM,protected_areas,1987,Fire,Office,N,Reynolds,,0.1491054758184312,0.0
NOCA_1987_2017_V2_1_1_UTM,protected_areas,2007,Fire,Office,N,Domke Lake,,3.932969971300459e-08,0.0
NOCA_1987_2017_V2_1_1_UTM,protected_areas,2015,Fire,Office,N,Wolverine,,3.9124961844338653e-08,0.0
NOCA_1987_2017_V2_1_1_UTM,protected_areas,2015,Fire,Office,Y,Wolverine,,9.384228946663899e-08,0.0
OLYM_1987_2017_V2_1_1_UTM,lpa01_10mi_buffer,1987,Coastal Change,Office,Y,,,0.00027718067480779474,0.0
OLYM_1987_2017_V2_1_1_UTM,lpa01_10mi_buffer,1987,Coastal Change,Office,Y,,,3.0269048245202437e-05,0.0
OLYM_1987_2017_V2_1_1_UTM,lpa01_10mi_buffer,2010,Mass Movement,Office,Y,,,9.376633630678724e-07,0.0
OLYM_1987_2017_V2_1_1_UTM,protected_areas,1987,Coastal Change,Office,Y,,,12.052302793086705,0.0
OLYM_1987_2017_V2_1_1_UTM,protected_areas,1987,Riparian Change,Office,Y,,,2.4859583260647855,0.0
OLYM_1987_2017_V2_1_1_UTM,protected_areas,1987,Riparian Change,Office,Y,,,14.154981090007478,0.0
OLYM_1987_2017_V2_1_1_UTM,protected_areas,1987,Riparian Change,Office,Y,,,14.214285476554668,0.0
OLYM_1987_2017_V2_1_1_UTM,protected_areas,1987,Clearing,Office,Y,,,13.349822507076349,0.0
OLYM_1987_2017_V2_1_1_UTM,protected_areas,1987,Blowdown,Office,Y,,,1.3648499225832924,0.0
OLYM_1987_2017_V2_1_1_UTM,protected_areas,1987,Coastal Change,Office,Y,,,26.843367248911886,0.0
OLYM_1987_2017_V2_1_1_UTM,protected_areas,1987,Riparian Change,Office,Y,,,26.987943739029284,0.0
OLYM_1987_2017_V2_1_1_UTM,protected_areas,1990,Riparian Change,Office,Y,,,44.44520351360135,0.0
OLYM_1987_2017_V2_1_1_UTM,protected_areas,1991,Riparian Change,Office,Y,,,5.86697558514251,0.0
OLYM_1987_2017_V2_1_1_UTM,protected_areas,1992,Blowdown,Office,Y,,,23.646701992728993,0.0
OLYM_1987_2017_V2_1_1_UTM,protected_areas,1992,Blowdown,Office,Y,,,0.4576810977482228,0.0
OLYM_1987_2017_V2_1_1_UTM,protected_areas,1992,Riparian Change,Office,Y,,,7.632518938918868,0.0
OLYM_1987_2017_V2_1_1_UTM,protected_areas,1995,Riparian Change,Office,Y,,,16.667815393654188,0.0
OLYM_1987_2017_V2_1_1_UTM,protected_areas,1995,Riparian Change,Office,Y,,,34.156455713521126,0.0
OLYM_1987_2017_V2_1_1_UTM,protected_areas,1996,Riparian Change,Office,Y,,,17.554867185257383,0.0
OLYM_1987_2017_V2_1_1_UTM,protected_areas,1997,Riparian Change,Office,Y,,,0.003670204779505442,0.0
OLYM_1987_2017_V2_1_1_UTM,protected_areas,1997,Riparian Change,Office,Y,,,39.406747214461035,0.0
OLYM_1987_2017_V2_1_1_UTM,protected_areas,1999,Riparian Change,Office,Y,,,4.883754406076128,0.0
OLYM_1987_2017_V2_1_1_UTM,protected_areas,1999,Avalanche,Office,N,,,0.06073655653285337,0.0
OLYM_1987_2017_V2_1_1_UTM,protected_areas,1999,Avalanche,Office,N,,,0.1800133576614318,0.0
OLYM_1987_2017_V2_1_1_UTM,protected_areas,2002,Riparian Change,Office,N,,,33.18979586305259,0.0
OLYM_1987_2017_V2_1_1_UTM,protected_areas,2003,Riparian Change,Office,N,,,3.8727357087660885,0.0
OLYM_1987_2017_V2_1_1_UTM,protected_areas,2003,Riparian Change,Office,Y,,,27.618283902678797,0.0
OLYM_1987_2017_V2_1_1_UTM,protected_areas,2004,Riparian Change,Office,Y,,,32.37491022949009,0.0
OLYM_1987_2017_V2_1_1_UTM,protected_areas,2004,Riparian Change,Office,Y,,,41.74920637770051,0.0
OLYM_1987_2017_V2_1_1_UTM,protected_areas,2004,Riparian Change,Office,Y,,,56.078688676338714,0.0
OLYM_1987_2017_V2_1_1_UTM,protected_areas,2004,Riparian Change,Office,Y,,,38.65692156538132,0.0
OLYM_1987_2017_V2_1_1_UTM,protected_areas,2004,Riparian Change,Office,Y,,,27.870577563543133,0.0
OLYM_1987_2017_V2_1_1_UTM,protected_areas,2006,Riparian Change,Office,Y,,,31.2909098219932,0.0
OLYM_1987_2017_V2_1_1_UTM,protected_areas,2007,Blowdown,Office,Y,,,1.9803125349980624,0.0
OLYM_1987_2017_V2_1_1_UTM,protected_areas,2007,Blowdown,Office,Y,,,4.19782750295327,0.0
OLYM_1987_2017_V2_1_1_UTM,protected_areas,2007,Defoliation,Office,N,,,44.32854380455089,0.0
OLYM_1987_2017_V2_1_1_UTM,protected_areas,2007,Riparian Change,Office,Y,,,12.03869161370709,0.0
OLYM_1987_2017_V2_1_1_UTM,protected_areas,2007,Riparian Change,Office,Y,,,0.001128798060919018,0.0
OLYM_1987_2017_V2_1_1_UTM,protected_areas,2007,Riparian Change,Office,Y,,,26.12258945102374,0.0
OLYM_1987_2017_V2_1_1_UTM,protected_areas,2007,Riparian Change,Office,Y,,,45.16269528824299,0.0
OLYM_1987_2017_V2_1_1_UTM,protected_areas,2007,Riparian Change,Office,Y,,,27.014370103556292,0.0
OLYM_1987_2017_V2_1_1_UTM,protected_areas,2007,Riparian Change,Office,Y,,,18.0937565730781,0.0
OLYM_1987_2017_V2_1_1_UTM,protected_areas,2007,Riparian Change,Office,Y,,,18.81097783375776,0.0
OLYM_1987_2017_V2_1_1_UTM,protected_areas,2007,Riparian Change,Office,Y,,,13.97071047960045,0.0
OLYM_1987_2017_V2_1_1_UTM,protected_areas,2007,Clearing,Office,Y,,,0.6463878015075065,0.0
OLYM_1987_2017_V2_1_1_UTM,protected_areas,2007,Riparian Change,Office,Y,,,15.67535514130902,0.0
OLYM_1987_2017_V2_1_1_UTM,protected_areas,2007,Riparian Change,Office,Y,,,26.059125357194844,0.0
OLYM_1987_2017_V2_1_1_UTM,protected_areas,2007,Riparian Change,Office,Y,,,31.319424636037184,0.0
OLYM_1987_2017_V2_1_1_UTM,protected_areas,2007,Riparian Change,Office,Y,,,42.537136179558885,0.0
OLYM_1987_2017_V2_1_1_UTM,protected_areas,2007,Riparian Change,Office,Y,,,31.754932493533996,0.0
OLYM_1987_2017_V2_1_1_UTM,protected_areas,2007,Blowdown,Office,N,,,0.01057032490622471,0.0
OLYM_1987_2017_V2_1_1_UTM,protected_areas,2006,Fire,Office,N,Bear Gulch 2,,53.28525016401382,0.0
OLYM_1987_2017_V2_1_1_UTM,protected_areas,2008,Blowdown,Office,Y,,,13.205144292055833,0.0
OLYM_1987_2017_V2_1_1_UTM,protected_areas,2008,Blowdown,Office,Y,,,36.4655766666704,0.0
OLYM_1987_2017_V2_1_1_UTM,protected_areas,2008,Blowdown,Office,N,,,0.05319991445825295,0.0
OLYM_1987_2017_V2_1_1_UTM,protected_areas,2008,Blowdown,Office,Y,,,45.76771720284187,0.0
OLYM_1987_2017_V2_1_1_UTM,protected_areas,2008,Riparian Change,Office,Y,,,67.06822717605391,0.0
OLYM_1987_2017_V2_1_1_UTM,protected_areas,2008,Riparian Change,Office,Y,,,10.562278492870663,0.0
OLYM_1987_2017_V2_1_1_UTM,protected_areas,2008,Riparian Change,Office,Y,,,19.28244142248494,0.0
OLYM_1987_2017_V2_1_1_UTM,protected_areas,2008,Riparian Change,Office,Y,,,9.595214845147819,0.0
OLYM_1987_2017_V2_1_1_UTM,protected_areas,2008,Riparian Change,Office,Y,,,44.717130105505866,0.0
OLYM_1987_2017_V2_1_1_UTM,protected_areas,2008,Riparian Change,Office,Y,,,34.755681517337834,0.0
OLYM_1987_2017_V2_1_1_UTM,protected_areas,2009,Fire,Office,Y,Constance,,5.740675440179931,0.0
OLYM_1987_2017_V2_1_1_UTM,protected_areas,2009,Fire,Office,Y,Constance,,7.052875771472973,0.0
OLYM_1987_2017_V2_1_1_UTM,protected_areas,2010,Mass Movement,Office,Y,,,3.1060329762797087e-06,0.0
OLYM_1987_2017_V2_1_1_UTM,protected_areas,2010,Coastal Change,Office,Y,,,39.76212378333371,0.0
OLYM_1987_2017_V2_1_1_UTM,protected_areas,2009,Fire,Office,Y,Constance,,22.820327744794085,0.0
OLYM_1987_2017_V2_1_1_UTM,protected_areas,2010,Riparian Change,Office,Y,,,21.862532099155324,0.0
OLYM_1987_2017_V2_1_1_UTM,protected_areas,2011,Mass Movement,Office,Y,,,1.3562580987814057,0.0
OLYM_1987_2017_V2_1_1_UTM,protected_areas,2011,Riparian Change,Office,Y,,,16.632130866646687,0.0
OLYM_1987_2017_V2_1_1_UTM,protected_areas,2013,Mass Movement,Office,Y,,,0.7177223724438212,0.0
OLYM_1987_2017_V2_1_1_UTM,protected_areas,2014,Riparian Change,Office,Y,,,4.217532542080087,0.0
OLYM_1987_2017_V2_1_1_UTM,protected_areas,2016,Riparian Change,Office,Y,,,25.100300280659635,0.0
OLYM_1987_2017_V2_1_1_UTM,protected_areas,2016,Riparian Change,Office,Y,,,28.08160826027735,0.0
OLYM_1987_2017_V2_1_1_UTM,protected_areas,2016,Riparian Change,Office,Y,,,1.560068171275204,0.0
OLYM_1987_2017_V2_1_1_UTM,protected_areas,2013,Clearing,Office,Y,,,14.76497119584966,0.0
LEWI_1985_2011_Report_UTM,lpa01_10mi_buffer,1998,Coastal,,Y,,Coastal,9.553857117993845,0.0
LEWI_1985_2011_Report_UTM,lpa01_10mi_buffer,1993,Clearing,,N,,Clearing,1.1353138360840285,0.0
LEWI_1985_2011_Report_UTM,lpa01_10mi_buffer,1998,Coastal,,Y,,Coastal,9.842148470512058,0.0
LEWI_1985_2011_Report_UTM,lpa01_10mi_buffer,1991,Clearing,,N,,Clearing,1.6973801307685796,0.0
LEWI_1985_2011_Report_UTM,lpa01_10mi_buffer,1985,Clearing,,N,,Clearing,0.18716577040237695,0.0
LEWI_1985_2011_Report_UTM,lpa01_10mi_buffer,1986,Clearing,,N,,Clearing,3.0563719126064672,0.0
LEWI_1985_2011_Report_UTM,lpa01_10mi_buffer,1986,Clearing,,N,,Clearing,0.8895198378557921,0.0
LEWI_1985_2011_Report_UTM,lpa01_10mi_buffer,1993,Clearing,,N,,Clearing,3.5660431173731326,0.0
LEWI_1985_2011_Report_UTM,lpa01_10mi_buffer,1993,Clearing,,N,,Clearing,1.2464211036989652,0.0
LEWI_1985_2011_Report_UTM,lpa01_10mi_buffer,2011,Clearing,,N,,Clearing,10.065023811801785,0.0
LEWI_1985_2011_Report_UTM,lpa01_10mi_buffer,1991,Clearing,,N,,Clearing,3.574594882204445,0.0
LEWI_1985_2011_Report_UTM,lpa01_10mi_buffer,1991,Clearing,,N,,Clearing,1.0909310127525036,0.0
LEWI_1985_2011_Report_UTM,lpa01_10mi_buffer,2002,Coastal,,N,,Coastal,23.452712227174203,0.0
LEWI_1985_2011_Report_UTM,lpa01_10mi_buffer,2007,Clearing,,N,,Clearing,0.14826440750167638,0.0
LEWI_1985_2011_Report_UTM,lpa01_10mi_buffer,1999,Clearing,,N,,Clearing,0.3726195610271495,0.0
LEWI_1985_2011_Report_UTM,lpa01_10mi_buffer,2009,Clearing,,N,,Clearing,2.1438503419518926,0.0
LEWI_1985_2011_Report_UTM,lpa01_10mi_buffer,2001,Clearing,,N,,Clearing,1.9055170693663301,0.0
LEWI_1985_2011_Report_UTM,lpa01_10mi_buffer,1998,Clearing,,N,,Clearing,1.2069173932790391,0.0
LEWI_1985_2011_Report_UTM,lpa01_10mi_buffer,2010,Clearing,,N,,Clearing,3.0708394258503984,0.0
LEWI_1985_2011_Report_UTM,lpa01_10mi_buffer,1986,Clearing,,N,,Clearing,1.2248464066327036,0.0
LEWI_1985_2011_Report_UTM,lpa01_10mi_buffer,1993,Clearing,,N,,Clearing,4.242075533356836,0.0
LEWI_1985_2011_Report_UTM,lpa01_10mi_buffer,2006,Clearing,,N,,Clearing,0.9407133462534116,0.0
LEWI_1985_2011_Report_UTM,lpa01_10mi_buffer,1999,Clearing,,N,,Clearing,3.8367156478882363,0.0
LEWI_1985_2011_Report_UTM,lpa01_10mi_buffer,2003,Clearing,,N,,Clearing,2.2105990471789565,0.0
LEWI_1985_2011_Report_UTM,lpa01_10mi_buffer,2010,Clearing,,N,,Clearing,10.743504575122296,0.0
LEWI_1985_2011_Report_UTM,lpa01_10mi_buffer,2011,Clearing,,N,,Clearing,1.648119184458816,0.0
LEWI_1985_2011_Report_UTM,lpa01_10mi_buffer,2011,Clearing,,N,,Clearing,0.5866118089224854,0.0
LEWI_1985_2011_Report_UTM,lpa01_10mi_buffer,2007,Clearing,,N,,Clearing,1.3937402582342175,0.0
LEWI_1985_2011_Report_UTM,lpa01_10mi_buffer,2010,Clearing,,N,,Clearing,1.7552620785642037,0.0
LEWI_1985_2011_Report_UTM,lpa01_10mi_buffer,2006,Coastal,,N,,Coastal,3.2274927442427086,0.0
LEWI_1985_2011_Report_UTM,lpa01_10mi_buffer,2006,Coastal,,N,,Coastal,0.09477301749313921,0.0
LEWI_1985_2011_Report_UTM,lpa01_10mi_buffer,1997,Clearing,,N,,Clearing,5.381514522313444,0.0
LEWI_1985_2011_Report_UTM,lpa01_10mi_buffer,1992,Clearing,,N,,Clearing,0.053367071451081965,0.0
LEWI_1985_2011_Report_UTM,lpa01_10mi_buffer,2009,Windthrow Salvage,,N,,Windthrow Salvage,2.7168738334628,0.0
LEWI_1985_2011_Report_UTM,lpa01_10mi_buffer,1993,Clearing,,N,,Clearing,1.1748812136045665,0.0
LEWI_1985_2011_Report_UTM,lpa01_10mi_buffer,1989,Clearing,,N,,Clearing,7.498005249396595,0.0
LEWI_1985_2011_Report_UTM,lpa01_10mi_buffer,1993,Clearing,,N,,Clearing,0.001302948740265953,0.0
LEWI_1985_2011_Report_UTM,lpa01_10mi_buffer,2006,Clearing,,N,,Clearing,1.363545328845563,0.0
LEWI_1985_2011_Report_UTM,lpa01_10mi_buffer,1993,Clearing,,N,,Clearing,0.010571942371781436,0.0
LEWI_1985_2011_Report_UTM,lpa01_10mi_buffer,1992,Clearing,,N,,Clearing,0.5341282049281472,0.0
LEWI_1985_2011_Report_UTM,lpa01_10mi_buffer,2001,Clearing,,N,,Clearing,0.5055435895414725,0.0
LEWI_1985_2011_Report_UTM,lpa01_10mi_buffer,2011,Clearing,,N,,Clearing,5.721056345797815,0.0
LEWI_1985_2011_Report_UTM,lpa01_10mi_buffer,2009,Clearing,,N,,Clearing,1.558928676853762,0.0
LEWI_1985_2011_Report_UTM,lpa01_10mi_buffer,1985,Clearing,,N,,Clearing,2.2193631519883437,0.0
LEWI_1985_2011_Report_UTM,lpa01_10mi_buffer,1999,Clearing,,N,,Clearing,0.31392768399903753,0.0
LEWI_1985_2011_Report_UTM,lpa01_10mi_buffer,2001,Clearing,,N,,Clearing,7.682127346399467,0.0
LEWI_1985_2011_Report_UTM,lpa01_10mi_buffer,1999,Clearing,,N,,Clearing,11.853220844850087,0.0
LEWI_1985_2011_Report_UTM,lpa01_10mi_buffer,2002,Clearing,,N,,Clearing,0.3405764755481298,0.0
LEWI_1985_2011_Report_UTM,lpa01_10mi_buffer,1985,Clearing,,N,,Clearing,4.498493216575068,0.0
LEWI_1985_2011_Report_UTM,lpa01_10mi_buffer,2002,Clearing,,N,,Clearing,4.3775607379760935,0.0
LEWI_1985_2011_Report_UTM,lpa01_10mi_buffer,2004,Clearing,,N,,Clearing,1.9990063648324201,0.0
LEWI_1985_2011_Report_UTM,lpa01_10mi_buffer,2003,Clearing,,N,,Clearing,2.1646331849252682,0.0
LEWI_1985_2011_Report_UTM,lpa01_10mi_buffer,1989,Clearing,,N,,Clearing,0.05152464515088119,0.0
LEWI_1985_2011_Report_UTM,lpa01_10mi_buffer,2002,Clearing,,N,,Clearing,2.830054943365032,19.415017856817837
LEWI_1985_2011_Report_UTM,lpa01_10mi_buffer,2002,Clearing,,N,,Clearing,3.390978783874703,0.0
LEWI_1985_2011_Report_UTM,lpa01_10mi_buffer,2004,Clearing,,N,,Clearing,1.719617209126255,0.0
LEWI_1985_2011_Report_UTM,lpa01_10mi_buffer,2001,Clearing,,N,,Clearing,1.0450221313750176,0.0
LEWI_1985_2011_Report_UTM,lpa01_10mi_buffer,2003,Clearing,,N,,Clearing,4.3734293992818785,0.0
LEWI_1985_2011_Report_UTM,lpa01_10mi_buffer,2003,Clearing,,N,,Clearing,2.6964553989684568,0.0
LEWI_1985_2011_Report_UTM,lpa01_10mi_buffer,2003,Clearing,,N,,Clearing,3.6992691361208707,0.0
LEWI_1985_2011_Report_UTM,lpa01_10mi_buffer,2004,Clearing,,N,,Clearing,2.3772615625110616,0.0
LEWI_1985_2011_Report_UTM,lpa01_10mi_buffer,2003,Clearing,,N,,Clearing,1.754540938029921,0.0
LEWI_1985_2011_Report_UTM,lpa01_10mi_buffer,1985,Clearing,,N,,Clearing,1.4388014955245534,0.0
LEWI_1985_2011_Report_UTM,lpa01_10mi_buffer,2009,Windthrow Salvage,,N,,Windthrow Salvage,8.321504963104534,0.0
LEWI_1985_2011_Report_UTM,lpa01_10mi_buffer,2009,Coastal,,N,,Coastal,8.625727249839349,0.0
LEWI_1985_2011_Report_UTM,lpa01_10mi_buffer,2002,Clearing,,N,,Clearing,0.0331441215006559,0.0
LEWI_1985_2011_Report_UTM,lpa01_10mi_buffer,2009,Windthrow Salvage,,N,,Windthrow Salvage,2.628143687900061,0.0
LEWI_1985_2011_Report_UTM,lpa01_10mi_buffer,2007,Clearing,,N,,Clearing,0.3702702655144071,0.0
LEWI_1985_2011_Report_UTM,lpa01_10mi_buffer,2010,Clearing,,N,,Clearing,1.9668762331299907,0.0
LEWI_1985_2011_Report_UTM,lpa01_10mi_buffer,2006,Clearing,,N,,Clearing,2.4916038211028506,0.0
LEWI_1985_2011_Report_UTM,lpa01_10mi_buffer,1992,Clearing,,N,,Clearing,0.3119646728403897,0.0
LEWI_1985_2011_Report_UTM,lpa01_10mi_buffer,2010,Clearing,,N,,Clearing,2.4723372712381844,0.0
LEWI_1985_2011_Report_UTM,lpa01_10mi_buffer,1987,Clearing,,N,,Clearing,0.1733021758217967,0.0
LEWI_1985_2011_Report_UTM,lpa01_10mi_buffer,2009,Tree Toppling,,N,,Tree Toppling,0.8977650870761984,0.0
LEWI_1985_2011_Report_UTM,lpa01_10mi_buffer,2009,Windthrow Salvage,,N,,Windthrow Salvage,3.155684356261761,0.0
LEWI_1985_2011_Report_UTM,lpa01_10mi_buffer,2009,Windthrow Salvage,,N,,Windthrow Salvage,1.470564788209928,0.0
LEWI_1985_2011_Report_UTM,lpa01_10mi_buffer,2009,Windthrow Salvage,,N,,Windthrow Salvage,0.02068073140252307,0.0
LEWI_1985_2011_Report_UTM,lpa01_10mi_buffer,2007,Clearing,,N,,Clearing,4.329985426489824,0.0
LEWI_1985_2011_Report_UTM,lpa01_10mi_buffer,2010,Clearing,,N,,Clearing,3.8832396342441826,0.0
LEWI_1985_2011_Report_UTM,lpa01_10mi_buffer,2006,Clearing,,N,,Clearing,0.8180372838052727,0.0
LEWI_1985_2011_Report_UTM,lpa01_10mi_buffer,2007,Clearing,,N,,Clearing,0.748264699931516,0.0
LEWI_1985_2011_Report_UTM,lpa01_10mi_buffer,2010,Windthrow Salvage,,N,,Windthrow Salvage,3.7457359287704084,0.0
LEWI_1985_2011_Report_UTM,lpa01_10mi_buffer,2006,Clearing,,N,,Clearing,0.48097654920536165,0.0
LEWI_1985_2011_Report_UTM,lpa01_10mi_buffer,2006,Clearing,,N,,Clearing,0.6915272404401785,0.0
LEWI_1985_2011_Report_UTM,lpa01_10mi_buffer,2010,Clearing,,N,,Clearing,2.6273343644326976,0.0
LEWI_1985_2011_Report_UTM,lpa01_10mi_buffer,2010,Clearing,,N,,Clearing,1.4273181889136994,0.0
LEWI_1985_2011_Report_UTM,lpa01_10mi_buffer,2010,Clearing,,N,,Clearing,5.547951653569336,0.0
LEWI_1985_2011_Report_UTM,lpa01_10mi_buffer,2004,Clearing,,N,,Clearing,1.3214784158762563,0.0
LEWI_1985_2011_Report_UTM,lpa01_10mi_buffer,1997,Clearing,,N,,Clearing,7.017280012012882,0.0
LEWI_1985_2011_Report_UTM,lpa01_10mi_buffer,2006,Clearing,,N,,Clearing,0.18455565003933827,0.0
LEWI_1985_2011_Report_UTM,lpa01_10mi_buffer,2006,Clearing,,N,,Clearing,0.6413959895712077,0.0
LEWI_1985_2011_Report_UTM,lpa01_10mi_buffer,2006,Clearing,,N,,Clearing,5.32342880908743,0.0
LEWI_1985_2011_Report_UTM,lpa01_10mi_buffer,2004,Clearing,,N,,Clearing,4.398073342584927,0.0
LEWI_1985_2011_Report_UTM,lpa01_10mi_buffer,2004,Clearing,,N,,Clearing,0.0024011191413852687,0.0
LEWI_1985_2011_Report_UTM,lpa01_10mi_buffer,1987,Clearing,,N,,Clearing,2.396479797236351,0.0
LEWI_1985_2011_Report_UTM,lpa01_10mi_buffer,1987,Clearing,,N,,Clearing,1.1739491001234506,0.0
LEWI_1985_2011_Report_UTM,lpa01_10mi_buffer,2008,Clearing,,N,,Clearing,3.0391603707879353,0.0
LEWI_1985_2011_Report_UTM,lpa01_10mi_buffer,1987,Clearing,,N,,Clearing,3.773524352255701,0.0
LEWI_1985_2011_Report_UTM,lpa01_10mi_buffer,2008,Clearing,,N,,Clearing,4.911774661711591,0.0
LEWI_1985_2011_Report_UTM,lpa01_10mi_buffer,2008,Coastal,,N,,Coastal,9.179973978411656,0.0
LEWI_1985_2011_Report_UTM,lpa01_10mi_buffer,2008,Windthrow Salvage,,N,,Windthrow Salvage,4.40862674791488,0.0
LEWI_1985_2011_Report_UTM,lpa01_10mi_buffer,2008,Windthrow Salvage,,N,,Windthrow Salvage,6.130509483877067,0.0
LEWI_1985_2011_Report_UTM,lpa01_10mi_buffer,2008,Tree Toppling,,N,,Tree Toppling,2.1476617345404483,0.0
LEWI_1985_2011_Report_UTM,lpa01_10mi_buffer,2008,Tree Toppling,,N,,Tree Toppling,1.9013028574118163,0.0
LEWI_1985_2011_Report_UTM,lpa01_10mi_buffer,2008,Tree Toppling,,N,,Tree Toppling,0.5873110971259782,0.0
LEWI_1985_2011_Report_UTM,lpa01_10mi_buffer,2008,Windthrow Salvage,,N,,Windthrow Salvage,0.13488714077450736,0.0
LEWI_1985_2011_Report_UTM,lpa01_10mi_buffer,2008,Windthrow Salvage,,N,,Windthrow Salvage,2.2774975200490553,0.0
LEWI_1985_2011_Report_UTM,lpa01_10mi_buffer,2008,Windthrow Salvage,,N,,Windthrow Salvage,0.0106934695518923,0.0
LEWI_1985_2011_Report_UTM,lpa01_10mi_buffer,2008,Windthrow Salvage,,N,,Windthrow Salvage,0.1333889336875679,0.0
LEWI_1985_2011_Report_UTM,lpa01_10mi_buffer,2008,Clearing,,N,,Clearing,1.5938859323146406,0.0
LEWI_1985_2011_Report_UTM,lpa01_10mi_buffer,2008,Tree Toppling,,N,,Tree Toppling,0.06942985072024148,0.0
LEWI_1985_2011_Report_UTM,lpa01_10mi_buffer,2008,Windthrow Salvage,,N,,Windthrow Salvage,0.5928689015039246,0.0
LEWI_1985_2011_Report_UTM,lpa01_10mi_buffer,2008,Clearing,,N,,Clearing,1.9506602973212157,0.0
LEWI_1985_2011_Report_UTM,lpa01_10mi_buffer,2008,Clearing,,N,,Clearing,0.6210495585905904,0.0
LEWI_1985_2011_Report_UTM,lpa01_10mi_buffer,2008,Windthrow Salvage,,N,,Windthrow Salvage,0.15298512974553422,0.0
LEWI_1985_2011_Report_UTM,lpa01_10mi_buffer,2008,Tree Toppling,,N,,Tree Toppling,0.1316758499352429,0.0
LEWI_1985_2011_Report_UTM,lpa01_10mi_buffer,2008,Tree Toppling,,N,,Tree Toppling,2.939671617282283,0.0
LEWI_1985_2011_Report_UTM,lpa01_10mi_buffer,2008,Tree Toppling,,N,,Tree Toppling,1.119155287831793,0.0
LEWI_1985_2011_Report_UTM,lpa01_10mi_buffer,2008,Clearing,,N,,Clearing,3.693078173628182,0.0
LEWI_1985_2011_Report_UTM,lpa01_10mi_buffer,2008,Windthrow Salvage,,N,,Windthrow Salvage,0.9058892280022808,0.0
